ISO-10303-21;
HEADER;
/* Generated by software containing ST-Developer
 * from STEP Tools, Inc. (www.steptools.com) 
 */
/* OPTION: using custom schema-name function */

FILE_DESCRIPTION(
/* description */ (''),
/* implementation_level */ '2;1');

FILE_NAME(
/* name */ '\X2\4E0A76D6\X0\2.stp',
/* time_stamp */ '2026-08-29T14:00:04+08:00',
/* author */ (''),
/* organization */ (''),
/* preprocessor_version */ 'ST-DEVELOPER v16',
/* originating_system */ 'SIEMENS PLM Software NX 10.0',
/* authorisation */ '');

FILE_SCHEMA (('AP203_CONFIGURATION_CONTROLLED_3D_DESIGN_OF_MECHANICAL_PARTS_AND_ASSEMBLIES_MIM_LF { 1 0 10303 403 2 1 2}'));
ENDSEC;

DATA;
#10=PROPERTY_DEFINITION_REPRESENTATION(#14,#12);
#11=PROPERTY_DEFINITION_REPRESENTATION(#15,#13);
#12=REPRESENTATION('',(#16),#15008);
#13=REPRESENTATION('',(#17),#15008);
#14=PROPERTY_DEFINITION('pmi validation property','',#89);
#15=PROPERTY_DEFINITION('pmi validation property','',#89);
#16=VALUE_REPRESENTATION_ITEM('number of annotations',COUNT_MEASURE(0.));
#17=VALUE_REPRESENTATION_ITEM('number of views',COUNT_MEASURE(0.));
#18=SHAPE_REPRESENTATION_RELATIONSHIP('None',
'relationship between EDYC7CC0771d3x3-None and EDYC7CC0771d3x3-None',#100,
#19);
#19=ADVANCED_BREP_SHAPE_REPRESENTATION('EDYC7CC0771d3x3-None',(#101),#15008);
#20=CC_DESIGN_APPROVAL(#32,(#90));
#21=CC_DESIGN_APPROVAL(#33,(#92));
#22=CC_DESIGN_APPROVAL(#34,(#39));
#23=APPROVAL_PERSON_ORGANIZATION(#77,#32,#26);
#24=APPROVAL_PERSON_ORGANIZATION(#78,#33,#27);
#25=APPROVAL_PERSON_ORGANIZATION(#79,#34,#28);
#26=APPROVAL_ROLE('approver');
#27=APPROVAL_ROLE('approver');
#28=APPROVAL_ROLE('approver');
#29=APPROVAL_DATE_TIME(#47,#32);
#30=APPROVAL_DATE_TIME(#48,#33);
#31=APPROVAL_DATE_TIME(#49,#34);
#32=APPROVAL(#35,' ');
#33=APPROVAL(#36,' ');
#34=APPROVAL(#37,' ');
#35=APPROVAL_STATUS('not_yet_approved');
#36=APPROVAL_STATUS('not_yet_approved');
#37=APPROVAL_STATUS('not_yet_approved');
#38=CC_DESIGN_SECURITY_CLASSIFICATION(#39,(#92));
#39=SECURITY_CLASSIFICATION(' ',' ',#40);
#40=SECURITY_CLASSIFICATION_LEVEL('confidential');
#41=CC_DESIGN_DATE_AND_TIME_ASSIGNMENT(#45,#43,(#90));
#42=CC_DESIGN_DATE_AND_TIME_ASSIGNMENT(#46,#44,(#39));
#43=DATE_TIME_ROLE('creation_date');
#44=DATE_TIME_ROLE('classification_date');
#45=DATE_AND_TIME(#60,#50);
#46=DATE_AND_TIME(#61,#51);
#47=DATE_AND_TIME(#62,#52);
#48=DATE_AND_TIME(#63,#53);
#49=DATE_AND_TIME(#64,#54);
#50=LOCAL_TIME(0,0,0.,#55);
#51=LOCAL_TIME(0,0,0.,#56);
#52=LOCAL_TIME(0,0,0.,#57);
#53=LOCAL_TIME(0,0,0.,#58);
#54=LOCAL_TIME(0,0,0.,#59);
#55=COORDINATED_UNIVERSAL_TIME_OFFSET(0,0,.BEHIND.);
#56=COORDINATED_UNIVERSAL_TIME_OFFSET(0,0,.BEHIND.);
#57=COORDINATED_UNIVERSAL_TIME_OFFSET(0,0,.BEHIND.);
#58=COORDINATED_UNIVERSAL_TIME_OFFSET(0,0,.BEHIND.);
#59=COORDINATED_UNIVERSAL_TIME_OFFSET(0,0,.BEHIND.);
#60=CALENDAR_DATE(0,1,1);
#61=CALENDAR_DATE(0,1,1);
#62=CALENDAR_DATE(0,1,1);
#63=CALENDAR_DATE(0,1,1);
#64=CALENDAR_DATE(0,1,1);
#65=CC_DESIGN_PERSON_AND_ORGANIZATION_ASSIGNMENT(#73,#69,(#90,#92));
#66=CC_DESIGN_PERSON_AND_ORGANIZATION_ASSIGNMENT(#74,#70,(#94));
#67=CC_DESIGN_PERSON_AND_ORGANIZATION_ASSIGNMENT(#75,#71,(#92));
#68=CC_DESIGN_PERSON_AND_ORGANIZATION_ASSIGNMENT(#76,#72,(#39));
#69=PERSON_AND_ORGANIZATION_ROLE('creator');
#70=PERSON_AND_ORGANIZATION_ROLE('design_owner');
#71=PERSON_AND_ORGANIZATION_ROLE('design_supplier');
#72=PERSON_AND_ORGANIZATION_ROLE('classification_officer');
#73=PERSON_AND_ORGANIZATION(#87,#80);
#74=PERSON_AND_ORGANIZATION(#87,#81);
#75=PERSON_AND_ORGANIZATION(#87,#82);
#76=PERSON_AND_ORGANIZATION(#87,#83);
#77=PERSON_AND_ORGANIZATION(#87,#84);
#78=PERSON_AND_ORGANIZATION(#87,#85);
#79=PERSON_AND_ORGANIZATION(#87,#86);
#80=ORGANIZATION(' ',' ',' ');
#81=ORGANIZATION(' ',' ',' ');
#82=ORGANIZATION(' ',' ',' ');
#83=ORGANIZATION(' ',' ',' ');
#84=ORGANIZATION(' ',' ',' ');
#85=ORGANIZATION(' ',' ',' ');
#86=ORGANIZATION(' ',' ',' ');
#87=PERSON(' ',' ',' ',(' '),$,$);
#88=SHAPE_DEFINITION_REPRESENTATION(#89,#100);
#89=PRODUCT_DEFINITION_SHAPE('','',#90);
#90=PRODUCT_DEFINITION(' ','',#92,#91);
#91=DESIGN_CONTEXT('',#99,'design');
#92=PRODUCT_DEFINITION_FORMATION_WITH_SPECIFIED_SOURCE(' ',' ',#94,
 .NOT_KNOWN.);
#93=PRODUCT_RELATED_PRODUCT_CATEGORY('detail','',(#94));
#94=PRODUCT('EDYC7CC0771d3x3','EDYC7CC0771d3x3',' ',(#97));
#95=PRODUCT_CATEGORY('part',' ');
#96=PRODUCT_CATEGORY(' ','');
#97=MECHANICAL_CONTEXT(' ',#99,'mechanical');
#98=APPLICATION_PROTOCOL_DEFINITION('international standard',
'config_control_design',2010,#99);
#99=APPLICATION_CONTEXT(
'configuration controlled 3D designs of mechanical parts and assemblie
s');
#100=SHAPE_REPRESENTATION('EDYC7CC0771d3x3-None',(#8441),#15008);
#101=BREP_WITH_VOIDS('BREP_6',#103,(#102));
#102=ORIENTED_CLOSED_SHELL('',*,#104,.F.);
#103=CLOSED_SHELL('',(#705,#706,#707,#708,#709,#710,#711,#712,#713,#714,
#715,#716,#717,#718,#719,#720,#721,#722,#723,#724,#725,#726,#727,#728,#729,
#730,#731,#732,#733,#734,#735,#736,#737,#738,#739,#740,#741,#742,#743,#744,
#745,#746,#747,#748,#749,#750,#751,#752,#753,#754,#755,#756,#757,#758,#759,
#760,#761,#762,#763,#764,#765,#766,#767,#768,#769,#770,#771,#772,#773,#774,
#775,#776,#777,#778,#779,#780,#781,#782,#783,#784,#785,#786,#787,#788,#789,
#790,#791,#792,#793,#794,#795,#796,#797,#798,#799,#800,#801,#802,#803,#804,
#805,#806,#807,#808,#809,#810,#811,#812,#813,#814,#815,#816,#817,#818,#819,
#820,#821,#822,#823,#824,#825,#826,#827,#828,#829,#830,#831,#832,#833,#834,
#835,#836,#837,#838,#839,#840,#841,#842,#843,#844,#845,#846,#847,#848,#849,
#850,#851,#852,#853,#854,#855,#856,#857,#858,#859,#860,#861,#862,#863,#864,
#865,#866,#867,#868,#869,#870,#871,#872,#873,#874,#875,#876,#877,#878,#879,
#880,#881,#882,#883,#884,#885,#886,#887,#888,#889,#890,#891,#892,#893,#894,
#895,#896,#897,#898,#899,#900,#901,#902,#903,#904,#905,#906,#907,#908,#909,
#910,#911,#912,#913,#914,#915,#916,#917,#918,#919,#920,#921,#922,#923,#924,
#925,#926,#927,#928,#929,#930,#931,#932,#933,#934,#935,#936,#937,#938,#939,
#940,#941,#942,#943,#944,#945,#946,#947,#948,#949,#950,#951,#952,#953,#954,
#955,#956,#957,#958,#959,#960,#961,#962,#963,#964,#965,#966,#967,#968,#969,
#970,#971,#972,#973,#974,#975,#976,#977,#978,#979,#980,#981,#982,#983,#984,
#985,#986,#987,#988,#989,#990,#991,#992,#993,#994,#995,#996,#997,#998,#999,
#1000,#1001,#1002,#1003,#1004,#1005,#1006,#1007,#1008,#1009,#1010,#1011,
#1012,#1013,#1014,#1015,#1016,#1017,#1018,#1019,#1020,#1021,#1022,#1023,
#1024,#1025,#1026,#1027,#1028,#1029,#1030,#1031,#1032,#1033,#1034,#1035,
#1036,#1037,#1038,#1039,#1040,#1041,#1042,#1043,#1044,#1045,#1046,#1047,
#1048,#1049,#1050,#1051,#1052,#1053,#1054,#1055,#1056,#1057,#1058,#1059,
#1060,#1061,#1062,#1063,#1064,#1065,#1066,#1067,#1068,#1069,#1070,#1071,
#1072,#1073,#1074,#1075,#1076,#1077,#1078,#1079,#1080,#1081,#1082,#1083,
#1084,#1085,#1086,#1087,#1088,#1089,#1090,#1091,#1092,#1093,#1094,#1095,
#1096,#1097,#1098,#1099,#1100,#1101,#1102,#1103,#1104,#1105,#1106,#1107,
#1108,#1109,#1110,#1111,#1112,#1113,#1114,#1115,#1116,#1117,#1118,#1119,
#1120,#1121,#1122,#1123,#1124,#1125,#1126,#1127,#1128,#1129,#1130,#1131,
#1132,#1133,#1134,#1135,#1136,#1137,#1138,#1139));
#104=CLOSED_SHELL('',(#1140,#1141,#1142,#1143,#1144,#1145,#1146,#1147,#1148,
#1149,#1150));
#105=SURFACE_OF_LINEAR_EXTRUSION('',#272,#8379);
#106=SURFACE_OF_LINEAR_EXTRUSION('',#274,#8380);
#107=B_SPLINE_SURFACE_WITH_KNOTS('',3,3,((#12796,#12797,#12798,#12799,#12800,
#12801,#12802,#12803,#12804,#12805),(#12806,#12807,#12808,#12809,#12810,
#12811,#12812,#12813,#12814,#12815),(#12816,#12817,#12818,#12819,#12820,
#12821,#12822,#12823,#12824,#12825),(#12826,#12827,#12828,#12829,#12830,
#12831,#12832,#12833,#12834,#12835),(#12836,#12837,#12838,#12839,#12840,
#12841,#12842,#12843,#12844,#12845),(#12846,#12847,#12848,#12849,#12850,
#12851,#12852,#12853,#12854,#12855),(#12856,#12857,#12858,#12859,#12860,
#12861,#12862,#12863,#12864,#12865),(#12866,#12867,#12868,#12869,#12870,
#12871,#12872,#12873,#12874,#12875),(#12876,#12877,#12878,#12879,#12880,
#12881,#12882,#12883,#12884,#12885),(#12886,#12887,#12888,#12889,#12890,
#12891,#12892,#12893,#12894,#12895),(#12896,#12897,#12898,#12899,#12900,
#12901,#12902,#12903,#12904,#12905),(#12906,#12907,#12908,#12909,#12910,
#12911,#12912,#12913,#12914,#12915),(#12916,#12917,#12918,#12919,#12920,
#12921,#12922,#12923,#12924,#12925),(#12926,#12927,#12928,#12929,#12930,
#12931,#12932,#12933,#12934,#12935),(#12936,#12937,#12938,#12939,#12940,
#12941,#12942,#12943,#12944,#12945)),.UNSPECIFIED.,.F.,.F.,.F.,(4,3,2,2,
2,2,4),(4,3,3,4),(0.,0.0809140086119283,0.195740685872996,0.310622890335909,
0.540424723477382,0.770160270604011,1.),(0.,0.00980392156862745,0.990196078431373,
1.),.UNSPECIFIED.);
#108=B_SPLINE_SURFACE_WITH_KNOTS('',1,3,((#12956,#12957,#12958,#12959),
(#12960,#12961,#12962,#12963)),.UNSPECIFIED.,.F.,.F.,.F.,(2,2),(4,4),(0.,
1.),(0.,1.),.UNSPECIFIED.);
#109=B_SPLINE_SURFACE_WITH_KNOTS('',1,3,((#12974,#12975,#12976,#12977),
(#12978,#12979,#12980,#12981)),.UNSPECIFIED.,.F.,.F.,.F.,(2,2),(4,4),(0.,
1.),(0.,1.),.UNSPECIFIED.);
#110=B_SPLINE_SURFACE_WITH_KNOTS('',3,3,((#13006,#13007,#13008,#13009),
(#13010,#13011,#13012,#13013),(#13014,#13015,#13016,#13017),(#13018,#13019,
#13020,#13021)),.UNSPECIFIED.,.F.,.F.,.F.,(4,4),(4,4),(0.,1.),(0.,1.),
 .UNSPECIFIED.);
#111=B_SPLINE_SURFACE_WITH_KNOTS('',3,3,((#13052,#13053,#13054,#13055),
(#13056,#13057,#13058,#13059),(#13060,#13061,#13062,#13063),(#13064,#13065,
#13066,#13067)),.UNSPECIFIED.,.F.,.F.,.F.,(4,4),(4,4),(0.,1.),(0.,1.),
 .UNSPECIFIED.);
#112=B_SPLINE_SURFACE_WITH_KNOTS('',3,3,((#13192,#13193,#13194,#13195),
(#13196,#13197,#13198,#13199),(#13200,#13201,#13202,#13203),(#13204,#13205,
#13206,#13207)),.UNSPECIFIED.,.F.,.F.,.F.,(4,4),(4,4),(0.,1.),(0.,1.),
 .UNSPECIFIED.);
#113=B_SPLINE_SURFACE_WITH_KNOTS('',3,3,((#13242,#13243,#13244,#13245),
(#13246,#13247,#13248,#13249),(#13250,#13251,#13252,#13253),(#13254,#13255,
#13256,#13257)),.UNSPECIFIED.,.F.,.F.,.F.,(4,4),(4,4),(0.,1.),(0.,1.),
 .UNSPECIFIED.);
#114=B_SPLINE_SURFACE_WITH_KNOTS('',5,5,((#13283,#13284,#13285,#13286,#13287,
#13288),(#13289,#13290,#13291,#13292,#13293,#13294),(#13295,#13296,#13297,
#13298,#13299,#13300),(#13301,#13302,#13303,#13304,#13305,#13306),(#13307,
#13308,#13309,#13310,#13311,#13312),(#13313,#13314,#13315,#13316,#13317,
#13318)),.UNSPECIFIED.,.F.,.F.,.F.,(6,6),(6,6),(0.,1.),(0.,1.),
 .UNSPECIFIED.);
#115=B_SPLINE_SURFACE_WITH_KNOTS('',5,5,((#13329,#13330,#13331,#13332,#13333,
#13334,#13335,#13336,#13337,#13338,#13339,#13340),(#13341,#13342,#13343,
#13344,#13345,#13346,#13347,#13348,#13349,#13350,#13351,#13352),(#13353,
#13354,#13355,#13356,#13357,#13358,#13359,#13360,#13361,#13362,#13363,#13364),
(#13365,#13366,#13367,#13368,#13369,#13370,#13371,#13372,#13373,#13374,
#13375,#13376),(#13377,#13378,#13379,#13380,#13381,#13382,#13383,#13384,
#13385,#13386,#13387,#13388),(#13389,#13390,#13391,#13392,#13393,#13394,
#13395,#13396,#13397,#13398,#13399,#13400),(#13401,#13402,#13403,#13404,
#13405,#13406,#13407,#13408,#13409,#13410,#13411,#13412),(#13413,#13414,
#13415,#13416,#13417,#13418,#13419,#13420,#13421,#13422,#13423,#13424),
(#13425,#13426,#13427,#13428,#13429,#13430,#13431,#13432,#13433,#13434,
#13435,#13436),(#13437,#13438,#13439,#13440,#13441,#13442,#13443,#13444,
#13445,#13446,#13447,#13448),(#13449,#13450,#13451,#13452,#13453,#13454,
#13455,#13456,#13457,#13458,#13459,#13460)),.UNSPECIFIED.,.F.,.F.,.F.,(6,
5,6),(6,3,3,6),(0.,0.0197039505930791,1.),(0.,0.119368431027222,0.881012391543119,
1.),.UNSPECIFIED.);
#116=B_SPLINE_SURFACE_WITH_KNOTS('',3,3,((#13549,#13550,#13551,#13552),
(#13553,#13554,#13555,#13556),(#13557,#13558,#13559,#13560),(#13561,#13562,
#13563,#13564)),.UNSPECIFIED.,.F.,.F.,.F.,(4,4),(4,4),(0.,1.),(0.,1.),
 .UNSPECIFIED.);
#117=B_SPLINE_SURFACE_WITH_KNOTS('',3,3,((#13583,#13584,#13585,#13586,#13587,
#13588,#13589),(#13590,#13591,#13592,#13593,#13594,#13595,#13596),(#13597,
#13598,#13599,#13600,#13601,#13602,#13603),(#13604,#13605,#13606,#13607,
#13608,#13609,#13610),(#13611,#13612,#13613,#13614,#13615,#13616,#13617),
(#13618,#13619,#13620,#13621,#13622,#13623,#13624),(#13625,#13626,#13627,
#13628,#13629,#13630,#13631),(#13632,#13633,#13634,#13635,#13636,#13637,
#13638),(#13639,#13640,#13641,#13642,#13643,#13644,#13645),(#13646,#13647,
#13648,#13649,#13650,#13651,#13652)),.UNSPECIFIED.,.F.,.F.,.F.,(4,3,3,4),
(4,3,4),(0.,0.5,0.75,1.),(0.,0.5,1.),.UNSPECIFIED.);
#118=B_SPLINE_SURFACE_WITH_KNOTS('',5,5,((#14252,#14253,#14254,#14255,#14256,
#14257,#14258,#14259,#14260,#14261,#14262),(#14263,#14264,#14265,#14266,
#14267,#14268,#14269,#14270,#14271,#14272,#14273),(#14274,#14275,#14276,
#14277,#14278,#14279,#14280,#14281,#14282,#14283,#14284),(#14285,#14286,
#14287,#14288,#14289,#14290,#14291,#14292,#14293,#14294,#14295),(#14296,
#14297,#14298,#14299,#14300,#14301,#14302,#14303,#14304,#14305,#14306),
(#14307,#14308,#14309,#14310,#14311,#14312,#14313,#14314,#14315,#14316,
#14317),(#14318,#14319,#14320,#14321,#14322,#14323,#14324,#14325,#14326,
#14327,#14328),(#14329,#14330,#14331,#14332,#14333,#14334,#14335,#14336,
#14337,#14338,#14339),(#14340,#14341,#14342,#14343,#14344,#14345,#14346,
#14347,#14348,#14349,#14350),(#14351,#14352,#14353,#14354,#14355,#14356,
#14357,#14358,#14359,#14360,#14361),(#14362,#14363,#14364,#14365,#14366,
#14367,#14368,#14369,#14370,#14371,#14372)),.UNSPECIFIED.,.F.,.F.,.F.,(6,
5,6),(6,5,6),(0.,0.0099009900990099,1.),(0.,0.99009900990099,1.),
 .UNSPECIFIED.);
#119=B_SPLINE_SURFACE_WITH_KNOTS('',1,3,((#14375,#14376,#14377,#14378,#14379,
#14380,#14381,#14382,#14383,#14384,#14385,#14386),(#14387,#14388,#14389,
#14390,#14391,#14392,#14393,#14394,#14395,#14396,#14397,#14398)),
 .UNSPECIFIED.,.F.,.F.,.F.,(2,2),(4,2,2,2,2,4),(0.,1.),(0.,0.25,0.5,0.625,
0.75,1.),.UNSPECIFIED.);
#120=B_SPLINE_SURFACE_WITH_KNOTS('',1,3,((#14413,#14414,#14415,#14416,#14417,
#14418,#14419,#14420,#14421,#14422,#14423,#14424),(#14425,#14426,#14427,
#14428,#14429,#14430,#14431,#14432,#14433,#14434,#14435,#14436)),
 .UNSPECIFIED.,.F.,.F.,.F.,(2,2),(4,2,2,2,2,4),(0.,1.),(0.,0.25,0.5,0.624999999999999,
0.749999999999999,1.),.UNSPECIFIED.);
#121=B_SPLINE_SURFACE_WITH_KNOTS('',1,1,((#14525,#14526),(#14527,#14528)),
 .UNSPECIFIED.,.F.,.F.,.F.,(2,2),(2,2),(0.,1.),(0.,1.),.UNSPECIFIED.);
#122=B_SPLINE_SURFACE_WITH_KNOTS('',3,3,((#14632,#14633,#14634,#14635),
(#14636,#14637,#14638,#14639),(#14640,#14641,#14642,#14643),(#14644,#14645,
#14646,#14647),(#14648,#14649,#14650,#14651)),.UNSPECIFIED.,.F.,.F.,.F.,
(4,1,4),(4,4),(0.,0.989609104403761,1.),(0.,1.),.UNSPECIFIED.);
#123=B_SPLINE_SURFACE_WITH_KNOTS('',3,3,((#14653,#14654,#14655,#14656),
(#14657,#14658,#14659,#14660),(#14661,#14662,#14663,#14664),(#14665,#14666,
#14667,#14668),(#14669,#14670,#14671,#14672)),.UNSPECIFIED.,.F.,.F.,.F.,
(4,1,4),(4,4),(0.,0.989609104403761,1.),(0.,1.),.UNSPECIFIED.);
#124=B_SPLINE_SURFACE_WITH_KNOTS('',3,3,((#14785,#14786,#14787,#14788),
(#14789,#14790,#14791,#14792),(#14793,#14794,#14795,#14796),(#14797,#14798,
#14799,#14800)),.UNSPECIFIED.,.F.,.F.,.F.,(4,4),(4,4),(0.,1.),(0.,1.),
 .UNSPECIFIED.);
#125=CONICAL_SURFACE('',#8639,0.949948598746334,1.5);
#126=CONICAL_SURFACE('',#8723,0.8137397738641,2.99999999999944);
#127=CONICAL_SURFACE('',#8740,0.8137397738641,2.99999999999944);
#128=CONICAL_SURFACE('',#8742,0.8137397738641,2.99999999999944);
#129=CONICAL_SURFACE('',#8745,0.8137397738641,2.99999999999944);
#130=CONICAL_SURFACE('',#8913,0.949948598746334,1.5);
#131=CONICAL_SURFACE('',#8917,0.949948598746334,1.5);
#132=CONICAL_SURFACE('',#8987,1.3,1.);
#133=CONICAL_SURFACE('',#8991,1.3,1.);
#134=CONICAL_SURFACE('',#8996,1.3,1.);
#135=CONICAL_SURFACE('',#8999,1.3,1.);
#136=CONICAL_SURFACE('',#9003,1.3,1.);
#137=CONICAL_SURFACE('',#9027,3.05,45.);
#138=CONICAL_SURFACE('',#9028,3.05,45.);
#139=CONICAL_SURFACE('',#9029,3.05,45.);
#140=CONICAL_SURFACE('',#9030,3.05,44.9999999999998);
#141=CONICAL_SURFACE('',#9031,3.05,44.9999999999998);
#142=CONICAL_SURFACE('',#9058,7.2,45.0000000000001);
#143=CYLINDRICAL_SURFACE('',#8460,6.45);
#144=CYLINDRICAL_SURFACE('',#8470,6.45);
#145=CYLINDRICAL_SURFACE('',#8518,2.5);
#146=CYLINDRICAL_SURFACE('',#8542,3.5);
#147=CYLINDRICAL_SURFACE('',#8550,3.5);
#148=CYLINDRICAL_SURFACE('',#8551,3.5);
#149=CYLINDRICAL_SURFACE('',#8562,2.5);
#150=CYLINDRICAL_SURFACE('',#8599,3.);
#151=CYLINDRICAL_SURFACE('',#8602,3.);
#152=CYLINDRICAL_SURFACE('',#8619,18.8000083325526);
#153=CYLINDRICAL_SURFACE('',#8634,3.5);
#154=CYLINDRICAL_SURFACE('',#8646,3.5);
#155=CYLINDRICAL_SURFACE('',#8668,7.2);
#156=CYLINDRICAL_SURFACE('',#8711,3.5);
#157=CYLINDRICAL_SURFACE('',#8753,0.999999999999999);
#158=CYLINDRICAL_SURFACE('',#8754,1.);
#159=CYLINDRICAL_SURFACE('',#8766,0.999999999999999);
#160=CYLINDRICAL_SURFACE('',#8768,1.);
#161=CYLINDRICAL_SURFACE('',#8771,0.999999999999999);
#162=CYLINDRICAL_SURFACE('',#8772,1.);
#163=CYLINDRICAL_SURFACE('',#8782,0.999999999999999);
#164=CYLINDRICAL_SURFACE('',#8783,1.);
#165=CYLINDRICAL_SURFACE('',#8790,1.);
#166=CYLINDRICAL_SURFACE('',#8794,1.);
#167=CYLINDRICAL_SURFACE('',#8798,1.);
#168=CYLINDRICAL_SURFACE('',#8802,1.);
#169=CYLINDRICAL_SURFACE('',#8806,0.5);
#170=CYLINDRICAL_SURFACE('',#8809,3.);
#171=CYLINDRICAL_SURFACE('',#8812,3.);
#172=CYLINDRICAL_SURFACE('',#8815,0.5);
#173=CYLINDRICAL_SURFACE('',#8828,0.999999999999999);
#174=CYLINDRICAL_SURFACE('',#8830,1.);
#175=CYLINDRICAL_SURFACE('',#8832,3.5);
#176=CYLINDRICAL_SURFACE('',#8833,3.5);
#177=CYLINDRICAL_SURFACE('',#8834,3.5);
#178=CYLINDRICAL_SURFACE('',#8835,3.5);
#179=CYLINDRICAL_SURFACE('',#8842,3.);
#180=CYLINDRICAL_SURFACE('',#8849,3.);
#181=CYLINDRICAL_SURFACE('',#8851,3.);
#182=CYLINDRICAL_SURFACE('',#8853,3.);
#183=CYLINDRICAL_SURFACE('',#8855,18.8000029536095);
#184=CYLINDRICAL_SURFACE('',#8872,4.6);
#185=CYLINDRICAL_SURFACE('',#8875,4.6);
#186=CYLINDRICAL_SURFACE('',#8878,3.05);
#187=CYLINDRICAL_SURFACE('',#8887,3.05);
#188=CYLINDRICAL_SURFACE('',#8892,3.05);
#189=CYLINDRICAL_SURFACE('',#8897,3.05);
#190=CYLINDRICAL_SURFACE('',#8902,3.05);
#191=CYLINDRICAL_SURFACE('',#8910,0.95);
#192=CYLINDRICAL_SURFACE('',#8914,0.95);
#193=CYLINDRICAL_SURFACE('',#8918,0.95);
#194=CYLINDRICAL_SURFACE('',#8924,0.95);
#195=CYLINDRICAL_SURFACE('',#8927,0.95);
#196=CYLINDRICAL_SURFACE('',#8930,0.95);
#197=CYLINDRICAL_SURFACE('',#8933,0.95);
#198=CYLINDRICAL_SURFACE('',#8936,2.1);
#199=CYLINDRICAL_SURFACE('',#8937,2.1);
#200=CYLINDRICAL_SURFACE('',#8938,2.1);
#201=CYLINDRICAL_SURFACE('',#8941,2.1);
#202=CYLINDRICAL_SURFACE('',#8948,0.3);
#203=CYLINDRICAL_SURFACE('',#8988,1.3);
#204=CYLINDRICAL_SURFACE('',#8992,1.3);
#205=CYLINDRICAL_SURFACE('',#8994,1.3);
#206=CYLINDRICAL_SURFACE('',#9000,1.3);
#207=CYLINDRICAL_SURFACE('',#9004,1.3);
#208=CYLINDRICAL_SURFACE('',#9063,16.3000083325526);
#209=CYLINDRICAL_SURFACE('',#9064,16.3000029536095);
#210=CYLINDRICAL_SURFACE('',#9067,2.5);
#211=CYLINDRICAL_SURFACE('',#9078,1.52041128388641);
#212=CYLINDRICAL_SURFACE('',#9089,1.52041128388641);
#213=CYLINDRICAL_SURFACE('',#9091,1.52041128388641);
#214=CYLINDRICAL_SURFACE('',#9093,1.52041128388641);
#215=ELLIPSE('',#8451,13.5580245838874,6.45);
#216=ELLIPSE('',#8452,18.8182191923903,6.45);
#217=ELLIPSE('',#8453,8.64075303060393,6.45);
#218=ELLIPSE('',#8455,8.64075303060393,6.45);
#219=ELLIPSE('',#8456,18.8182191923903,6.45);
#220=ELLIPSE('',#8457,18.2949213248294,6.45);
#221=ELLIPSE('',#8459,18.2949213248294,6.45);
#222=ELLIPSE('',#8462,16.551865307788,6.45);
#223=ELLIPSE('',#8463,18.8182191923903,6.45);
#224=ELLIPSE('',#8464,8.64075303060393,6.45);
#225=ELLIPSE('',#8466,8.64075303060393,6.45);
#226=ELLIPSE('',#8467,18.8182191923903,6.45);
#227=ELLIPSE('',#8468,16.551865307788,6.45);
#228=ELLIPSE('',#8471,6.41115891176069,3.05);
#229=ELLIPSE('',#8472,6.30605794599412,3.);
#230=ELLIPSE('',#8473,6.30605794599412,3.);
#231=ELLIPSE('',#8475,8.65108682802008,3.05);
#232=ELLIPSE('',#8477,7.69854200362234,3.);
#233=ELLIPSE('',#8483,3.02739399726988,3.);
#234=ELLIPSE('',#8485,3.01802724736375,3.);
#235=ELLIPSE('',#8517,5.08315925577965,2.5);
#236=ELLIPSE('',#8521,8.65108682802008,3.05);
#237=ELLIPSE('',#8525,5.08315925577965,2.5);
#238=ELLIPSE('',#8526,6.20145429205118,3.05);
#239=ELLIPSE('',#8561,6.41545166968529,2.5);
#240=ELLIPSE('',#8568,3.30866935915486,2.5);
#241=ELLIPSE('',#8570,3.30866935915486,2.5);
#242=ELLIPSE('',#8575,4.08593747958791,3.05);
#243=ELLIPSE('',#8577,15.3772284780708,3.);
#244=ELLIPSE('',#8578,15.3772284780708,3.);
#245=ELLIPSE('',#8583,14.6770779815048,3.);
#246=ELLIPSE('',#8584,14.6770779815048,3.);
#247=ELLIPSE('',#8586,6.44256527182684,3.05);
#248=ELLIPSE('',#8588,6.54861517625212,3.05);
#249=ELLIPSE('',#8591,6.44126082910045,3.);
#250=ELLIPSE('',#8592,6.54861517625212,3.05);
#251=ELLIPSE('',#8598,6.33694944769853,3.);
#252=ELLIPSE('',#8601,6.33694944769853,3.);
#253=ELLIPSE('',#8631,4.6321371028168,3.5);
#254=ELLIPSE('',#8632,4.6321371028168,3.5);
#255=ELLIPSE('',#8633,4.6321371028168,3.5);
#256=ELLIPSE('',#8643,4.6321371028168,3.5);
#257=ELLIPSE('',#8644,4.6321371028168,3.5);
#258=ELLIPSE('',#8654,7.69854200362234,3.);
#259=ELLIPSE('',#8679,6.33694944769853,3.);
#260=ELLIPSE('',#8680,6.44256527182684,3.05);
#261=ELLIPSE('',#8681,2.38415849670519,2.1);
#262=ELLIPSE('',#8682,2.38415849670519,2.1);
#263=ELLIPSE('',#8684,6.44126082910045,3.);
#264=ELLIPSE('',#8686,3.81653769519766,2.5);
#265=ELLIPSE('',#8755,3.81653769519766,2.5);
#266=ELLIPSE('',#8786,3.81653769519766,2.5);
#267=ELLIPSE('',#8934,2.38415849670519,2.1);
#268=ELLIPSE('',#8935,2.38415849670519,2.1);
#269=ELLIPSE('',#8939,2.38415849670519,2.1);
#270=ELLIPSE('',#8940,2.38415849670519,2.1);
#271=ELLIPSE('',#9035,2.38415849670519,2.1);
#272=ELLIPSE('',#9036,2.38415849670519,2.1);
#273=ELLIPSE('',#9037,2.38415849670519,2.1);
#274=ELLIPSE('',#9038,2.38415849670519,2.1);
#275=ELLIPSE('',#9077,1.53429466473971,1.52041128388641);
#276=ELLIPSE('',#9079,1.52954756065617,1.52041128388641);
#277=ELLIPSE('',#9080,1.52954756065617,1.52041128388641);
#278=ELLIPSE('',#9086,1.53429466473971,1.52041128388641);
#279=FACE_BOUND('',#1858,.T.);
#280=FACE_BOUND('',#1859,.T.);
#281=FACE_BOUND('',#1860,.T.);
#282=FACE_BOUND('',#1861,.T.);
#283=FACE_BOUND('',#1862,.T.);
#284=FACE_BOUND('',#1863,.T.);
#285=FACE_BOUND('',#1864,.T.);
#286=FACE_BOUND('',#1875,.T.);
#287=FACE_BOUND('',#1876,.T.);
#288=FACE_BOUND('',#1880,.T.);
#289=FACE_BOUND('',#1881,.T.);
#290=FACE_BOUND('',#1887,.T.);
#291=FACE_BOUND('',#1888,.T.);
#292=FACE_BOUND('',#1889,.T.);
#293=FACE_BOUND('',#1902,.T.);
#294=FACE_BOUND('',#1903,.T.);
#295=FACE_BOUND('',#1958,.T.);
#296=FACE_BOUND('',#1959,.T.);
#297=FACE_BOUND('',#1962,.T.);
#298=FACE_BOUND('',#1963,.T.);
#299=FACE_BOUND('',#1964,.T.);
#300=FACE_BOUND('',#1976,.T.);
#301=FACE_BOUND('',#1977,.T.);
#302=FACE_BOUND('',#1979,.T.);
#303=FACE_BOUND('',#1980,.T.);
#304=FACE_BOUND('',#1981,.T.);
#305=FACE_BOUND('',#1982,.T.);
#306=FACE_BOUND('',#1991,.T.);
#307=FACE_BOUND('',#1992,.T.);
#308=FACE_BOUND('',#1997,.T.);
#309=FACE_BOUND('',#1998,.T.);
#310=FACE_BOUND('',#1999,.T.);
#311=FACE_BOUND('',#2000,.T.);
#312=FACE_BOUND('',#2001,.T.);
#313=FACE_BOUND('',#2002,.T.);
#314=FACE_BOUND('',#2003,.T.);
#315=FACE_BOUND('',#2004,.T.);
#316=FACE_BOUND('',#2005,.T.);
#317=FACE_BOUND('',#2006,.T.);
#318=FACE_BOUND('',#2007,.T.);
#319=FACE_BOUND('',#2008,.T.);
#320=FACE_BOUND('',#2009,.T.);
#321=FACE_BOUND('',#2010,.T.);
#322=FACE_BOUND('',#2011,.T.);
#323=FACE_BOUND('',#2012,.T.);
#324=FACE_BOUND('',#2015,.T.);
#325=FACE_BOUND('',#2016,.T.);
#326=FACE_BOUND('',#2017,.T.);
#327=FACE_BOUND('',#2045,.T.);
#328=FACE_BOUND('',#2046,.T.);
#329=FACE_BOUND('',#2059,.T.);
#330=FACE_BOUND('',#2060,.T.);
#331=FACE_BOUND('',#2110,.T.);
#332=FACE_BOUND('',#2111,.T.);
#333=FACE_BOUND('',#2112,.T.);
#334=FACE_BOUND('',#2113,.T.);
#335=FACE_BOUND('',#2131,.T.);
#336=FACE_BOUND('',#2132,.T.);
#337=FACE_BOUND('',#2133,.T.);
#338=FACE_BOUND('',#2155,.T.);
#339=FACE_BOUND('',#2156,.T.);
#340=FACE_BOUND('',#2157,.T.);
#341=FACE_BOUND('',#2158,.T.);
#342=FACE_BOUND('',#2159,.T.);
#343=FACE_BOUND('',#2160,.T.);
#344=FACE_BOUND('',#2161,.T.);
#345=FACE_BOUND('',#2162,.T.);
#346=FACE_BOUND('',#2163,.T.);
#347=FACE_BOUND('',#2164,.T.);
#348=FACE_BOUND('',#2165,.T.);
#349=FACE_BOUND('',#2166,.T.);
#350=FACE_BOUND('',#2167,.T.);
#351=FACE_BOUND('',#2168,.T.);
#352=FACE_BOUND('',#2169,.T.);
#353=FACE_BOUND('',#2170,.T.);
#354=FACE_BOUND('',#2171,.T.);
#355=FACE_BOUND('',#2172,.T.);
#356=FACE_BOUND('',#2173,.T.);
#357=FACE_BOUND('',#2174,.T.);
#358=FACE_BOUND('',#2175,.T.);
#359=FACE_BOUND('',#2176,.T.);
#360=FACE_BOUND('',#2177,.T.);
#361=FACE_BOUND('',#2178,.T.);
#362=FACE_BOUND('',#2179,.T.);
#363=FACE_BOUND('',#2180,.T.);
#364=FACE_BOUND('',#2181,.T.);
#365=FACE_BOUND('',#2182,.T.);
#366=FACE_BOUND('',#2191,.T.);
#367=FACE_BOUND('',#2192,.T.);
#368=FACE_BOUND('',#2193,.T.);
#369=FACE_BOUND('',#2194,.T.);
#370=FACE_BOUND('',#2195,.T.);
#371=FACE_BOUND('',#2196,.T.);
#372=FACE_BOUND('',#2197,.T.);
#373=FACE_BOUND('',#2198,.T.);
#374=FACE_BOUND('',#2199,.T.);
#375=FACE_BOUND('',#2200,.T.);
#376=FACE_BOUND('',#2205,.T.);
#377=FACE_BOUND('',#2206,.T.);
#378=FACE_BOUND('',#2208,.T.);
#379=FACE_BOUND('',#2209,.T.);
#380=FACE_BOUND('',#2211,.T.);
#381=FACE_BOUND('',#2212,.T.);
#382=FACE_BOUND('',#2214,.T.);
#383=FACE_BOUND('',#2215,.T.);
#384=FACE_BOUND('',#2216,.T.);
#385=FACE_BOUND('',#2217,.T.);
#386=FACE_BOUND('',#2218,.T.);
#387=FACE_BOUND('',#2219,.T.);
#388=FACE_BOUND('',#2221,.T.);
#389=FACE_BOUND('',#2222,.T.);
#390=FACE_BOUND('',#2268,.T.);
#391=FACE_BOUND('',#2269,.T.);
#392=FACE_BOUND('',#2270,.T.);
#393=FACE_BOUND('',#2271,.T.);
#394=FACE_BOUND('',#2272,.T.);
#395=FACE_BOUND('',#2273,.T.);
#396=FACE_BOUND('',#2274,.T.);
#397=FACE_BOUND('',#2275,.T.);
#398=FACE_BOUND('',#2276,.T.);
#399=FACE_BOUND('',#2277,.T.);
#400=FACE_BOUND('',#2278,.T.);
#401=FACE_BOUND('',#2279,.T.);
#402=FACE_BOUND('',#2280,.T.);
#403=FACE_BOUND('',#2281,.T.);
#404=FACE_BOUND('',#2282,.T.);
#405=FACE_BOUND('',#2283,.T.);
#406=FACE_BOUND('',#2284,.T.);
#407=FACE_BOUND('',#2285,.T.);
#408=FACE_BOUND('',#2286,.T.);
#409=FACE_BOUND('',#2287,.T.);
#410=FACE_BOUND('',#2311,.T.);
#411=FACE_BOUND('',#2312,.T.);
#412=FACE_BOUND('',#2313,.T.);
#413=FACE_BOUND('',#2314,.T.);
#414=FACE_BOUND('',#2315,.T.);
#415=FACE_BOUND('',#2316,.T.);
#416=FACE_BOUND('',#2317,.T.);
#417=FACE_BOUND('',#2318,.T.);
#418=FACE_BOUND('',#2319,.T.);
#419=FACE_BOUND('',#2320,.T.);
#420=FACE_BOUND('',#2326,.T.);
#421=FACE_BOUND('',#2327,.T.);
#422=FACE_BOUND('',#2328,.T.);
#423=FACE_BOUND('',#2347,.T.);
#424=FACE_BOUND('',#2348,.T.);
#425=FACE_BOUND('',#2363,.T.);
#426=FACE_BOUND('',#2364,.T.);
#427=FACE_BOUND('',#2367,.F.);
#428=FACE_BOUND('',#2368,.F.);
#429=FACE_BOUND('',#2369,.F.);
#430=FACE_BOUND('',#2370,.F.);
#431=FACE_BOUND('',#2371,.F.);
#432=FACE_BOUND('',#2376,.F.);
#433=FACE_BOUND('',#2377,.F.);
#434=FACE_BOUND('',#2378,.F.);
#435=FACE_BOUND('',#2379,.F.);
#436=FACE_BOUND('',#2380,.F.);
#437=FACE_BOUND('',#2381,.F.);
#438=FACE_BOUND('',#2382,.F.);
#439=FACE_BOUND('',#2383,.F.);
#440=FACE_BOUND('',#2384,.F.);
#441=FACE_BOUND('',#2385,.F.);
#442=FACE_BOUND('',#2386,.F.);
#443=FACE_BOUND('',#2387,.F.);
#444=FACE_BOUND('',#2388,.F.);
#445=FACE_BOUND('',#2389,.F.);
#446=CIRCLE('',#8445,0.95);
#447=CIRCLE('',#8446,3.5);
#448=CIRCLE('',#8447,3.5);
#449=CIRCLE('',#8448,3.5);
#450=CIRCLE('',#8450,6.45);
#451=CIRCLE('',#8454,6.45);
#452=CIRCLE('',#8458,6.45);
#453=CIRCLE('',#8461,6.45);
#454=CIRCLE('',#8465,6.45);
#455=CIRCLE('',#8469,6.45);
#456=CIRCLE('',#8488,3.5);
#457=CIRCLE('',#8490,0.999999999999999);
#458=CIRCLE('',#8491,1.);
#459=CIRCLE('',#8494,1.);
#460=CIRCLE('',#8495,1.);
#461=CIRCLE('',#8497,3.5);
#462=CIRCLE('',#8498,3.5);
#463=CIRCLE('',#8505,0.95);
#464=CIRCLE('',#8506,0.95);
#465=CIRCLE('',#8507,2.5);
#466=CIRCLE('',#8508,3.);
#467=CIRCLE('',#8509,3.);
#468=CIRCLE('',#8510,3.);
#469=CIRCLE('',#8511,3.);
#470=CIRCLE('',#8512,2.5);
#471=CIRCLE('',#8519,3.05);
#472=CIRCLE('',#8523,3.05);
#473=CIRCLE('',#8531,0.5);
#474=CIRCLE('',#8532,3.);
#475=CIRCLE('',#8533,3.);
#476=CIRCLE('',#8534,0.5);
#477=CIRCLE('',#8535,2.5);
#478=CIRCLE('',#8537,7.70000000000001);
#479=CIRCLE('',#8539,3.5);
#480=CIRCLE('',#8540,3.5);
#481=CIRCLE('',#8541,3.5);
#482=CIRCLE('',#8545,3.5);
#483=CIRCLE('',#8546,3.5);
#484=CIRCLE('',#8547,3.5);
#485=CIRCLE('',#8548,3.5);
#486=CIRCLE('',#8549,3.5);
#487=CIRCLE('',#8552,16.3000029536095);
#488=CIRCLE('',#8553,16.3000083325526);
#489=CIRCLE('',#8554,3.05);
#490=CIRCLE('',#8563,3.05);
#491=CIRCLE('',#8564,3.05);
#492=CIRCLE('',#8597,3.);
#493=CIRCLE('',#8605,0.3);
#494=CIRCLE('',#8607,18.8000029536095);
#495=CIRCLE('',#8608,18.8000083325526);
#496=CIRCLE('',#8609,0.3);
#497=CIRCLE('',#8610,16.3000083325526);
#498=CIRCLE('',#8611,16.3000029536095);
#499=CIRCLE('',#8618,18.8000083325526);
#500=CIRCLE('',#8628,3.5);
#501=CIRCLE('',#8629,3.5);
#502=CIRCLE('',#8630,3.5);
#503=CIRCLE('',#8637,0.714378124750948);
#504=CIRCLE('',#8638,0.95);
#505=CIRCLE('',#8641,3.5);
#506=CIRCLE('',#8642,3.5);
#507=CIRCLE('',#8645,3.5);
#508=CIRCLE('',#8649,4.6);
#509=CIRCLE('',#8651,4.6);
#510=CIRCLE('',#8658,3.5);
#511=CIRCLE('',#8659,3.5);
#512=CIRCLE('',#8666,7.2);
#513=CIRCLE('',#8667,7.2);
#514=CIRCLE('',#8689,2.5);
#515=CIRCLE('',#8690,1.);
#516=CIRCLE('',#8691,1.);
#517=CIRCLE('',#8693,2.5);
#518=CIRCLE('',#8694,0.999999999999999);
#519=CIRCLE('',#8695,1.);
#520=CIRCLE('',#8699,1.);
#521=CIRCLE('',#8700,1.);
#522=CIRCLE('',#8701,2.1);
#523=CIRCLE('',#8703,2.5);
#524=CIRCLE('',#8704,2.1);
#525=CIRCLE('',#8705,0.999999999999999);
#526=CIRCLE('',#8706,1.);
#527=CIRCLE('',#8710,3.5);
#528=CIRCLE('',#8721,0.6774795477282);
#529=CIRCLE('',#8722,0.95);
#530=CIRCLE('',#8728,3.5);
#531=CIRCLE('',#8730,2.5);
#532=CIRCLE('',#8731,0.95);
#533=CIRCLE('',#8732,0.95);
#534=CIRCLE('',#8739,0.6774795477282);
#535=CIRCLE('',#8741,0.6774795477282);
#536=CIRCLE('',#8743,0.6774795477282);
#537=CIRCLE('',#8744,0.95);
#538=CIRCLE('',#8759,1.);
#539=CIRCLE('',#8760,1.);
#540=CIRCLE('',#8762,0.999999999999999);
#541=CIRCLE('',#8763,1.);
#542=CIRCLE('',#8774,0.999999999999999);
#543=CIRCLE('',#8775,1.);
#544=CIRCLE('',#8777,1.);
#545=CIRCLE('',#8778,1.);
#546=CIRCLE('',#8788,1.);
#547=CIRCLE('',#8789,1.);
#548=CIRCLE('',#8792,1.);
#549=CIRCLE('',#8793,1.);
#550=CIRCLE('',#8796,1.);
#551=CIRCLE('',#8797,1.);
#552=CIRCLE('',#8800,1.);
#553=CIRCLE('',#8801,1.);
#554=CIRCLE('',#8805,0.5);
#555=CIRCLE('',#8808,3.);
#556=CIRCLE('',#8811,3.);
#557=CIRCLE('',#8814,0.5);
#558=CIRCLE('',#8822,0.95);
#559=CIRCLE('',#8824,0.95);
#560=CIRCLE('',#8843,0.95);
#561=CIRCLE('',#8844,3.);
#562=CIRCLE('',#8845,3.);
#563=CIRCLE('',#8846,3.);
#564=CIRCLE('',#8847,0.95);
#565=CIRCLE('',#8850,3.);
#566=CIRCLE('',#8852,3.);
#567=CIRCLE('',#8854,18.8000029536095);
#568=CIRCLE('',#8870,4.6);
#569=CIRCLE('',#8873,4.6);
#570=CIRCLE('',#8876,3.05);
#571=CIRCLE('',#8877,3.05);
#572=CIRCLE('',#8879,2.75);
#573=CIRCLE('',#8880,1.3);
#574=CIRCLE('',#8882,2.75);
#575=CIRCLE('',#8883,1.3);
#576=CIRCLE('',#8885,3.05);
#577=CIRCLE('',#8886,3.05);
#578=CIRCLE('',#8888,1.3);
#579=CIRCLE('',#8889,2.75);
#580=CIRCLE('',#8891,3.05);
#581=CIRCLE('',#8893,2.75);
#582=CIRCLE('',#8894,1.3);
#583=CIRCLE('',#8896,3.05);
#584=CIRCLE('',#8898,2.75);
#585=CIRCLE('',#8899,1.3);
#586=CIRCLE('',#8901,3.05);
#587=CIRCLE('',#8911,0.714378124750948);
#588=CIRCLE('',#8912,0.95);
#589=CIRCLE('',#8915,0.714378124750948);
#590=CIRCLE('',#8916,0.95);
#591=CIRCLE('',#8922,0.95);
#592=CIRCLE('',#8925,0.95);
#593=CIRCLE('',#8928,0.95);
#594=CIRCLE('',#8931,0.95);
#595=CIRCLE('',#8985,1.05562909100495);
#596=CIRCLE('',#8986,1.3);
#597=CIRCLE('',#8989,1.05562909100495);
#598=CIRCLE('',#8990,1.3);
#599=CIRCLE('',#8993,1.3);
#600=CIRCLE('',#8995,1.05562909100495);
#601=CIRCLE('',#8997,1.05562909100495);
#602=CIRCLE('',#8998,1.3);
#603=CIRCLE('',#9001,1.05562909100495);
#604=CIRCLE('',#9002,1.3);
#605=CIRCLE('',#9076,1.52041128388641);
#606=CIRCLE('',#9088,1.52041128388641);
#607=CIRCLE('',#9090,1.52041128388641);
#608=CIRCLE('',#9092,1.52041128388641);
#609=B_SPLINE_CURVE_WITH_KNOTS('',3,(#11294,#11295,#11296,#11297),
 .UNSPECIFIED.,.F.,.F.,(4,4),(0.,1.),.UNSPECIFIED.);
#610=B_SPLINE_CURVE_WITH_KNOTS('',3,(#11446,#11447,#11448,#11449),
 .UNSPECIFIED.,.F.,.F.,(4,4),(0.,1.),.UNSPECIFIED.);
#611=B_SPLINE_CURVE_WITH_KNOTS('',3,(#11453,#11454,#11455,#11456),
 .UNSPECIFIED.,.F.,.F.,(4,4),(0.,1.),.UNSPECIFIED.);
#612=B_SPLINE_CURVE_WITH_KNOTS('',3,(#11483,#11484,#11485,#11486),
 .UNSPECIFIED.,.F.,.F.,(4,4),(0.,1.),.UNSPECIFIED.);
#613=B_SPLINE_CURVE_WITH_KNOTS('',3,(#11647,#11648,#11649,#11650),
 .UNSPECIFIED.,.F.,.F.,(4,4),(0.,1.),.UNSPECIFIED.);
#614=B_SPLINE_CURVE_WITH_KNOTS('',3,(#11950,#11951,#11952,#11953,#11954,
#11955,#11956,#11957,#11958,#11959,#11960,#11961),.UNSPECIFIED.,.F.,.F.,
(4,2,2,2,2,4),(0.,0.25,0.5,0.625,0.75,1.),.UNSPECIFIED.);
#615=B_SPLINE_CURVE_WITH_KNOTS('',3,(#11963,#11964,#11965,#11966),
 .UNSPECIFIED.,.F.,.F.,(4,4),(0.,1.),.UNSPECIFIED.);
#616=B_SPLINE_CURVE_WITH_KNOTS('',3,(#11970,#11971,#11972,#11973),
 .UNSPECIFIED.,.F.,.F.,(4,4),(0.,1.),.UNSPECIFIED.);
#617=B_SPLINE_CURVE_WITH_KNOTS('',3,(#11975,#11976,#11977,#11978,#11979,
#11980,#11981,#11982,#11983,#11984,#11985,#11986,#11987),.UNSPECIFIED.,
 .F.,.F.,(4,2,2,1,2,2,4),(0.,0.125,0.250000000000001,0.375000000000001,
0.437500000000001,0.500000000000001,1.),.UNSPECIFIED.);
#618=B_SPLINE_CURVE_WITH_KNOTS('',3,(#12061,#12062,#12063,#12064),
 .UNSPECIFIED.,.F.,.F.,(4,4),(0.,1.),.UNSPECIFIED.);
#619=B_SPLINE_CURVE_WITH_KNOTS('',3,(#12076,#12077,#12078,#12079),
 .UNSPECIFIED.,.F.,.F.,(4,4),(0.,1.),.UNSPECIFIED.);
#620=B_SPLINE_CURVE_WITH_KNOTS('',3,(#12096,#12097,#12098,#12099,#12100,
#12101,#12102,#12103,#12104,#12105,#12106,#12107,#12108,#12109,#12110,#12111),
 .UNSPECIFIED.,.F.,.F.,(4,3,3,3,3,4),(0.,0.213867275809322,0.427734549164752,
0.591238963518148,0.918247792873178,1.),.UNSPECIFIED.);
#621=B_SPLINE_CURVE_WITH_KNOTS('',3,(#12165,#12166,#12167,#12168),
 .UNSPECIFIED.,.F.,.F.,(4,4),(0.,1.),.UNSPECIFIED.);
#622=B_SPLINE_CURVE_WITH_KNOTS('',3,(#12170,#12171,#12172,#12173),
 .UNSPECIFIED.,.F.,.F.,(4,4),(0.,1.),.UNSPECIFIED.);
#623=B_SPLINE_CURVE_WITH_KNOTS('',3,(#12175,#12176,#12177,#12178),
 .UNSPECIFIED.,.F.,.F.,(4,4),(0.,1.),.UNSPECIFIED.);
#624=B_SPLINE_CURVE_WITH_KNOTS('',3,(#12185,#12186,#12187,#12188),
 .UNSPECIFIED.,.F.,.F.,(4,4),(0.,1.),.UNSPECIFIED.);
#625=B_SPLINE_CURVE_WITH_KNOTS('',3,(#12266,#12267,#12268,#12269),
 .UNSPECIFIED.,.F.,.F.,(4,4),(0.,1.),.UNSPECIFIED.);
#626=B_SPLINE_CURVE_WITH_KNOTS('',3,(#12349,#12350,#12351,#12352),
 .UNSPECIFIED.,.F.,.F.,(4,4),(0.,1.),.UNSPECIFIED.);
#627=B_SPLINE_CURVE_WITH_KNOTS('',3,(#12364,#12365,#12366,#12367),
 .UNSPECIFIED.,.F.,.F.,(4,4),(0.,1.),.UNSPECIFIED.);
#628=B_SPLINE_CURVE_WITH_KNOTS('',3,(#12384,#12385,#12386,#12387),
 .UNSPECIFIED.,.F.,.F.,(4,4),(0.,1.),.UNSPECIFIED.);
#629=B_SPLINE_CURVE_WITH_KNOTS('',3,(#12405,#12406,#12407,#12408),
 .UNSPECIFIED.,.F.,.F.,(4,4),(0.,1.),.UNSPECIFIED.);
#630=B_SPLINE_CURVE_WITH_KNOTS('',3,(#12416,#12417,#12418,#12419),
 .UNSPECIFIED.,.F.,.F.,(4,4),(0.,1.),.UNSPECIFIED.);
#631=B_SPLINE_CURVE_WITH_KNOTS('',3,(#12442,#12443,#12444,#12445),
 .UNSPECIFIED.,.F.,.F.,(4,4),(0.,1.),.UNSPECIFIED.);
#632=B_SPLINE_CURVE_WITH_KNOTS('',3,(#12465,#12466,#12467,#12468),
 .UNSPECIFIED.,.F.,.F.,(4,4),(0.,1.),.UNSPECIFIED.);
#633=B_SPLINE_CURVE_WITH_KNOTS('',3,(#12490,#12491,#12492,#12493,#12494,
#12495,#12496,#12497,#12498,#12499,#12500,#12501,#12502,#12503,#12504,#12505,
#12506,#12507,#12508,#12509,#12510,#12511,#12512,#12513,#12514,#12515,#12516,
#12517,#12518,#12519,#12520,#12521,#12522,#12523,#12524,#12525,#12526,#12527,
#12528,#12529,#12530,#12531,#12532,#12533,#12534,#12535,#12536,#12537,#12538,
#12539,#12540,#12541,#12542,#12543,#12544,#12545,#12546,#12547,#12548,#12549,
#12550,#12551,#12552,#12553,#12554,#12555,#12556,#12557,#12558,#12559,#12560,
#12561,#12562,#12563,#12564,#12565,#12566,#12567,#12568,#12569,#12570,#12571,
#12572,#12573,#12574,#12575,#12576,#12577,#12578,#12579,#12580,#12581,#12582,
#12583),.UNSPECIFIED.,.T.,.F.,(1,3,3,3,3,3,3,3,3,3,3,3,3,3,3,3,3,3,3,3,
3,3,3,3,3,3,3,3,3,3,3,3,3,1),(-0.0157130226065723,0.,0.0427101488064547,
0.0854178255802223,0.132619857038953,0.174562354181053,0.221577217673268,
0.251277373904045,0.281268730775356,0.30757999192535,0.333477273206637,
0.360632341333211,0.388480375767631,0.416328472215693,0.443381403125071,
0.469133356228322,0.495536552037029,0.535198221284448,0.575878276456003,
0.623728877458039,0.665988431054419,0.711505952323439,0.743162866604183,
0.770099297160318,0.797133319266303,0.822764815585755,0.849387952973506,
0.877035236928931,0.904920705977617,0.932391492435816,0.958564412231783,
0.984286977393428,1.,1.04271014880645),.UNSPECIFIED.);
#634=B_SPLINE_CURVE_WITH_KNOTS('',3,(#12607,#12608,#12609,#12610,#12611,
#12612,#12613,#12614,#12615,#12616,#12617,#12618,#12619,#12620,#12621,#12622,
#12623,#12624,#12625,#12626,#12627,#12628,#12629,#12630,#12631,#12632,#12633,
#12634,#12635,#12636,#12637,#12638,#12639,#12640,#12641,#12642,#12643,#12644,
#12645,#12646,#12647,#12648,#12649,#12650,#12651,#12652,#12653,#12654,#12655,
#12656,#12657,#12658,#12659,#12660,#12661,#12662,#12663,#12664,#12665,#12666,
#12667,#12668,#12669,#12670,#12671,#12672,#12673),.UNSPECIFIED.,.T.,.F.,
(1,3,3,3,3,3,3,3,3,3,3,3,3,3,3,3,3,3,3,3,3,3,3,3,1),(-0.0388612053263171,
0.,0.0274678553386653,0.0551909357568741,0.0807587022379824,0.104764352365186,
0.130499964810226,0.170682126896598,0.231336940687476,0.317012386887198,
0.403889904692198,0.456230908673764,0.495305227505494,0.526091572755935,
0.557159076778259,0.584299942792375,0.610308774235765,0.638012673425782,
0.67928473729506,0.739342984671488,0.823509766671272,0.909036086900879,
0.961138794673683,1.,1.02746785533867),.UNSPECIFIED.);
#635=B_SPLINE_CURVE_WITH_KNOTS('',3,(#12697,#12698,#12699,#12700,#12701,
#12702,#12703,#12704,#12705,#12706,#12707,#12708,#12709,#12710,#12711,#12712,
#12713,#12714,#12715,#12716,#12717,#12718,#12719,#12720,#12721,#12722,#12723,
#12724,#12725,#12726,#12727,#12728,#12729,#12730,#12731,#12732,#12733,#12734,
#12735,#12736,#12737,#12738,#12739,#12740,#12741,#12742,#12743,#12744,#12745,
#12746,#12747,#12748,#12749,#12750,#12751),.UNSPECIFIED.,.F.,.F.,(4,3,3,
3,3,3,3,3,3,3,3,3,3,3,3,3,3,3,4),(0.,0.0119922149972255,0.0619298908160442,
0.111986536217616,0.166055399492379,0.222320287594651,0.278789711678141,
0.334583902106177,0.386509740352902,0.435499521800943,0.500561187226408,
0.566668264175903,0.6463206121622,0.721741552931973,0.796826530166612,0.859656177711233,
0.911527901001305,0.963620508825008,1.),.UNSPECIFIED.);
#636=B_SPLINE_CURVE_WITH_KNOTS('',3,(#12771,#12772,#12773,#12774),
 .UNSPECIFIED.,.F.,.F.,(4,4),(0.,1.),.UNSPECIFIED.);
#637=B_SPLINE_CURVE_WITH_KNOTS('',3,(#12776,#12777,#12778,#12779,#12780,
#12781,#12782),.UNSPECIFIED.,.F.,.F.,(4,3,4),(0.,0.000391510312643201,1.),
 .UNSPECIFIED.);
#638=B_SPLINE_CURVE_WITH_KNOTS('',3,(#12784,#12785,#12786,#12787),
 .UNSPECIFIED.,.F.,.F.,(4,4),(0.,1.),.UNSPECIFIED.);
#639=B_SPLINE_CURVE_WITH_KNOTS('',3,(#12789,#12790,#12791,#12792,#12793,
#12794,#12795),.UNSPECIFIED.,.F.,.F.,(4,3,4),(0.,0.224133714432473,1.),
 .UNSPECIFIED.);
#640=B_SPLINE_CURVE_WITH_KNOTS('',1,(#12946,#12947),.UNSPECIFIED.,.F.,.F.,
(2,2),(0.,1.),.UNSPECIFIED.);
#641=B_SPLINE_CURVE_WITH_KNOTS('',3,(#12949,#12950,#12951,#12952),
 .UNSPECIFIED.,.F.,.F.,(4,4),(0.,1.),.UNSPECIFIED.);
#642=B_SPLINE_CURVE_WITH_KNOTS('',1,(#12954,#12955),.UNSPECIFIED.,.F.,.F.,
(2,2),(0.,1.),.UNSPECIFIED.);
#643=B_SPLINE_CURVE_WITH_KNOTS('',1,(#12964,#12965),.UNSPECIFIED.,.F.,.F.,
(2,2),(0.,1.),.UNSPECIFIED.);
#644=B_SPLINE_CURVE_WITH_KNOTS('',1,(#12967,#12968),.UNSPECIFIED.,.F.,.F.,
(2,2),(0.,1.),.UNSPECIFIED.);
#645=B_SPLINE_CURVE_WITH_KNOTS('',3,(#12970,#12971,#12972,#12973),
 .UNSPECIFIED.,.F.,.F.,(4,4),(0.,1.),.UNSPECIFIED.);
#646=B_SPLINE_CURVE_WITH_KNOTS('',3,(#12982,#12983,#12984,#12985),
 .UNSPECIFIED.,.F.,.F.,(4,4),(0.,1.),.UNSPECIFIED.);
#647=B_SPLINE_CURVE_WITH_KNOTS('',3,(#12988,#12989,#12990,#12991),
 .UNSPECIFIED.,.F.,.F.,(4,4),(0.,1.),.UNSPECIFIED.);
#648=B_SPLINE_CURVE_WITH_KNOTS('',3,(#12992,#12993,#12994,#12995,#12996,
#12997),.UNSPECIFIED.,.F.,.F.,(4,2,4),(0.,0.5,1.),.UNSPECIFIED.);
#649=B_SPLINE_CURVE_WITH_KNOTS('',3,(#12998,#12999,#13000,#13001),
 .UNSPECIFIED.,.F.,.F.,(4,4),(0.,1.),.UNSPECIFIED.);
#650=B_SPLINE_CURVE_WITH_KNOTS('',3,(#13002,#13003,#13004,#13005),
 .UNSPECIFIED.,.F.,.F.,(4,4),(0.,1.),.UNSPECIFIED.);
#651=B_SPLINE_CURVE_WITH_KNOTS('',3,(#13022,#13023,#13024,#13025),
 .UNSPECIFIED.,.F.,.F.,(4,4),(0.,1.),.UNSPECIFIED.);
#652=B_SPLINE_CURVE_WITH_KNOTS('',3,(#13028,#13029,#13030,#13031),
 .UNSPECIFIED.,.F.,.F.,(4,4),(0.,1.),.UNSPECIFIED.);
#653=B_SPLINE_CURVE_WITH_KNOTS('',3,(#13033,#13034,#13035,#13036),
 .UNSPECIFIED.,.F.,.F.,(4,4),(0.,1.),.UNSPECIFIED.);
#654=B_SPLINE_CURVE_WITH_KNOTS('',3,(#13038,#13039,#13040,#13041),
 .UNSPECIFIED.,.F.,.F.,(4,4),(0.,1.),.UNSPECIFIED.);
#655=B_SPLINE_CURVE_WITH_KNOTS('',3,(#13042,#13043,#13044,#13045,#13046,
#13047),.UNSPECIFIED.,.F.,.F.,(4,2,4),(0.,0.5,1.),.UNSPECIFIED.);
#656=B_SPLINE_CURVE_WITH_KNOTS('',3,(#13048,#13049,#13050,#13051),
 .UNSPECIFIED.,.F.,.F.,(4,4),(0.,1.),.UNSPECIFIED.);
#657=B_SPLINE_CURVE_WITH_KNOTS('',3,(#13068,#13069,#13070,#13071,#13072,
#13073,#13074,#13075,#13076,#13077,#13078,#13079,#13080),.UNSPECIFIED.,
 .F.,.F.,(4,3,3,3,4),(0.,0.0817541867089978,0.40877093596616,0.704385467699386,
1.),.UNSPECIFIED.);
#658=B_SPLINE_CURVE_WITH_KNOTS('',3,(#13087,#13088,#13089,#13090,#13091,
#13092,#13093,#13094,#13095,#13096),.UNSPECIFIED.,.F.,.F.,(4,3,3,4),(0.,
0.260121529304849,0.520243053513741,1.),.UNSPECIFIED.);
#659=B_SPLINE_CURVE_WITH_KNOTS('',1,(#13100,#13101),.UNSPECIFIED.,.F.,.F.,
(2,2),(0.,1.),.UNSPECIFIED.);
#660=B_SPLINE_CURVE_WITH_KNOTS('',1,(#13103,#13104),.UNSPECIFIED.,.F.,.F.,
(2,2),(0.,1.),.UNSPECIFIED.);
#661=B_SPLINE_CURVE_WITH_KNOTS('',1,(#13119,#13120),.UNSPECIFIED.,.F.,.F.,
(2,2),(0.,1.),.UNSPECIFIED.);
#662=B_SPLINE_CURVE_WITH_KNOTS('',1,(#13124,#13125),.UNSPECIFIED.,.F.,.F.,
(2,2),(0.,1.),.UNSPECIFIED.);
#663=B_SPLINE_CURVE_WITH_KNOTS('',1,(#13129,#13130),.UNSPECIFIED.,.F.,.F.,
(2,2),(0.,1.),.UNSPECIFIED.);
#664=B_SPLINE_CURVE_WITH_KNOTS('',1,(#13132,#13133),.UNSPECIFIED.,.F.,.F.,
(2,2),(0.,1.),.UNSPECIFIED.);
#665=B_SPLINE_CURVE_WITH_KNOTS('',1,(#13135,#13136),.UNSPECIFIED.,.F.,.F.,
(2,2),(0.,1.),.UNSPECIFIED.);
#666=B_SPLINE_CURVE_WITH_KNOTS('',1,(#13137,#13138),.UNSPECIFIED.,.F.,.F.,
(2,2),(0.,1.),.UNSPECIFIED.);
#667=B_SPLINE_CURVE_WITH_KNOTS('',3,(#13148,#13149,#13150,#13151),
 .UNSPECIFIED.,.F.,.F.,(4,4),(0.,1.),.UNSPECIFIED.);
#668=B_SPLINE_CURVE_WITH_KNOTS('',5,(#13153,#13154,#13155,#13156,#13157,
#13158),.UNSPECIFIED.,.F.,.F.,(6,6),(0.,1.),.UNSPECIFIED.);
#669=B_SPLINE_CURVE_WITH_KNOTS('',3,(#13172,#13173,#13174,#13175),
 .UNSPECIFIED.,.F.,.F.,(4,4),(0.,1.),.UNSPECIFIED.);
#670=B_SPLINE_CURVE_WITH_KNOTS('',3,(#13177,#13178,#13179,#13180),
 .UNSPECIFIED.,.F.,.F.,(4,4),(0.,1.),.UNSPECIFIED.);
#671=B_SPLINE_CURVE_WITH_KNOTS('',3,(#13182,#13183,#13184,#13185,#13186,
#13187,#13188,#13189,#13190,#13191),.UNSPECIFIED.,.F.,.F.,(4,3,3,4),(0.,
0.0740063386862,0.439725856817144,1.),.UNSPECIFIED.);
#672=B_SPLINE_CURVE_WITH_KNOTS('',3,(#13208,#13209,#13210,#13211,#13212,
#13213,#13214,#13215,#13216,#13217),.UNSPECIFIED.,.F.,.F.,(4,3,3,4),(0.,
0.380520102585461,0.761045158567754,1.),.UNSPECIFIED.);
#673=B_SPLINE_CURVE_WITH_KNOTS('',3,(#13224,#13225,#13226,#13227),
 .UNSPECIFIED.,.F.,.F.,(4,4),(0.,1.),.UNSPECIFIED.);
#674=B_SPLINE_CURVE_WITH_KNOTS('',3,(#13231,#13232,#13233,#13234),
 .UNSPECIFIED.,.F.,.F.,(4,4),(0.,1.),.UNSPECIFIED.);
#675=B_SPLINE_CURVE_WITH_KNOTS('',3,(#13238,#13239,#13240,#13241),
 .UNSPECIFIED.,.F.,.F.,(4,4),(0.,1.),.UNSPECIFIED.);
#676=B_SPLINE_CURVE_WITH_KNOTS('',3,(#13267,#13268,#13269,#13270),
 .UNSPECIFIED.,.F.,.F.,(4,4),(0.,1.),.UNSPECIFIED.);
#677=B_SPLINE_CURVE_WITH_KNOTS('',3,(#13272,#13273,#13274,#13275),
 .UNSPECIFIED.,.F.,.F.,(4,4),(0.,1.),.UNSPECIFIED.);
#678=B_SPLINE_CURVE_WITH_KNOTS('',3,(#13277,#13278,#13279,#13280,#13281,
#13282),.UNSPECIFIED.,.F.,.F.,(4,2,4),(0.,0.5,1.),.UNSPECIFIED.);
#679=B_SPLINE_CURVE_WITH_KNOTS('',3,(#13319,#13320,#13321,#13322,#13323,
#13324,#13325,#13326,#13327,#13328),.UNSPECIFIED.,.F.,.F.,(4,2,2,2,4),(0.,
0.499999999999999,0.624999999999999,0.749999999999999,1.),.UNSPECIFIED.);
#680=B_SPLINE_CURVE_WITH_KNOTS('',1,(#13488,#13489),.UNSPECIFIED.,.F.,.F.,
(2,2),(0.,1.),.UNSPECIFIED.);
#681=B_SPLINE_CURVE_WITH_KNOTS('',1,(#13490,#13491),.UNSPECIFIED.,.F.,.F.,
(2,2),(0.,1.),.UNSPECIFIED.);
#682=B_SPLINE_CURVE_WITH_KNOTS('',1,(#13499,#13500),.UNSPECIFIED.,.F.,.F.,
(2,2),(0.,1.),.UNSPECIFIED.);
#683=B_SPLINE_CURVE_WITH_KNOTS('',1,(#13518,#13519),.UNSPECIFIED.,.F.,.F.,
(2,2),(0.,1.),.UNSPECIFIED.);
#684=B_SPLINE_CURVE_WITH_KNOTS('',1,(#13527,#13528),.UNSPECIFIED.,.F.,.F.,
(2,2),(0.,1.),.UNSPECIFIED.);
#685=B_SPLINE_CURVE_WITH_KNOTS('',3,(#13537,#13538,#13539,#13540,#13541,
#13542,#13543,#13544,#13545,#13546,#13547,#13548),.UNSPECIFIED.,.F.,.F.,
(4,2,2,2,2,4),(0.,0.250000000000001,0.375000000000001,0.500000000000001,
0.75,1.),.UNSPECIFIED.);
#686=B_SPLINE_CURVE_WITH_KNOTS('',3,(#13565,#13566,#13567,#13568,#13569,
#13570,#13571,#13572,#13573,#13574,#13575,#13576,#13577,#13578,#13579,#13580,
#13581,#13582),.UNSPECIFIED.,.F.,.F.,(4,2,2,2,2,2,2,2,4),(0.,0.125,0.25,
0.375,0.4375,0.5,0.625,0.75,1.),.UNSPECIFIED.);
#687=B_SPLINE_CURVE_WITH_KNOTS('',3,(#13776,#13777,#13778,#13779,#13780,
#13781,#13782),.UNSPECIFIED.,.F.,.F.,(4,3,4),(0.,0.937500000563875,1.),
 .UNSPECIFIED.);
#688=B_SPLINE_CURVE_WITH_KNOTS('',3,(#13832,#13833,#13834,#13835,#13836,
#13837,#13838,#13839,#13840,#13841,#13842,#13843,#13844,#13845,#13846,#13847,
#13848,#13849,#13850),.UNSPECIFIED.,.F.,.F.,(4,3,3,3,3,3,4),(0.,0.127731748756278,
0.255281235621571,0.387158408140915,0.533953156912966,0.750722572292323,
1.),.UNSPECIFIED.);
#689=B_SPLINE_CURVE_WITH_KNOTS('',3,(#13893,#13894,#13895,#13896,#13897,
#13898,#13899,#13900,#13901,#13902,#13903,#13904,#13905,#13906,#13907,#13908,
#13909,#13910,#13911),.UNSPECIFIED.,.F.,.F.,(4,3,3,3,3,3,4),(0.,0.298519849335695,
0.496696464920206,0.658833288212482,0.822628793880276,0.962683468503444,
1.),.UNSPECIFIED.);
#690=B_SPLINE_CURVE_WITH_KNOTS('',3,(#13916,#13917,#13918,#13919,#13920,
#13921,#13922,#13923,#13924,#13925,#13926,#13927,#13928,#13929,#13930,#13931,
#13932,#13933,#13934),.UNSPECIFIED.,.F.,.F.,(4,3,3,3,3,3,4),(0.,0.127776049879459,
0.25536951079696,0.387295393530492,0.534155440270366,0.75106284178063,1.),
 .UNSPECIFIED.);
#691=B_SPLINE_CURVE_WITH_KNOTS('',3,(#13940,#13941,#13942,#13943,#13944,
#13945,#13946,#13947,#13948,#13949,#13950,#13951,#13952,#13953,#13954,#13955,
#13956,#13957,#13958),.UNSPECIFIED.,.F.,.F.,(4,3,3,3,3,3,4),(0.,0.29838465956797,
0.49655249591692,0.658667566114678,0.82244159208398,0.962472715625579,1.),
 .UNSPECIFIED.);
#692=B_SPLINE_CURVE_WITH_KNOTS('',3,(#14236,#14237,#14238,#14239),
 .UNSPECIFIED.,.F.,.F.,(4,4),(0.,1.),.UNSPECIFIED.);
#693=B_SPLINE_CURVE_WITH_KNOTS('',3,(#14241,#14242,#14243,#14244),
 .UNSPECIFIED.,.F.,.F.,(4,4),(0.,1.),.UNSPECIFIED.);
#694=B_SPLINE_CURVE_WITH_KNOTS('',1,(#14373,#14374),.UNSPECIFIED.,.F.,.F.,
(2,2),(0.,1.),.UNSPECIFIED.);
#695=B_SPLINE_CURVE_WITH_KNOTS('',3,(#14408,#14409,#14410,#14411),
 .UNSPECIFIED.,.F.,.F.,(4,4),(0.,1.),.UNSPECIFIED.);
#696=B_SPLINE_CURVE_WITH_KNOTS('',3,(#14442,#14443,#14444,#14445),
 .UNSPECIFIED.,.F.,.F.,(4,4),(0.,1.),.UNSPECIFIED.);
#697=B_SPLINE_CURVE_WITH_KNOTS('',1,(#14515,#14516),.UNSPECIFIED.,.F.,.F.,
(2,2),(0.,1.),.UNSPECIFIED.);
#698=B_SPLINE_CURVE_WITH_KNOTS('',3,(#14518,#14519,#14520,#14521),
 .UNSPECIFIED.,.F.,.F.,(4,4),(0.,1.),.UNSPECIFIED.);
#699=B_SPLINE_CURVE_WITH_KNOTS('',1,(#14523,#14524),.UNSPECIFIED.,.F.,.F.,
(2,2),(0.,1.),.UNSPECIFIED.);
#700=B_SPLINE_CURVE_WITH_KNOTS('',3,(#14573,#14574,#14575,#14576,#14577,
#14578,#14579),.UNSPECIFIED.,.F.,.F.,(4,3,4),(0.,0.92173653773255,1.),
 .UNSPECIFIED.);
#701=B_SPLINE_CURVE_WITH_KNOTS('',3,(#14584,#14585,#14586,#14587,#14588,
#14589,#14590),.UNSPECIFIED.,.F.,.F.,(4,3,4),(0.,0.0782634622673506,1.),
 .UNSPECIFIED.);
#702=B_SPLINE_CURVE_WITH_KNOTS('',3,(#14596,#14597,#14598,#14599,#14600,
#14601,#14602),.UNSPECIFIED.,.F.,.F.,(4,3,4),(0.,0.921736537732969,1.),
 .UNSPECIFIED.);
#703=B_SPLINE_CURVE_WITH_KNOTS('',3,(#14607,#14608,#14609,#14610,#14611,
#14612,#14613),.UNSPECIFIED.,.F.,.F.,(4,3,4),(0.,0.0782634622669311,1.),
 .UNSPECIFIED.);
#704=B_SPLINE_CURVE_WITH_KNOTS('',3,(#14780,#14781,#14782,#14783),
 .UNSPECIFIED.,.F.,.F.,(4,4),(0.,1.),.UNSPECIFIED.);
#705=ADVANCED_FACE('',(#1487),#1151,.T.);
#706=ADVANCED_FACE('',(#1488),#1152,.T.);
#707=ADVANCED_FACE('',(#1489),#1153,.T.);
#708=ADVANCED_FACE('',(#279,#280,#281),#1154,.F.);
#709=ADVANCED_FACE('',(#282,#283),#143,.T.);
#710=ADVANCED_FACE('',(#284,#285),#144,.T.);
#711=ADVANCED_FACE('',(#1490),#1155,.F.);
#712=ADVANCED_FACE('',(#1491),#1156,.F.);
#713=ADVANCED_FACE('',(#1492),#1157,.F.);
#714=ADVANCED_FACE('',(#1493),#1158,.F.);
#715=ADVANCED_FACE('',(#1494),#1159,.F.);
#716=ADVANCED_FACE('',(#1495),#1160,.F.);
#717=ADVANCED_FACE('',(#1496),#1161,.F.);
#718=ADVANCED_FACE('',(#1497),#1162,.F.);
#719=ADVANCED_FACE('',(#1498),#1163,.F.);
#720=ADVANCED_FACE('',(#1499),#1164,.T.);
#721=ADVANCED_FACE('',(#286,#287),#1165,.F.);
#722=ADVANCED_FACE('',(#1500),#1166,.T.);
#723=ADVANCED_FACE('',(#1501),#1167,.T.);
#724=ADVANCED_FACE('',(#1502),#1168,.T.);
#725=ADVANCED_FACE('',(#288,#289),#1169,.T.);
#726=ADVANCED_FACE('',(#1503),#1170,.F.);
#727=ADVANCED_FACE('',(#1504),#1171,.F.);
#728=ADVANCED_FACE('',(#1505),#1172,.F.);
#729=ADVANCED_FACE('',(#1506),#1173,.F.);
#730=ADVANCED_FACE('',(#1507),#1174,.T.);
#731=ADVANCED_FACE('',(#290,#291,#292),#1175,.F.);
#732=ADVANCED_FACE('',(#1508),#1176,.F.);
#733=ADVANCED_FACE('',(#1509),#1177,.F.);
#734=ADVANCED_FACE('',(#1510),#1178,.T.);
#735=ADVANCED_FACE('',(#1511),#145,.T.);
#736=ADVANCED_FACE('',(#1512),#1179,.F.);
#737=ADVANCED_FACE('',(#1513),#1180,.F.);
#738=ADVANCED_FACE('',(#1514),#1181,.T.);
#739=ADVANCED_FACE('',(#1515),#1182,.F.);
#740=ADVANCED_FACE('',(#1516),#1183,.F.);
#741=ADVANCED_FACE('',(#1517),#1184,.F.);
#742=ADVANCED_FACE('',(#1518),#1185,.T.);
#743=ADVANCED_FACE('',(#1519),#1186,.T.);
#744=ADVANCED_FACE('',(#293,#294),#1187,.T.);
#745=ADVANCED_FACE('',(#1520),#146,.T.);
#746=ADVANCED_FACE('',(#1521),#1188,.T.);
#747=ADVANCED_FACE('',(#1522),#1189,.T.);
#748=ADVANCED_FACE('',(#1523),#147,.T.);
#749=ADVANCED_FACE('',(#1524),#148,.T.);
#750=ADVANCED_FACE('',(#1525),#1190,.F.);
#751=ADVANCED_FACE('',(#1526),#1191,.T.);
#752=ADVANCED_FACE('',(#1527),#1192,.T.);
#753=ADVANCED_FACE('',(#1528),#1193,.F.);
#754=ADVANCED_FACE('',(#1529),#1194,.T.);
#755=ADVANCED_FACE('',(#1530),#1195,.F.);
#756=ADVANCED_FACE('',(#1531),#149,.T.);
#757=ADVANCED_FACE('',(#1532),#1196,.F.);
#758=ADVANCED_FACE('',(#1533),#1197,.F.);
#759=ADVANCED_FACE('',(#1534),#1198,.T.);
#760=ADVANCED_FACE('',(#1535),#1199,.F.);
#761=ADVANCED_FACE('',(#1536),#1200,.F.);
#762=ADVANCED_FACE('',(#1537),#1201,.T.);
#763=ADVANCED_FACE('',(#1538),#1202,.T.);
#764=ADVANCED_FACE('',(#1539),#1203,.F.);
#765=ADVANCED_FACE('',(#1540),#1204,.F.);
#766=ADVANCED_FACE('',(#1541),#1205,.F.);
#767=ADVANCED_FACE('',(#1542),#1206,.T.);
#768=ADVANCED_FACE('',(#1543),#1207,.F.);
#769=ADVANCED_FACE('',(#1544),#1208,.F.);
#770=ADVANCED_FACE('',(#1545),#1209,.F.);
#771=ADVANCED_FACE('',(#1546),#1210,.F.);
#772=ADVANCED_FACE('',(#1547),#1211,.F.);
#773=ADVANCED_FACE('',(#1548),#1212,.F.);
#774=ADVANCED_FACE('',(#1549),#1213,.F.);
#775=ADVANCED_FACE('',(#1550),#1214,.T.);
#776=ADVANCED_FACE('',(#1551),#1215,.F.);
#777=ADVANCED_FACE('',(#1552),#1216,.F.);
#778=ADVANCED_FACE('',(#1553),#150,.T.);
#779=ADVANCED_FACE('',(#1554),#1217,.F.);
#780=ADVANCED_FACE('',(#1555),#151,.T.);
#781=ADVANCED_FACE('',(#1556),#1218,.F.);
#782=ADVANCED_FACE('',(#1557),#1219,.T.);
#783=ADVANCED_FACE('',(#1558),#1220,.F.);
#784=ADVANCED_FACE('',(#1559),#1221,.F.);
#785=ADVANCED_FACE('',(#1560),#1222,.T.);
#786=ADVANCED_FACE('',(#1561),#1223,.F.);
#787=ADVANCED_FACE('',(#1562),#1224,.T.);
#788=ADVANCED_FACE('',(#1563),#1225,.F.);
#789=ADVANCED_FACE('',(#1564),#1226,.T.);
#790=ADVANCED_FACE('',(#1565),#152,.T.);
#791=ADVANCED_FACE('',(#1566),#1227,.F.);
#792=ADVANCED_FACE('',(#1567),#1228,.T.);
#793=ADVANCED_FACE('',(#1568),#1229,.T.);
#794=ADVANCED_FACE('',(#1569),#1230,.T.);
#795=ADVANCED_FACE('',(#1570),#1231,.F.);
#796=ADVANCED_FACE('',(#1571),#1232,.T.);
#797=ADVANCED_FACE('',(#1572),#1233,.T.);
#798=ADVANCED_FACE('',(#1573),#1234,.F.);
#799=ADVANCED_FACE('',(#295,#296),#153,.T.);
#800=ADVANCED_FACE('',(#1574),#1235,.T.);
#801=ADVANCED_FACE('',(#1575),#1236,.T.);
#802=ADVANCED_FACE('',(#297,#298,#299),#125,.F.);
#803=ADVANCED_FACE('',(#1576),#1237,.T.);
#804=ADVANCED_FACE('',(#1577),#154,.T.);
#805=ADVANCED_FACE('',(#1578),#1238,.T.);
#806=ADVANCED_FACE('',(#1579),#1239,.T.);
#807=ADVANCED_FACE('',(#1580),#1240,.T.);
#808=ADVANCED_FACE('',(#1581),#1241,.T.);
#809=ADVANCED_FACE('',(#1582),#107,.T.);
#810=ADVANCED_FACE('',(#1583),#108,.F.);
#811=ADVANCED_FACE('',(#1584),#109,.F.);
#812=ADVANCED_FACE('',(#1585),#110,.T.);
#813=ADVANCED_FACE('',(#1586),#111,.T.);
#814=ADVANCED_FACE('',(#300,#301),#1242,.T.);
#815=ADVANCED_FACE('',(#1587),#1243,.F.);
#816=ADVANCED_FACE('',(#302,#303),#1244,.T.);
#817=ADVANCED_FACE('',(#304,#305),#1245,.T.);
#818=ADVANCED_FACE('',(#1588),#1246,.T.);
#819=ADVANCED_FACE('',(#1589),#112,.T.);
#820=ADVANCED_FACE('',(#1590),#1247,.F.);
#821=ADVANCED_FACE('',(#1591),#1248,.F.);
#822=ADVANCED_FACE('',(#1592),#1249,.F.);
#823=ADVANCED_FACE('',(#1593),#1250,.F.);
#824=ADVANCED_FACE('',(#1594),#1251,.F.);
#825=ADVANCED_FACE('',(#1595),#113,.T.);
#826=ADVANCED_FACE('',(#306,#307),#155,.F.);
#827=ADVANCED_FACE('',(#1596),#1252,.F.);
#828=ADVANCED_FACE('',(#1597),#1253,.T.);
#829=ADVANCED_FACE('',(#1598),#114,.T.);
#830=ADVANCED_FACE('',(#1599),#115,.T.);
#831=ADVANCED_FACE('',(#308,#309),#1254,.T.);
#832=ADVANCED_FACE('',(#310,#311),#1255,.T.);
#833=ADVANCED_FACE('',(#312,#313),#1256,.T.);
#834=ADVANCED_FACE('',(#314,#315),#1257,.T.);
#835=ADVANCED_FACE('',(#316,#317),#1258,.T.);
#836=ADVANCED_FACE('',(#318,#319),#1259,.T.);
#837=ADVANCED_FACE('',(#320,#321),#1260,.T.);
#838=ADVANCED_FACE('',(#322,#323),#1261,.T.);
#839=ADVANCED_FACE('',(#1600),#116,.T.);
#840=ADVANCED_FACE('',(#1601),#117,.T.);
#841=ADVANCED_FACE('',(#324,#325,#326),#1262,.F.);
#842=ADVANCED_FACE('',(#1602),#1263,.F.);
#843=ADVANCED_FACE('',(#1603),#1264,.F.);
#844=ADVANCED_FACE('',(#1604),#1265,.F.);
#845=ADVANCED_FACE('',(#1605),#1266,.T.);
#846=ADVANCED_FACE('',(#1606),#1267,.T.);
#847=ADVANCED_FACE('',(#1607),#1268,.F.);
#848=ADVANCED_FACE('',(#1608),#1269,.F.);
#849=ADVANCED_FACE('',(#1609),#1270,.T.);
#850=ADVANCED_FACE('',(#1610),#1271,.T.);
#851=ADVANCED_FACE('',(#1611),#1272,.F.);
#852=ADVANCED_FACE('',(#1612),#1273,.F.);
#853=ADVANCED_FACE('',(#1613),#156,.T.);
#854=ADVANCED_FACE('',(#1614),#1274,.T.);
#855=ADVANCED_FACE('',(#1615),#1275,.F.);
#856=ADVANCED_FACE('',(#1616),#1276,.F.);
#857=ADVANCED_FACE('',(#1617),#1277,.F.);
#858=ADVANCED_FACE('',(#1618),#1278,.T.);
#859=ADVANCED_FACE('',(#1619),#1279,.T.);
#860=ADVANCED_FACE('',(#1620),#1280,.T.);
#861=ADVANCED_FACE('',(#1621),#1281,.T.);
#862=ADVANCED_FACE('',(#1622),#1282,.T.);
#863=ADVANCED_FACE('',(#1623),#126,.F.);
#864=ADVANCED_FACE('',(#1624),#1283,.F.);
#865=ADVANCED_FACE('',(#1625),#1284,.F.);
#866=ADVANCED_FACE('',(#1626),#1285,.F.);
#867=ADVANCED_FACE('',(#1627),#1286,.F.);
#868=ADVANCED_FACE('',(#1628),#1287,.T.);
#869=ADVANCED_FACE('',(#327,#328),#1288,.T.);
#870=ADVANCED_FACE('',(#1629),#1289,.T.);
#871=ADVANCED_FACE('',(#1630),#1290,.T.);
#872=ADVANCED_FACE('',(#1631),#1291,.T.);
#873=ADVANCED_FACE('',(#1632),#1292,.T.);
#874=ADVANCED_FACE('',(#1633),#1293,.T.);
#875=ADVANCED_FACE('',(#1634),#127,.F.);
#876=ADVANCED_FACE('',(#1635),#128,.F.);
#877=ADVANCED_FACE('',(#1636),#129,.F.);
#878=ADVANCED_FACE('',(#1637),#1294,.T.);
#879=ADVANCED_FACE('',(#1638),#1295,.T.);
#880=ADVANCED_FACE('',(#1639),#1296,.T.);
#881=ADVANCED_FACE('',(#1640),#1297,.T.);
#882=ADVANCED_FACE('',(#329,#330),#1298,.T.);
#883=ADVANCED_FACE('',(#1641),#1299,.T.);
#884=ADVANCED_FACE('',(#1642),#1300,.T.);
#885=ADVANCED_FACE('',(#1643),#157,.T.);
#886=ADVANCED_FACE('',(#1644),#158,.T.);
#887=ADVANCED_FACE('',(#1645),#1301,.T.);
#888=ADVANCED_FACE('',(#1646),#1302,.T.);
#889=ADVANCED_FACE('',(#1647),#1303,.T.);
#890=ADVANCED_FACE('',(#1648),#1304,.T.);
#891=ADVANCED_FACE('',(#1649),#1305,.T.);
#892=ADVANCED_FACE('',(#1650),#1306,.F.);
#893=ADVANCED_FACE('',(#1651),#159,.T.);
#894=ADVANCED_FACE('',(#1652),#1307,.T.);
#895=ADVANCED_FACE('',(#1653),#160,.T.);
#896=ADVANCED_FACE('',(#1654),#1308,.T.);
#897=ADVANCED_FACE('',(#1655),#1309,.T.);
#898=ADVANCED_FACE('',(#1656),#161,.T.);
#899=ADVANCED_FACE('',(#1657),#162,.T.);
#900=ADVANCED_FACE('',(#1658),#1310,.T.);
#901=ADVANCED_FACE('',(#1659),#1311,.T.);
#902=ADVANCED_FACE('',(#1660),#1312,.T.);
#903=ADVANCED_FACE('',(#1661),#1313,.F.);
#904=ADVANCED_FACE('',(#1662),#1314,.T.);
#905=ADVANCED_FACE('',(#1663),#163,.T.);
#906=ADVANCED_FACE('',(#1664),#164,.T.);
#907=ADVANCED_FACE('',(#1665),#1315,.T.);
#908=ADVANCED_FACE('',(#1666),#1316,.T.);
#909=ADVANCED_FACE('',(#1667),#1317,.T.);
#910=ADVANCED_FACE('',(#1668),#165,.T.);
#911=ADVANCED_FACE('',(#1669),#1318,.T.);
#912=ADVANCED_FACE('',(#1670),#166,.T.);
#913=ADVANCED_FACE('',(#1671),#1319,.T.);
#914=ADVANCED_FACE('',(#1672),#167,.T.);
#915=ADVANCED_FACE('',(#1673),#1320,.T.);
#916=ADVANCED_FACE('',(#1674),#168,.T.);
#917=ADVANCED_FACE('',(#1675),#1321,.T.);
#918=ADVANCED_FACE('',(#1676),#1322,.T.);
#919=ADVANCED_FACE('',(#1677),#169,.T.);
#920=ADVANCED_FACE('',(#1678),#1323,.F.);
#921=ADVANCED_FACE('',(#1679),#170,.F.);
#922=ADVANCED_FACE('',(#1680),#1324,.T.);
#923=ADVANCED_FACE('',(#1681),#171,.F.);
#924=ADVANCED_FACE('',(#1682),#1325,.F.);
#925=ADVANCED_FACE('',(#1683),#172,.T.);
#926=ADVANCED_FACE('',(#1684),#1326,.T.);
#927=ADVANCED_FACE('',(#1685),#1327,.T.);
#928=ADVANCED_FACE('',(#1686),#1328,.T.);
#929=ADVANCED_FACE('',(#1687),#1329,.T.);
#930=ADVANCED_FACE('',(#1688),#1330,.T.);
#931=ADVANCED_FACE('',(#1689),#1331,.T.);
#932=ADVANCED_FACE('',(#331,#332),#1332,.F.);
#933=ADVANCED_FACE('',(#333,#334),#1333,.F.);
#934=ADVANCED_FACE('',(#1690),#1334,.T.);
#935=ADVANCED_FACE('',(#1691),#1335,.T.);
#936=ADVANCED_FACE('',(#1692),#173,.T.);
#937=ADVANCED_FACE('',(#1693),#1336,.T.);
#938=ADVANCED_FACE('',(#1694),#174,.T.);
#939=ADVANCED_FACE('',(#1695),#1337,.T.);
#940=ADVANCED_FACE('',(#1696),#175,.T.);
#941=ADVANCED_FACE('',(#1697),#176,.T.);
#942=ADVANCED_FACE('',(#1698),#177,.T.);
#943=ADVANCED_FACE('',(#1699),#178,.T.);
#944=ADVANCED_FACE('',(#1700),#1338,.T.);
#945=ADVANCED_FACE('',(#1701),#1339,.T.);
#946=ADVANCED_FACE('',(#1702),#1340,.F.);
#947=ADVANCED_FACE('',(#1703),#1341,.F.);
#948=ADVANCED_FACE('',(#1704),#1342,.F.);
#949=ADVANCED_FACE('',(#1705),#1343,.F.);
#950=ADVANCED_FACE('',(#1706),#179,.T.);
#951=ADVANCED_FACE('',(#335,#336,#337),#1344,.F.);
#952=ADVANCED_FACE('',(#1707),#180,.T.);
#953=ADVANCED_FACE('',(#1708),#181,.T.);
#954=ADVANCED_FACE('',(#1709),#182,.T.);
#955=ADVANCED_FACE('',(#1710),#183,.T.);
#956=ADVANCED_FACE('',(#1711),#1345,.T.);
#957=ADVANCED_FACE('',(#1712),#1346,.T.);
#958=ADVANCED_FACE('',(#1713),#1347,.T.);
#959=ADVANCED_FACE('',(#1714),#1348,.T.);
#960=ADVANCED_FACE('',(#1715),#1349,.T.);
#961=ADVANCED_FACE('',(#1716),#118,.T.);
#962=ADVANCED_FACE('',(#1717),#119,.F.);
#963=ADVANCED_FACE('',(#1718),#1350,.T.);
#964=ADVANCED_FACE('',(#1719),#1351,.T.);
#965=ADVANCED_FACE('',(#1720),#1352,.F.);
#966=ADVANCED_FACE('',(#1721),#120,.F.);
#967=ADVANCED_FACE('',(#1722),#1353,.T.);
#968=ADVANCED_FACE('',(#1723),#1354,.T.);
#969=ADVANCED_FACE('',(#1724),#1355,.T.);
#970=ADVANCED_FACE('',(#1725),#1356,.F.);
#971=ADVANCED_FACE('',(#1726),#1357,.F.);
#972=ADVANCED_FACE('',(#1727),#1358,.F.);
#973=ADVANCED_FACE('',(#338,#339),#1359,.F.);
#974=ADVANCED_FACE('',(#340,#341),#184,.F.);
#975=ADVANCED_FACE('',(#342,#343),#1360,.F.);
#976=ADVANCED_FACE('',(#344,#345),#185,.F.);
#977=ADVANCED_FACE('',(#346,#347),#186,.T.);
#978=ADVANCED_FACE('',(#348,#349),#1361,.F.);
#979=ADVANCED_FACE('',(#350,#351),#1362,.F.);
#980=ADVANCED_FACE('',(#352,#353),#187,.T.);
#981=ADVANCED_FACE('',(#354,#355),#1363,.F.);
#982=ADVANCED_FACE('',(#356,#357),#188,.T.);
#983=ADVANCED_FACE('',(#358,#359),#1364,.F.);
#984=ADVANCED_FACE('',(#360,#361),#189,.T.);
#985=ADVANCED_FACE('',(#362,#363),#1365,.F.);
#986=ADVANCED_FACE('',(#364,#365),#190,.T.);
#987=ADVANCED_FACE('',(#1728),#1366,.T.);
#988=ADVANCED_FACE('',(#1729),#121,.T.);
#989=ADVANCED_FACE('',(#1730),#1367,.T.);
#990=ADVANCED_FACE('',(#1731),#1368,.F.);
#991=ADVANCED_FACE('',(#1732),#1369,.T.);
#992=ADVANCED_FACE('',(#1733),#1370,.T.);
#993=ADVANCED_FACE('',(#1734),#1371,.F.);
#994=ADVANCED_FACE('',(#1735),#1372,.F.);
#995=ADVANCED_FACE('',(#366,#367),#191,.F.);
#996=ADVANCED_FACE('',(#368,#369),#130,.F.);
#997=ADVANCED_FACE('',(#370,#371),#192,.F.);
#998=ADVANCED_FACE('',(#372,#373),#131,.F.);
#999=ADVANCED_FACE('',(#374,#375),#193,.F.);
#1000=ADVANCED_FACE('',(#1736),#1373,.T.);
#1001=ADVANCED_FACE('',(#1737),#1374,.T.);
#1002=ADVANCED_FACE('',(#1738),#1375,.T.);
#1003=ADVANCED_FACE('',(#1739),#1376,.F.);
#1004=ADVANCED_FACE('',(#376,#377),#194,.F.);
#1005=ADVANCED_FACE('',(#1740),#1377,.F.);
#1006=ADVANCED_FACE('',(#378,#379),#195,.F.);
#1007=ADVANCED_FACE('',(#1741),#1378,.F.);
#1008=ADVANCED_FACE('',(#380,#381),#196,.F.);
#1009=ADVANCED_FACE('',(#1742),#1379,.F.);
#1010=ADVANCED_FACE('',(#382,#383),#197,.F.);
#1011=ADVANCED_FACE('',(#384,#385),#198,.F.);
#1012=ADVANCED_FACE('',(#386,#387),#199,.F.);
#1013=ADVANCED_FACE('',(#1743),#200,.F.);
#1014=ADVANCED_FACE('',(#388,#389),#201,.F.);
#1015=ADVANCED_FACE('',(#1744),#1380,.F.);
#1016=ADVANCED_FACE('',(#1745),#1381,.F.);
#1017=ADVANCED_FACE('',(#1746),#1382,.T.);
#1018=ADVANCED_FACE('',(#1747),#1383,.F.);
#1019=ADVANCED_FACE('',(#1748),#1384,.F.);
#1020=ADVANCED_FACE('',(#1749),#1385,.T.);
#1021=ADVANCED_FACE('',(#1750),#122,.T.);
#1022=ADVANCED_FACE('',(#1751),#123,.F.);
#1023=ADVANCED_FACE('',(#1752),#202,.T.);
#1024=ADVANCED_FACE('',(#1753),#1386,.F.);
#1025=ADVANCED_FACE('',(#1754),#1387,.T.);
#1026=ADVANCED_FACE('',(#1755),#1388,.F.);
#1027=ADVANCED_FACE('',(#1756),#1389,.T.);
#1028=ADVANCED_FACE('',(#1757),#1390,.T.);
#1029=ADVANCED_FACE('',(#1758),#1391,.T.);
#1030=ADVANCED_FACE('',(#1759),#1392,.F.);
#1031=ADVANCED_FACE('',(#1760),#1393,.F.);
#1032=ADVANCED_FACE('',(#1761),#1394,.T.);
#1033=ADVANCED_FACE('',(#1762),#1395,.F.);
#1034=ADVANCED_FACE('',(#1763),#1396,.T.);
#1035=ADVANCED_FACE('',(#1764),#1397,.T.);
#1036=ADVANCED_FACE('',(#1765),#1398,.T.);
#1037=ADVANCED_FACE('',(#1766),#1399,.F.);
#1038=ADVANCED_FACE('',(#1767),#1400,.F.);
#1039=ADVANCED_FACE('',(#1768),#1401,.T.);
#1040=ADVANCED_FACE('',(#1769),#1402,.F.);
#1041=ADVANCED_FACE('',(#1770),#1403,.T.);
#1042=ADVANCED_FACE('',(#1771),#1404,.F.);
#1043=ADVANCED_FACE('',(#1772),#1405,.F.);
#1044=ADVANCED_FACE('',(#1773),#1406,.T.);
#1045=ADVANCED_FACE('',(#1774),#1407,.T.);
#1046=ADVANCED_FACE('',(#1775),#1408,.T.);
#1047=ADVANCED_FACE('',(#1776),#1409,.F.);
#1048=ADVANCED_FACE('',(#1777),#1410,.F.);
#1049=ADVANCED_FACE('',(#1778),#1411,.T.);
#1050=ADVANCED_FACE('',(#1779),#1412,.T.);
#1051=ADVANCED_FACE('',(#1780),#1413,.T.);
#1052=ADVANCED_FACE('',(#1781),#1414,.F.);
#1053=ADVANCED_FACE('',(#1782),#1415,.T.);
#1054=ADVANCED_FACE('',(#1783),#1416,.F.);
#1055=ADVANCED_FACE('',(#1784),#1417,.T.);
#1056=ADVANCED_FACE('',(#1785),#1418,.T.);
#1057=ADVANCED_FACE('',(#1786),#1419,.T.);
#1058=ADVANCED_FACE('',(#1787),#1420,.F.);
#1059=ADVANCED_FACE('',(#1788),#1421,.T.);
#1060=ADVANCED_FACE('',(#390,#391),#132,.F.);
#1061=ADVANCED_FACE('',(#392,#393),#203,.F.);
#1062=ADVANCED_FACE('',(#394,#395),#133,.F.);
#1063=ADVANCED_FACE('',(#396,#397),#204,.F.);
#1064=ADVANCED_FACE('',(#398,#399),#205,.F.);
#1065=ADVANCED_FACE('',(#400,#401),#134,.F.);
#1066=ADVANCED_FACE('',(#402,#403),#135,.F.);
#1067=ADVANCED_FACE('',(#404,#405),#206,.F.);
#1068=ADVANCED_FACE('',(#406,#407),#136,.F.);
#1069=ADVANCED_FACE('',(#408,#409),#207,.F.);
#1070=ADVANCED_FACE('',(#1789),#1422,.T.);
#1071=ADVANCED_FACE('',(#1790),#1423,.T.);
#1072=ADVANCED_FACE('',(#1791),#1424,.T.);
#1073=ADVANCED_FACE('',(#1792),#1425,.T.);
#1074=ADVANCED_FACE('',(#1793),#1426,.T.);
#1075=ADVANCED_FACE('',(#1794),#1427,.T.);
#1076=ADVANCED_FACE('',(#1795),#1428,.F.);
#1077=ADVANCED_FACE('',(#1796),#1429,.T.);
#1078=ADVANCED_FACE('',(#1797),#1430,.T.);
#1079=ADVANCED_FACE('',(#1798),#1431,.T.);
#1080=ADVANCED_FACE('',(#1799),#1432,.T.);
#1081=ADVANCED_FACE('',(#1800),#1433,.T.);
#1082=ADVANCED_FACE('',(#1801),#1434,.F.);
#1083=ADVANCED_FACE('',(#1802),#1435,.T.);
#1084=ADVANCED_FACE('',(#1803),#124,.T.);
#1085=ADVANCED_FACE('',(#1804),#1436,.T.);
#1086=ADVANCED_FACE('',(#1805),#1437,.T.);
#1087=ADVANCED_FACE('',(#1806),#1438,.T.);
#1088=ADVANCED_FACE('',(#1807),#1439,.T.);
#1089=ADVANCED_FACE('',(#1808),#1440,.T.);
#1090=ADVANCED_FACE('',(#1809),#1441,.T.);
#1091=ADVANCED_FACE('',(#1810),#1442,.F.);
#1092=ADVANCED_FACE('',(#1811),#1443,.T.);
#1093=ADVANCED_FACE('',(#410,#411),#137,.T.);
#1094=ADVANCED_FACE('',(#412,#413),#138,.T.);
#1095=ADVANCED_FACE('',(#414,#415),#139,.T.);
#1096=ADVANCED_FACE('',(#416,#417),#140,.T.);
#1097=ADVANCED_FACE('',(#418,#419),#141,.T.);
#1098=ADVANCED_FACE('',(#1812),#1444,.F.);
#1099=ADVANCED_FACE('',(#1813),#1445,.F.);
#1100=ADVANCED_FACE('',(#1814),#1446,.F.);
#1101=ADVANCED_FACE('',(#1815),#105,.T.);
#1102=ADVANCED_FACE('',(#1816),#106,.T.);
#1103=ADVANCED_FACE('',(#420,#421,#422),#1447,.T.);
#1104=ADVANCED_FACE('',(#1817),#1448,.F.);
#1105=ADVANCED_FACE('',(#1818),#1449,.T.);
#1106=ADVANCED_FACE('',(#1819),#1450,.T.);
#1107=ADVANCED_FACE('',(#1820),#1451,.T.);
#1108=ADVANCED_FACE('',(#1821),#1452,.T.);
#1109=ADVANCED_FACE('',(#1822),#1453,.T.);
#1110=ADVANCED_FACE('',(#1823),#1454,.T.);
#1111=ADVANCED_FACE('',(#1824),#1455,.T.);
#1112=ADVANCED_FACE('',(#1825),#1456,.F.);
#1113=ADVANCED_FACE('',(#1826),#1457,.F.);
#1114=ADVANCED_FACE('',(#1827),#1458,.F.);
#1115=ADVANCED_FACE('',(#1828),#1459,.T.);
#1116=ADVANCED_FACE('',(#1829),#1460,.T.);
#1117=ADVANCED_FACE('',(#1830),#1461,.T.);
#1118=ADVANCED_FACE('',(#1831),#1462,.F.);
#1119=ADVANCED_FACE('',(#1832),#1463,.T.);
#1120=ADVANCED_FACE('',(#1833),#1464,.T.);
#1121=ADVANCED_FACE('',(#1834),#1465,.T.);
#1122=ADVANCED_FACE('',(#423,#424),#142,.F.);
#1123=ADVANCED_FACE('',(#1835),#1466,.T.);
#1124=ADVANCED_FACE('',(#1836),#1467,.F.);
#1125=ADVANCED_FACE('',(#1837),#1468,.T.);
#1126=ADVANCED_FACE('',(#1838),#1469,.T.);
#1127=ADVANCED_FACE('',(#1839),#208,.F.);
#1128=ADVANCED_FACE('',(#1840),#209,.F.);
#1129=ADVANCED_FACE('',(#1841),#1470,.F.);
#1130=ADVANCED_FACE('',(#1842),#1471,.T.);
#1131=ADVANCED_FACE('',(#1843),#210,.F.);
#1132=ADVANCED_FACE('',(#1844),#1472,.T.);
#1133=ADVANCED_FACE('',(#1845),#1473,.F.);
#1134=ADVANCED_FACE('',(#1846),#1474,.F.);
#1135=ADVANCED_FACE('',(#1847),#1475,.F.);
#1136=ADVANCED_FACE('',(#1848),#1476,.F.);
#1137=ADVANCED_FACE('',(#425,#426),#1477,.T.);
#1138=ADVANCED_FACE('',(#1849),#1478,.F.);
#1139=ADVANCED_FACE('',(#1850),#1479,.F.);
#1140=ADVANCED_FACE('',(#427,#428),#211,.F.);
#1141=ADVANCED_FACE('',(#429,#430,#431),#1480,.T.);
#1142=ADVANCED_FACE('',(#1851),#1481,.F.);
#1143=ADVANCED_FACE('',(#1852),#1482,.F.);
#1144=ADVANCED_FACE('',(#1853),#1483,.T.);
#1145=ADVANCED_FACE('',(#1854),#1484,.T.);
#1146=ADVANCED_FACE('',(#432,#433,#434),#1485,.T.);
#1147=ADVANCED_FACE('',(#435,#436),#212,.F.);
#1148=ADVANCED_FACE('',(#437,#438),#213,.F.);
#1149=ADVANCED_FACE('',(#439,#440),#214,.F.);
#1150=ADVANCED_FACE('',(#441,#442,#443,#444,#445),#1486,.F.);
#1151=PLANE('',#8442);
#1152=PLANE('',#8443);
#1153=PLANE('',#8444);
#1154=PLANE('',#8449);
#1155=PLANE('',#8474);
#1156=PLANE('',#8476);
#1157=PLANE('',#8478);
#1158=PLANE('',#8479);
#1159=PLANE('',#8480);
#1160=PLANE('',#8481);
#1161=PLANE('',#8482);
#1162=PLANE('',#8484);
#1163=PLANE('',#8486);
#1164=PLANE('',#8487);
#1165=PLANE('',#8489);
#1166=PLANE('',#8492);
#1167=PLANE('',#8493);
#1168=PLANE('',#8496);
#1169=PLANE('',#8499);
#1170=PLANE('',#8500);
#1171=PLANE('',#8501);
#1172=PLANE('',#8502);
#1173=PLANE('',#8503);
#1174=PLANE('',#8504);
#1175=PLANE('',#8513);
#1176=PLANE('',#8514);
#1177=PLANE('',#8515);
#1178=PLANE('',#8516);
#1179=PLANE('',#8520);
#1180=PLANE('',#8522);
#1181=PLANE('',#8524);
#1182=PLANE('',#8527);
#1183=PLANE('',#8528);
#1184=PLANE('',#8529);
#1185=PLANE('',#8530);
#1186=PLANE('',#8536);
#1187=PLANE('',#8538);
#1188=PLANE('',#8543);
#1189=PLANE('',#8544);
#1190=PLANE('',#8555);
#1191=PLANE('',#8556);
#1192=PLANE('',#8557);
#1193=PLANE('',#8558);
#1194=PLANE('',#8559);
#1195=PLANE('',#8560);
#1196=PLANE('',#8565);
#1197=PLANE('',#8566);
#1198=PLANE('',#8567);
#1199=PLANE('',#8569);
#1200=PLANE('',#8571);
#1201=PLANE('',#8572);
#1202=PLANE('',#8573);
#1203=PLANE('',#8574);
#1204=PLANE('',#8576);
#1205=PLANE('',#8579);
#1206=PLANE('',#8580);
#1207=PLANE('',#8581);
#1208=PLANE('',#8582);
#1209=PLANE('',#8585);
#1210=PLANE('',#8587);
#1211=PLANE('',#8589);
#1212=PLANE('',#8590);
#1213=PLANE('',#8593);
#1214=PLANE('',#8594);
#1215=PLANE('',#8595);
#1216=PLANE('',#8596);
#1217=PLANE('',#8600);
#1218=PLANE('',#8603);
#1219=PLANE('',#8604);
#1220=PLANE('',#8606);
#1221=PLANE('',#8612);
#1222=PLANE('',#8613);
#1223=PLANE('',#8614);
#1224=PLANE('',#8615);
#1225=PLANE('',#8616);
#1226=PLANE('',#8617);
#1227=PLANE('',#8620);
#1228=PLANE('',#8621);
#1229=PLANE('',#8622);
#1230=PLANE('',#8623);
#1231=PLANE('',#8624);
#1232=PLANE('',#8625);
#1233=PLANE('',#8626);
#1234=PLANE('',#8627);
#1235=PLANE('',#8635);
#1236=PLANE('',#8636);
#1237=PLANE('',#8640);
#1238=PLANE('',#8647);
#1239=PLANE('',#8648);
#1240=PLANE('',#8650);
#1241=PLANE('',#8652);
#1242=PLANE('',#8653);
#1243=PLANE('',#8655);
#1244=PLANE('',#8656);
#1245=PLANE('',#8657);
#1246=PLANE('',#8660);
#1247=PLANE('',#8661);
#1248=PLANE('',#8662);
#1249=PLANE('',#8663);
#1250=PLANE('',#8664);
#1251=PLANE('',#8665);
#1252=PLANE('',#8669);
#1253=PLANE('',#8670);
#1254=PLANE('',#8671);
#1255=PLANE('',#8672);
#1256=PLANE('',#8673);
#1257=PLANE('',#8674);
#1258=PLANE('',#8675);
#1259=PLANE('',#8676);
#1260=PLANE('',#8677);
#1261=PLANE('',#8678);
#1262=PLANE('',#8683);
#1263=PLANE('',#8685);
#1264=PLANE('',#8687);
#1265=PLANE('',#8688);
#1266=PLANE('',#8692);
#1267=PLANE('',#8696);
#1268=PLANE('',#8697);
#1269=PLANE('',#8698);
#1270=PLANE('',#8702);
#1271=PLANE('',#8707);
#1272=PLANE('',#8708);
#1273=PLANE('',#8709);
#1274=PLANE('',#8712);
#1275=PLANE('',#8713);
#1276=PLANE('',#8714);
#1277=PLANE('',#8715);
#1278=PLANE('',#8716);
#1279=PLANE('',#8717);
#1280=PLANE('',#8718);
#1281=PLANE('',#8719);
#1282=PLANE('',#8720);
#1283=PLANE('',#8724);
#1284=PLANE('',#8725);
#1285=PLANE('',#8726);
#1286=PLANE('',#8727);
#1287=PLANE('',#8729);
#1288=PLANE('',#8733);
#1289=PLANE('',#8734);
#1290=PLANE('',#8735);
#1291=PLANE('',#8736);
#1292=PLANE('',#8737);
#1293=PLANE('',#8738);
#1294=PLANE('',#8746);
#1295=PLANE('',#8747);
#1296=PLANE('',#8748);
#1297=PLANE('',#8749);
#1298=PLANE('',#8750);
#1299=PLANE('',#8751);
#1300=PLANE('',#8752);
#1301=PLANE('',#8756);
#1302=PLANE('',#8757);
#1303=PLANE('',#8758);
#1304=PLANE('',#8761);
#1305=PLANE('',#8764);
#1306=PLANE('',#8765);
#1307=PLANE('',#8767);
#1308=PLANE('',#8769);
#1309=PLANE('',#8770);
#1310=PLANE('',#8773);
#1311=PLANE('',#8776);
#1312=PLANE('',#8779);
#1313=PLANE('',#8780);
#1314=PLANE('',#8781);
#1315=PLANE('',#8784);
#1316=PLANE('',#8785);
#1317=PLANE('',#8787);
#1318=PLANE('',#8791);
#1319=PLANE('',#8795);
#1320=PLANE('',#8799);
#1321=PLANE('',#8803);
#1322=PLANE('',#8804);
#1323=PLANE('',#8807);
#1324=PLANE('',#8810);
#1325=PLANE('',#8813);
#1326=PLANE('',#8816);
#1327=PLANE('',#8817);
#1328=PLANE('',#8818);
#1329=PLANE('',#8819);
#1330=PLANE('',#8820);
#1331=PLANE('',#8821);
#1332=PLANE('',#8823);
#1333=PLANE('',#8825);
#1334=PLANE('',#8826);
#1335=PLANE('',#8827);
#1336=PLANE('',#8829);
#1337=PLANE('',#8831);
#1338=PLANE('',#8836);
#1339=PLANE('',#8837);
#1340=PLANE('',#8838);
#1341=PLANE('',#8839);
#1342=PLANE('',#8840);
#1343=PLANE('',#8841);
#1344=PLANE('',#8848);
#1345=PLANE('',#8856);
#1346=PLANE('',#8857);
#1347=PLANE('',#8858);
#1348=PLANE('',#8859);
#1349=PLANE('',#8860);
#1350=PLANE('',#8861);
#1351=PLANE('',#8862);
#1352=PLANE('',#8863);
#1353=PLANE('',#8864);
#1354=PLANE('',#8865);
#1355=PLANE('',#8866);
#1356=PLANE('',#8867);
#1357=PLANE('',#8868);
#1358=PLANE('',#8869);
#1359=PLANE('',#8871);
#1360=PLANE('',#8874);
#1361=PLANE('',#8881);
#1362=PLANE('',#8884);
#1363=PLANE('',#8890);
#1364=PLANE('',#8895);
#1365=PLANE('',#8900);
#1366=PLANE('',#8903);
#1367=PLANE('',#8904);
#1368=PLANE('',#8905);
#1369=PLANE('',#8906);
#1370=PLANE('',#8907);
#1371=PLANE('',#8908);
#1372=PLANE('',#8909);
#1373=PLANE('',#8919);
#1374=PLANE('',#8920);
#1375=PLANE('',#8921);
#1376=PLANE('',#8923);
#1377=PLANE('',#8926);
#1378=PLANE('',#8929);
#1379=PLANE('',#8932);
#1380=PLANE('',#8942);
#1381=PLANE('',#8943);
#1382=PLANE('',#8944);
#1383=PLANE('',#8945);
#1384=PLANE('',#8946);
#1385=PLANE('',#8947);
#1386=PLANE('',#8949);
#1387=PLANE('',#8950);
#1388=PLANE('',#8951);
#1389=PLANE('',#8952);
#1390=PLANE('',#8953);
#1391=PLANE('',#8954);
#1392=PLANE('',#8955);
#1393=PLANE('',#8956);
#1394=PLANE('',#8957);
#1395=PLANE('',#8958);
#1396=PLANE('',#8959);
#1397=PLANE('',#8960);
#1398=PLANE('',#8961);
#1399=PLANE('',#8962);
#1400=PLANE('',#8963);
#1401=PLANE('',#8964);
#1402=PLANE('',#8965);
#1403=PLANE('',#8966);
#1404=PLANE('',#8967);
#1405=PLANE('',#8968);
#1406=PLANE('',#8969);
#1407=PLANE('',#8970);
#1408=PLANE('',#8971);
#1409=PLANE('',#8972);
#1410=PLANE('',#8973);
#1411=PLANE('',#8974);
#1412=PLANE('',#8975);
#1413=PLANE('',#8976);
#1414=PLANE('',#8977);
#1415=PLANE('',#8978);
#1416=PLANE('',#8979);
#1417=PLANE('',#8980);
#1418=PLANE('',#8981);
#1419=PLANE('',#8982);
#1420=PLANE('',#8983);
#1421=PLANE('',#8984);
#1422=PLANE('',#9005);
#1423=PLANE('',#9006);
#1424=PLANE('',#9007);
#1425=PLANE('',#9008);
#1426=PLANE('',#9009);
#1427=PLANE('',#9010);
#1428=PLANE('',#9011);
#1429=PLANE('',#9012);
#1430=PLANE('',#9013);
#1431=PLANE('',#9014);
#1432=PLANE('',#9015);
#1433=PLANE('',#9016);
#1434=PLANE('',#9017);
#1435=PLANE('',#9018);
#1436=PLANE('',#9019);
#1437=PLANE('',#9020);
#1438=PLANE('',#9021);
#1439=PLANE('',#9022);
#1440=PLANE('',#9023);
#1441=PLANE('',#9024);
#1442=PLANE('',#9025);
#1443=PLANE('',#9026);
#1444=PLANE('',#9032);
#1445=PLANE('',#9033);
#1446=PLANE('',#9034);
#1447=PLANE('',#9039);
#1448=PLANE('',#9040);
#1449=PLANE('',#9041);
#1450=PLANE('',#9042);
#1451=PLANE('',#9043);
#1452=PLANE('',#9044);
#1453=PLANE('',#9045);
#1454=PLANE('',#9046);
#1455=PLANE('',#9047);
#1456=PLANE('',#9048);
#1457=PLANE('',#9049);
#1458=PLANE('',#9050);
#1459=PLANE('',#9051);
#1460=PLANE('',#9052);
#1461=PLANE('',#9053);
#1462=PLANE('',#9054);
#1463=PLANE('',#9055);
#1464=PLANE('',#9056);
#1465=PLANE('',#9057);
#1466=PLANE('',#9059);
#1467=PLANE('',#9060);
#1468=PLANE('',#9061);
#1469=PLANE('',#9062);
#1470=PLANE('',#9065);
#1471=PLANE('',#9066);
#1472=PLANE('',#9068);
#1473=PLANE('',#9069);
#1474=PLANE('',#9070);
#1475=PLANE('',#9071);
#1476=PLANE('',#9072);
#1477=PLANE('',#9073);
#1478=PLANE('',#9074);
#1479=PLANE('',#9075);
#1480=PLANE('',#9081);
#1481=PLANE('',#9082);
#1482=PLANE('',#9083);
#1483=PLANE('',#9084);
#1484=PLANE('',#9085);
#1485=PLANE('',#9087);
#1486=PLANE('',#9094);
#1487=FACE_OUTER_BOUND('',#1855,.T.);
#1488=FACE_OUTER_BOUND('',#1856,.T.);
#1489=FACE_OUTER_BOUND('',#1857,.T.);
#1490=FACE_OUTER_BOUND('',#1865,.T.);
#1491=FACE_OUTER_BOUND('',#1866,.T.);
#1492=FACE_OUTER_BOUND('',#1867,.T.);
#1493=FACE_OUTER_BOUND('',#1868,.T.);
#1494=FACE_OUTER_BOUND('',#1869,.T.);
#1495=FACE_OUTER_BOUND('',#1870,.T.);
#1496=FACE_OUTER_BOUND('',#1871,.T.);
#1497=FACE_OUTER_BOUND('',#1872,.T.);
#1498=FACE_OUTER_BOUND('',#1873,.T.);
#1499=FACE_OUTER_BOUND('',#1874,.T.);
#1500=FACE_OUTER_BOUND('',#1877,.T.);
#1501=FACE_OUTER_BOUND('',#1878,.T.);
#1502=FACE_OUTER_BOUND('',#1879,.T.);
#1503=FACE_OUTER_BOUND('',#1882,.T.);
#1504=FACE_OUTER_BOUND('',#1883,.T.);
#1505=FACE_OUTER_BOUND('',#1884,.T.);
#1506=FACE_OUTER_BOUND('',#1885,.T.);
#1507=FACE_OUTER_BOUND('',#1886,.T.);
#1508=FACE_OUTER_BOUND('',#1890,.T.);
#1509=FACE_OUTER_BOUND('',#1891,.T.);
#1510=FACE_OUTER_BOUND('',#1892,.T.);
#1511=FACE_OUTER_BOUND('',#1893,.T.);
#1512=FACE_OUTER_BOUND('',#1894,.T.);
#1513=FACE_OUTER_BOUND('',#1895,.T.);
#1514=FACE_OUTER_BOUND('',#1896,.T.);
#1515=FACE_OUTER_BOUND('',#1897,.T.);
#1516=FACE_OUTER_BOUND('',#1898,.T.);
#1517=FACE_OUTER_BOUND('',#1899,.T.);
#1518=FACE_OUTER_BOUND('',#1900,.T.);
#1519=FACE_OUTER_BOUND('',#1901,.T.);
#1520=FACE_OUTER_BOUND('',#1904,.T.);
#1521=FACE_OUTER_BOUND('',#1905,.T.);
#1522=FACE_OUTER_BOUND('',#1906,.T.);
#1523=FACE_OUTER_BOUND('',#1907,.T.);
#1524=FACE_OUTER_BOUND('',#1908,.T.);
#1525=FACE_OUTER_BOUND('',#1909,.T.);
#1526=FACE_OUTER_BOUND('',#1910,.T.);
#1527=FACE_OUTER_BOUND('',#1911,.T.);
#1528=FACE_OUTER_BOUND('',#1912,.T.);
#1529=FACE_OUTER_BOUND('',#1913,.T.);
#1530=FACE_OUTER_BOUND('',#1914,.T.);
#1531=FACE_OUTER_BOUND('',#1915,.T.);
#1532=FACE_OUTER_BOUND('',#1916,.T.);
#1533=FACE_OUTER_BOUND('',#1917,.T.);
#1534=FACE_OUTER_BOUND('',#1918,.T.);
#1535=FACE_OUTER_BOUND('',#1919,.T.);
#1536=FACE_OUTER_BOUND('',#1920,.T.);
#1537=FACE_OUTER_BOUND('',#1921,.T.);
#1538=FACE_OUTER_BOUND('',#1922,.T.);
#1539=FACE_OUTER_BOUND('',#1923,.T.);
#1540=FACE_OUTER_BOUND('',#1924,.T.);
#1541=FACE_OUTER_BOUND('',#1925,.T.);
#1542=FACE_OUTER_BOUND('',#1926,.T.);
#1543=FACE_OUTER_BOUND('',#1927,.T.);
#1544=FACE_OUTER_BOUND('',#1928,.T.);
#1545=FACE_OUTER_BOUND('',#1929,.T.);
#1546=FACE_OUTER_BOUND('',#1930,.T.);
#1547=FACE_OUTER_BOUND('',#1931,.T.);
#1548=FACE_OUTER_BOUND('',#1932,.T.);
#1549=FACE_OUTER_BOUND('',#1933,.T.);
#1550=FACE_OUTER_BOUND('',#1934,.T.);
#1551=FACE_OUTER_BOUND('',#1935,.T.);
#1552=FACE_OUTER_BOUND('',#1936,.T.);
#1553=FACE_OUTER_BOUND('',#1937,.T.);
#1554=FACE_OUTER_BOUND('',#1938,.T.);
#1555=FACE_OUTER_BOUND('',#1939,.T.);
#1556=FACE_OUTER_BOUND('',#1940,.T.);
#1557=FACE_OUTER_BOUND('',#1941,.T.);
#1558=FACE_OUTER_BOUND('',#1942,.T.);
#1559=FACE_OUTER_BOUND('',#1943,.T.);
#1560=FACE_OUTER_BOUND('',#1944,.T.);
#1561=FACE_OUTER_BOUND('',#1945,.T.);
#1562=FACE_OUTER_BOUND('',#1946,.T.);
#1563=FACE_OUTER_BOUND('',#1947,.T.);
#1564=FACE_OUTER_BOUND('',#1948,.T.);
#1565=FACE_OUTER_BOUND('',#1949,.T.);
#1566=FACE_OUTER_BOUND('',#1950,.T.);
#1567=FACE_OUTER_BOUND('',#1951,.T.);
#1568=FACE_OUTER_BOUND('',#1952,.T.);
#1569=FACE_OUTER_BOUND('',#1953,.T.);
#1570=FACE_OUTER_BOUND('',#1954,.T.);
#1571=FACE_OUTER_BOUND('',#1955,.T.);
#1572=FACE_OUTER_BOUND('',#1956,.T.);
#1573=FACE_OUTER_BOUND('',#1957,.T.);
#1574=FACE_OUTER_BOUND('',#1960,.T.);
#1575=FACE_OUTER_BOUND('',#1961,.T.);
#1576=FACE_OUTER_BOUND('',#1965,.T.);
#1577=FACE_OUTER_BOUND('',#1966,.T.);
#1578=FACE_OUTER_BOUND('',#1967,.T.);
#1579=FACE_OUTER_BOUND('',#1968,.T.);
#1580=FACE_OUTER_BOUND('',#1969,.T.);
#1581=FACE_OUTER_BOUND('',#1970,.T.);
#1582=FACE_OUTER_BOUND('',#1971,.T.);
#1583=FACE_OUTER_BOUND('',#1972,.T.);
#1584=FACE_OUTER_BOUND('',#1973,.T.);
#1585=FACE_OUTER_BOUND('',#1974,.T.);
#1586=FACE_OUTER_BOUND('',#1975,.T.);
#1587=FACE_OUTER_BOUND('',#1978,.T.);
#1588=FACE_OUTER_BOUND('',#1983,.T.);
#1589=FACE_OUTER_BOUND('',#1984,.T.);
#1590=FACE_OUTER_BOUND('',#1985,.T.);
#1591=FACE_OUTER_BOUND('',#1986,.T.);
#1592=FACE_OUTER_BOUND('',#1987,.T.);
#1593=FACE_OUTER_BOUND('',#1988,.T.);
#1594=FACE_OUTER_BOUND('',#1989,.T.);
#1595=FACE_OUTER_BOUND('',#1990,.T.);
#1596=FACE_OUTER_BOUND('',#1993,.T.);
#1597=FACE_OUTER_BOUND('',#1994,.T.);
#1598=FACE_OUTER_BOUND('',#1995,.T.);
#1599=FACE_OUTER_BOUND('',#1996,.T.);
#1600=FACE_OUTER_BOUND('',#2013,.T.);
#1601=FACE_OUTER_BOUND('',#2014,.T.);
#1602=FACE_OUTER_BOUND('',#2018,.T.);
#1603=FACE_OUTER_BOUND('',#2019,.T.);
#1604=FACE_OUTER_BOUND('',#2020,.T.);
#1605=FACE_OUTER_BOUND('',#2021,.T.);
#1606=FACE_OUTER_BOUND('',#2022,.T.);
#1607=FACE_OUTER_BOUND('',#2023,.T.);
#1608=FACE_OUTER_BOUND('',#2024,.T.);
#1609=FACE_OUTER_BOUND('',#2025,.T.);
#1610=FACE_OUTER_BOUND('',#2026,.T.);
#1611=FACE_OUTER_BOUND('',#2027,.T.);
#1612=FACE_OUTER_BOUND('',#2028,.T.);
#1613=FACE_OUTER_BOUND('',#2029,.T.);
#1614=FACE_OUTER_BOUND('',#2030,.T.);
#1615=FACE_OUTER_BOUND('',#2031,.T.);
#1616=FACE_OUTER_BOUND('',#2032,.T.);
#1617=FACE_OUTER_BOUND('',#2033,.T.);
#1618=FACE_OUTER_BOUND('',#2034,.T.);
#1619=FACE_OUTER_BOUND('',#2035,.T.);
#1620=FACE_OUTER_BOUND('',#2036,.T.);
#1621=FACE_OUTER_BOUND('',#2037,.T.);
#1622=FACE_OUTER_BOUND('',#2038,.T.);
#1623=FACE_OUTER_BOUND('',#2039,.T.);
#1624=FACE_OUTER_BOUND('',#2040,.T.);
#1625=FACE_OUTER_BOUND('',#2041,.T.);
#1626=FACE_OUTER_BOUND('',#2042,.T.);
#1627=FACE_OUTER_BOUND('',#2043,.T.);
#1628=FACE_OUTER_BOUND('',#2044,.T.);
#1629=FACE_OUTER_BOUND('',#2047,.T.);
#1630=FACE_OUTER_BOUND('',#2048,.T.);
#1631=FACE_OUTER_BOUND('',#2049,.T.);
#1632=FACE_OUTER_BOUND('',#2050,.T.);
#1633=FACE_OUTER_BOUND('',#2051,.T.);
#1634=FACE_OUTER_BOUND('',#2052,.T.);
#1635=FACE_OUTER_BOUND('',#2053,.T.);
#1636=FACE_OUTER_BOUND('',#2054,.T.);
#1637=FACE_OUTER_BOUND('',#2055,.T.);
#1638=FACE_OUTER_BOUND('',#2056,.T.);
#1639=FACE_OUTER_BOUND('',#2057,.T.);
#1640=FACE_OUTER_BOUND('',#2058,.T.);
#1641=FACE_OUTER_BOUND('',#2061,.T.);
#1642=FACE_OUTER_BOUND('',#2062,.T.);
#1643=FACE_OUTER_BOUND('',#2063,.T.);
#1644=FACE_OUTER_BOUND('',#2064,.T.);
#1645=FACE_OUTER_BOUND('',#2065,.T.);
#1646=FACE_OUTER_BOUND('',#2066,.T.);
#1647=FACE_OUTER_BOUND('',#2067,.T.);
#1648=FACE_OUTER_BOUND('',#2068,.T.);
#1649=FACE_OUTER_BOUND('',#2069,.T.);
#1650=FACE_OUTER_BOUND('',#2070,.T.);
#1651=FACE_OUTER_BOUND('',#2071,.T.);
#1652=FACE_OUTER_BOUND('',#2072,.T.);
#1653=FACE_OUTER_BOUND('',#2073,.T.);
#1654=FACE_OUTER_BOUND('',#2074,.T.);
#1655=FACE_OUTER_BOUND('',#2075,.T.);
#1656=FACE_OUTER_BOUND('',#2076,.T.);
#1657=FACE_OUTER_BOUND('',#2077,.T.);
#1658=FACE_OUTER_BOUND('',#2078,.T.);
#1659=FACE_OUTER_BOUND('',#2079,.T.);
#1660=FACE_OUTER_BOUND('',#2080,.T.);
#1661=FACE_OUTER_BOUND('',#2081,.T.);
#1662=FACE_OUTER_BOUND('',#2082,.T.);
#1663=FACE_OUTER_BOUND('',#2083,.T.);
#1664=FACE_OUTER_BOUND('',#2084,.T.);
#1665=FACE_OUTER_BOUND('',#2085,.T.);
#1666=FACE_OUTER_BOUND('',#2086,.T.);
#1667=FACE_OUTER_BOUND('',#2087,.T.);
#1668=FACE_OUTER_BOUND('',#2088,.T.);
#1669=FACE_OUTER_BOUND('',#2089,.T.);
#1670=FACE_OUTER_BOUND('',#2090,.T.);
#1671=FACE_OUTER_BOUND('',#2091,.T.);
#1672=FACE_OUTER_BOUND('',#2092,.T.);
#1673=FACE_OUTER_BOUND('',#2093,.T.);
#1674=FACE_OUTER_BOUND('',#2094,.T.);
#1675=FACE_OUTER_BOUND('',#2095,.T.);
#1676=FACE_OUTER_BOUND('',#2096,.T.);
#1677=FACE_OUTER_BOUND('',#2097,.T.);
#1678=FACE_OUTER_BOUND('',#2098,.T.);
#1679=FACE_OUTER_BOUND('',#2099,.T.);
#1680=FACE_OUTER_BOUND('',#2100,.T.);
#1681=FACE_OUTER_BOUND('',#2101,.T.);
#1682=FACE_OUTER_BOUND('',#2102,.T.);
#1683=FACE_OUTER_BOUND('',#2103,.T.);
#1684=FACE_OUTER_BOUND('',#2104,.T.);
#1685=FACE_OUTER_BOUND('',#2105,.T.);
#1686=FACE_OUTER_BOUND('',#2106,.T.);
#1687=FACE_OUTER_BOUND('',#2107,.T.);
#1688=FACE_OUTER_BOUND('',#2108,.T.);
#1689=FACE_OUTER_BOUND('',#2109,.T.);
#1690=FACE_OUTER_BOUND('',#2114,.T.);
#1691=FACE_OUTER_BOUND('',#2115,.T.);
#1692=FACE_OUTER_BOUND('',#2116,.T.);
#1693=FACE_OUTER_BOUND('',#2117,.T.);
#1694=FACE_OUTER_BOUND('',#2118,.T.);
#1695=FACE_OUTER_BOUND('',#2119,.T.);
#1696=FACE_OUTER_BOUND('',#2120,.T.);
#1697=FACE_OUTER_BOUND('',#2121,.T.);
#1698=FACE_OUTER_BOUND('',#2122,.T.);
#1699=FACE_OUTER_BOUND('',#2123,.T.);
#1700=FACE_OUTER_BOUND('',#2124,.T.);
#1701=FACE_OUTER_BOUND('',#2125,.T.);
#1702=FACE_OUTER_BOUND('',#2126,.T.);
#1703=FACE_OUTER_BOUND('',#2127,.T.);
#1704=FACE_OUTER_BOUND('',#2128,.T.);
#1705=FACE_OUTER_BOUND('',#2129,.T.);
#1706=FACE_OUTER_BOUND('',#2130,.T.);
#1707=FACE_OUTER_BOUND('',#2134,.T.);
#1708=FACE_OUTER_BOUND('',#2135,.T.);
#1709=FACE_OUTER_BOUND('',#2136,.T.);
#1710=FACE_OUTER_BOUND('',#2137,.T.);
#1711=FACE_OUTER_BOUND('',#2138,.T.);
#1712=FACE_OUTER_BOUND('',#2139,.T.);
#1713=FACE_OUTER_BOUND('',#2140,.T.);
#1714=FACE_OUTER_BOUND('',#2141,.T.);
#1715=FACE_OUTER_BOUND('',#2142,.T.);
#1716=FACE_OUTER_BOUND('',#2143,.T.);
#1717=FACE_OUTER_BOUND('',#2144,.T.);
#1718=FACE_OUTER_BOUND('',#2145,.T.);
#1719=FACE_OUTER_BOUND('',#2146,.T.);
#1720=FACE_OUTER_BOUND('',#2147,.T.);
#1721=FACE_OUTER_BOUND('',#2148,.T.);
#1722=FACE_OUTER_BOUND('',#2149,.T.);
#1723=FACE_OUTER_BOUND('',#2150,.T.);
#1724=FACE_OUTER_BOUND('',#2151,.T.);
#1725=FACE_OUTER_BOUND('',#2152,.T.);
#1726=FACE_OUTER_BOUND('',#2153,.T.);
#1727=FACE_OUTER_BOUND('',#2154,.T.);
#1728=FACE_OUTER_BOUND('',#2183,.T.);
#1729=FACE_OUTER_BOUND('',#2184,.T.);
#1730=FACE_OUTER_BOUND('',#2185,.T.);
#1731=FACE_OUTER_BOUND('',#2186,.T.);
#1732=FACE_OUTER_BOUND('',#2187,.T.);
#1733=FACE_OUTER_BOUND('',#2188,.T.);
#1734=FACE_OUTER_BOUND('',#2189,.T.);
#1735=FACE_OUTER_BOUND('',#2190,.T.);
#1736=FACE_OUTER_BOUND('',#2201,.T.);
#1737=FACE_OUTER_BOUND('',#2202,.T.);
#1738=FACE_OUTER_BOUND('',#2203,.T.);
#1739=FACE_OUTER_BOUND('',#2204,.T.);
#1740=FACE_OUTER_BOUND('',#2207,.T.);
#1741=FACE_OUTER_BOUND('',#2210,.T.);
#1742=FACE_OUTER_BOUND('',#2213,.T.);
#1743=FACE_OUTER_BOUND('',#2220,.T.);
#1744=FACE_OUTER_BOUND('',#2223,.T.);
#1745=FACE_OUTER_BOUND('',#2224,.T.);
#1746=FACE_OUTER_BOUND('',#2225,.T.);
#1747=FACE_OUTER_BOUND('',#2226,.T.);
#1748=FACE_OUTER_BOUND('',#2227,.T.);
#1749=FACE_OUTER_BOUND('',#2228,.T.);
#1750=FACE_OUTER_BOUND('',#2229,.T.);
#1751=FACE_OUTER_BOUND('',#2230,.T.);
#1752=FACE_OUTER_BOUND('',#2231,.T.);
#1753=FACE_OUTER_BOUND('',#2232,.T.);
#1754=FACE_OUTER_BOUND('',#2233,.T.);
#1755=FACE_OUTER_BOUND('',#2234,.T.);
#1756=FACE_OUTER_BOUND('',#2235,.T.);
#1757=FACE_OUTER_BOUND('',#2236,.T.);
#1758=FACE_OUTER_BOUND('',#2237,.T.);
#1759=FACE_OUTER_BOUND('',#2238,.T.);
#1760=FACE_OUTER_BOUND('',#2239,.T.);
#1761=FACE_OUTER_BOUND('',#2240,.T.);
#1762=FACE_OUTER_BOUND('',#2241,.T.);
#1763=FACE_OUTER_BOUND('',#2242,.T.);
#1764=FACE_OUTER_BOUND('',#2243,.T.);
#1765=FACE_OUTER_BOUND('',#2244,.T.);
#1766=FACE_OUTER_BOUND('',#2245,.T.);
#1767=FACE_OUTER_BOUND('',#2246,.T.);
#1768=FACE_OUTER_BOUND('',#2247,.T.);
#1769=FACE_OUTER_BOUND('',#2248,.T.);
#1770=FACE_OUTER_BOUND('',#2249,.T.);
#1771=FACE_OUTER_BOUND('',#2250,.T.);
#1772=FACE_OUTER_BOUND('',#2251,.T.);
#1773=FACE_OUTER_BOUND('',#2252,.T.);
#1774=FACE_OUTER_BOUND('',#2253,.T.);
#1775=FACE_OUTER_BOUND('',#2254,.T.);
#1776=FACE_OUTER_BOUND('',#2255,.T.);
#1777=FACE_OUTER_BOUND('',#2256,.T.);
#1778=FACE_OUTER_BOUND('',#2257,.T.);
#1779=FACE_OUTER_BOUND('',#2258,.T.);
#1780=FACE_OUTER_BOUND('',#2259,.T.);
#1781=FACE_OUTER_BOUND('',#2260,.T.);
#1782=FACE_OUTER_BOUND('',#2261,.T.);
#1783=FACE_OUTER_BOUND('',#2262,.T.);
#1784=FACE_OUTER_BOUND('',#2263,.T.);
#1785=FACE_OUTER_BOUND('',#2264,.T.);
#1786=FACE_OUTER_BOUND('',#2265,.T.);
#1787=FACE_OUTER_BOUND('',#2266,.T.);
#1788=FACE_OUTER_BOUND('',#2267,.T.);
#1789=FACE_OUTER_BOUND('',#2288,.T.);
#1790=FACE_OUTER_BOUND('',#2289,.T.);
#1791=FACE_OUTER_BOUND('',#2290,.T.);
#1792=FACE_OUTER_BOUND('',#2291,.T.);
#1793=FACE_OUTER_BOUND('',#2292,.T.);
#1794=FACE_OUTER_BOUND('',#2293,.T.);
#1795=FACE_OUTER_BOUND('',#2294,.T.);
#1796=FACE_OUTER_BOUND('',#2295,.T.);
#1797=FACE_OUTER_BOUND('',#2296,.T.);
#1798=FACE_OUTER_BOUND('',#2297,.T.);
#1799=FACE_OUTER_BOUND('',#2298,.T.);
#1800=FACE_OUTER_BOUND('',#2299,.T.);
#1801=FACE_OUTER_BOUND('',#2300,.T.);
#1802=FACE_OUTER_BOUND('',#2301,.T.);
#1803=FACE_OUTER_BOUND('',#2302,.T.);
#1804=FACE_OUTER_BOUND('',#2303,.T.);
#1805=FACE_OUTER_BOUND('',#2304,.T.);
#1806=FACE_OUTER_BOUND('',#2305,.T.);
#1807=FACE_OUTER_BOUND('',#2306,.T.);
#1808=FACE_OUTER_BOUND('',#2307,.T.);
#1809=FACE_OUTER_BOUND('',#2308,.T.);
#1810=FACE_OUTER_BOUND('',#2309,.T.);
#1811=FACE_OUTER_BOUND('',#2310,.T.);
#1812=FACE_OUTER_BOUND('',#2321,.T.);
#1813=FACE_OUTER_BOUND('',#2322,.T.);
#1814=FACE_OUTER_BOUND('',#2323,.T.);
#1815=FACE_OUTER_BOUND('',#2324,.T.);
#1816=FACE_OUTER_BOUND('',#2325,.T.);
#1817=FACE_OUTER_BOUND('',#2329,.T.);
#1818=FACE_OUTER_BOUND('',#2330,.T.);
#1819=FACE_OUTER_BOUND('',#2331,.T.);
#1820=FACE_OUTER_BOUND('',#2332,.T.);
#1821=FACE_OUTER_BOUND('',#2333,.T.);
#1822=FACE_OUTER_BOUND('',#2334,.T.);
#1823=FACE_OUTER_BOUND('',#2335,.T.);
#1824=FACE_OUTER_BOUND('',#2336,.T.);
#1825=FACE_OUTER_BOUND('',#2337,.T.);
#1826=FACE_OUTER_BOUND('',#2338,.T.);
#1827=FACE_OUTER_BOUND('',#2339,.T.);
#1828=FACE_OUTER_BOUND('',#2340,.T.);
#1829=FACE_OUTER_BOUND('',#2341,.T.);
#1830=FACE_OUTER_BOUND('',#2342,.T.);
#1831=FACE_OUTER_BOUND('',#2343,.T.);
#1832=FACE_OUTER_BOUND('',#2344,.T.);
#1833=FACE_OUTER_BOUND('',#2345,.T.);
#1834=FACE_OUTER_BOUND('',#2346,.T.);
#1835=FACE_OUTER_BOUND('',#2349,.T.);
#1836=FACE_OUTER_BOUND('',#2350,.T.);
#1837=FACE_OUTER_BOUND('',#2351,.T.);
#1838=FACE_OUTER_BOUND('',#2352,.T.);
#1839=FACE_OUTER_BOUND('',#2353,.T.);
#1840=FACE_OUTER_BOUND('',#2354,.T.);
#1841=FACE_OUTER_BOUND('',#2355,.T.);
#1842=FACE_OUTER_BOUND('',#2356,.T.);
#1843=FACE_OUTER_BOUND('',#2357,.T.);
#1844=FACE_OUTER_BOUND('',#2358,.T.);
#1845=FACE_OUTER_BOUND('',#2359,.T.);
#1846=FACE_OUTER_BOUND('',#2360,.T.);
#1847=FACE_OUTER_BOUND('',#2361,.T.);
#1848=FACE_OUTER_BOUND('',#2362,.T.);
#1849=FACE_OUTER_BOUND('',#2365,.T.);
#1850=FACE_OUTER_BOUND('',#2366,.T.);
#1851=FACE_OUTER_BOUND('',#2372,.F.);
#1852=FACE_OUTER_BOUND('',#2373,.F.);
#1853=FACE_OUTER_BOUND('',#2374,.F.);
#1854=FACE_OUTER_BOUND('',#2375,.F.);
#1855=EDGE_LOOP('',(#2390,#2391,#2392,#2393,#2394,#2395,#2396,#2397));
#1856=EDGE_LOOP('',(#2398,#2399,#2400,#2401));
#1857=EDGE_LOOP('',(#2402,#2403,#2404,#2405,#2406,#2407,#2408,#2409));
#1858=EDGE_LOOP('',(#2410));
#1859=EDGE_LOOP('',(#2411,#2412,#2413,#2414));
#1860=EDGE_LOOP('',(#2415,#2416,#2417,#2418,#2419,#2420,#2421,#2422,#2423,
#2424,#2425,#2426,#2427));
#1861=EDGE_LOOP('',(#2428));
#1862=EDGE_LOOP('',(#2429,#2430,#2431,#2432,#2433,#2434,#2435,#2436,#2437,
#2438,#2439,#2440,#2441,#2442,#2443));
#1863=EDGE_LOOP('',(#2444));
#1864=EDGE_LOOP('',(#2445,#2446,#2447,#2448,#2449,#2450,#2451,#2452,#2453,
#2454,#2455,#2456,#2457,#2458));
#1865=EDGE_LOOP('',(#2459,#2460,#2461,#2462,#2463,#2464,#2465,#2466,#2467,
#2468,#2469,#2470,#2471,#2472,#2473,#2474));
#1866=EDGE_LOOP('',(#2475,#2476,#2477,#2478,#2479,#2480,#2481,#2482,#2483,
#2484,#2485,#2486,#2487,#2488,#2489,#2490));
#1867=EDGE_LOOP('',(#2491,#2492,#2493,#2494,#2495,#2496,#2497,#2498,#2499,
#2500,#2501,#2502,#2503,#2504,#2505));
#1868=EDGE_LOOP('',(#2506,#2507,#2508,#2509));
#1869=EDGE_LOOP('',(#2510,#2511,#2512,#2513,#2514,#2515));
#1870=EDGE_LOOP('',(#2516,#2517,#2518,#2519,#2520,#2521));
#1871=EDGE_LOOP('',(#2522,#2523,#2524,#2525));
#1872=EDGE_LOOP('',(#2526,#2527,#2528,#2529,#2530,#2531,#2532,#2533,#2534,
#2535,#2536));
#1873=EDGE_LOOP('',(#2537,#2538,#2539,#2540,#2541,#2542,#2543,#2544,#2545));
#1874=EDGE_LOOP('',(#2546,#2547,#2548,#2549,#2550,#2551,#2552,#2553));
#1875=EDGE_LOOP('',(#2554,#2555,#2556,#2557));
#1876=EDGE_LOOP('',(#2558,#2559,#2560,#2561,#2562,#2563,#2564,#2565,#2566,
#2567));
#1877=EDGE_LOOP('',(#2568,#2569,#2570,#2571,#2572,#2573,#2574,#2575,#2576,
#2577,#2578,#2579,#2580,#2581));
#1878=EDGE_LOOP('',(#2582,#2583,#2584,#2585));
#1879=EDGE_LOOP('',(#2586,#2587,#2588,#2589,#2590,#2591,#2592,#2593,#2594,
#2595,#2596,#2597,#2598,#2599,#2600,#2601,#2602,#2603));
#1880=EDGE_LOOP('',(#2604,#2605));
#1881=EDGE_LOOP('',(#2606,#2607,#2608,#2609,#2610,#2611,#2612,#2613,#2614,
#2615));
#1882=EDGE_LOOP('',(#2616,#2617,#2618,#2619,#2620,#2621));
#1883=EDGE_LOOP('',(#2622,#2623,#2624,#2625,#2626,#2627));
#1884=EDGE_LOOP('',(#2628,#2629,#2630,#2631));
#1885=EDGE_LOOP('',(#2632,#2633,#2634,#2635));
#1886=EDGE_LOOP('',(#2636,#2637,#2638));
#1887=EDGE_LOOP('',(#2639));
#1888=EDGE_LOOP('',(#2640));
#1889=EDGE_LOOP('',(#2641,#2642,#2643,#2644,#2645,#2646,#2647,#2648,#2649,
#2650,#2651,#2652,#2653,#2654,#2655,#2656,#2657,#2658,#2659,#2660,#2661,
#2662,#2663,#2664));
#1890=EDGE_LOOP('',(#2665,#2666,#2667,#2668,#2669));
#1891=EDGE_LOOP('',(#2670,#2671,#2672,#2673));
#1892=EDGE_LOOP('',(#2674,#2675,#2676));
#1893=EDGE_LOOP('',(#2677,#2678,#2679,#2680));
#1894=EDGE_LOOP('',(#2681,#2682,#2683,#2684));
#1895=EDGE_LOOP('',(#2685,#2686,#2687));
#1896=EDGE_LOOP('',(#2688,#2689,#2690,#2691));
#1897=EDGE_LOOP('',(#2692,#2693,#2694,#2695,#2696,#2697,#2698,#2699,#2700,
#2701,#2702,#2703,#2704,#2705,#2706,#2707,#2708,#2709,#2710,#2711,#2712,
#2713,#2714));
#1898=EDGE_LOOP('',(#2715,#2716,#2717));
#1899=EDGE_LOOP('',(#2718,#2719,#2720));
#1900=EDGE_LOOP('',(#2721,#2722,#2723,#2724,#2725,#2726,#2727,#2728,#2729,
#2730));
#1901=EDGE_LOOP('',(#2731,#2732,#2733,#2734,#2735,#2736,#2737,#2738,#2739,
#2740,#2741,#2742,#2743,#2744,#2745,#2746,#2747,#2748,#2749,#2750,#2751,
#2752,#2753));
#1902=EDGE_LOOP('',(#2754));
#1903=EDGE_LOOP('',(#2755,#2756,#2757,#2758,#2759,#2760,#2761,#2762));
#1904=EDGE_LOOP('',(#2763,#2764,#2765,#2766,#2767,#2768,#2769,#2770));
#1905=EDGE_LOOP('',(#2771,#2772,#2773,#2774));
#1906=EDGE_LOOP('',(#2775,#2776,#2777,#2778,#2779,#2780,#2781,#2782));
#1907=EDGE_LOOP('',(#2783,#2784,#2785,#2786,#2787,#2788,#2789,#2790,#2791,
#2792));
#1908=EDGE_LOOP('',(#2793,#2794,#2795,#2796));
#1909=EDGE_LOOP('',(#2797,#2798,#2799,#2800,#2801,#2802,#2803,#2804,#2805,
#2806,#2807,#2808,#2809,#2810,#2811));
#1910=EDGE_LOOP('',(#2812,#2813,#2814,#2815,#2816));
#1911=EDGE_LOOP('',(#2817,#2818,#2819,#2820,#2821));
#1912=EDGE_LOOP('',(#2822,#2823,#2824));
#1913=EDGE_LOOP('',(#2825,#2826,#2827,#2828,#2829));
#1914=EDGE_LOOP('',(#2830,#2831,#2832,#2833,#2834));
#1915=EDGE_LOOP('',(#2835,#2836,#2837,#2838,#2839));
#1916=EDGE_LOOP('',(#2840,#2841,#2842,#2843,#2844,#2845,#2846,#2847,#2848,
#2849,#2850,#2851,#2852,#2853,#2854,#2855,#2856,#2857,#2858,#2859));
#1917=EDGE_LOOP('',(#2860,#2861,#2862,#2863));
#1918=EDGE_LOOP('',(#2864,#2865,#2866,#2867));
#1919=EDGE_LOOP('',(#2868,#2869,#2870,#2871));
#1920=EDGE_LOOP('',(#2872,#2873,#2874,#2875,#2876,#2877,#2878,#2879,#2880,
#2881,#2882));
#1921=EDGE_LOOP('',(#2883,#2884,#2885));
#1922=EDGE_LOOP('',(#2886,#2887,#2888,#2889,#2890,#2891,#2892,#2893));
#1923=EDGE_LOOP('',(#2894,#2895,#2896,#2897,#2898,#2899));
#1924=EDGE_LOOP('',(#2900,#2901,#2902,#2903,#2904,#2905,#2906,#2907,#2908,
#2909,#2910,#2911));
#1925=EDGE_LOOP('',(#2912,#2913,#2914,#2915,#2916,#2917,#2918,#2919,#2920,
#2921,#2922));
#1926=EDGE_LOOP('',(#2923,#2924,#2925,#2926));
#1927=EDGE_LOOP('',(#2927,#2928,#2929));
#1928=EDGE_LOOP('',(#2930,#2931,#2932,#2933,#2934,#2935,#2936,#2937,#2938,
#2939,#2940));
#1929=EDGE_LOOP('',(#2941,#2942,#2943,#2944,#2945,#2946,#2947,#2948,#2949,
#2950,#2951));
#1930=EDGE_LOOP('',(#2952,#2953,#2954,#2955,#2956,#2957));
#1931=EDGE_LOOP('',(#2958,#2959,#2960,#2961,#2962,#2963,#2964,#2965));
#1932=EDGE_LOOP('',(#2966,#2967,#2968,#2969));
#1933=EDGE_LOOP('',(#2970,#2971,#2972,#2973,#2974,#2975));
#1934=EDGE_LOOP('',(#2976,#2977,#2978,#2979));
#1935=EDGE_LOOP('',(#2980,#2981,#2982,#2983,#2984,#2985,#2986,#2987,#2988,
#2989));
#1936=EDGE_LOOP('',(#2990,#2991,#2992,#2993));
#1937=EDGE_LOOP('',(#2994,#2995,#2996,#2997,#2998,#2999));
#1938=EDGE_LOOP('',(#3000,#3001,#3002));
#1939=EDGE_LOOP('',(#3003,#3004,#3005,#3006,#3007));
#1940=EDGE_LOOP('',(#3008,#3009,#3010));
#1941=EDGE_LOOP('',(#3011,#3012,#3013,#3014,#3015,#3016));
#1942=EDGE_LOOP('',(#3017,#3018,#3019,#3020,#3021,#3022,#3023,#3024,#3025,
#3026,#3027,#3028,#3029));
#1943=EDGE_LOOP('',(#3030,#3031,#3032,#3033,#3034,#3035,#3036,#3037,#3038,
#3039,#3040,#3041,#3042,#3043,#3044,#3045,#3046,#3047,#3048));
#1944=EDGE_LOOP('',(#3049,#3050,#3051,#3052));
#1945=EDGE_LOOP('',(#3053,#3054,#3055,#3056,#3057,#3058,#3059,#3060));
#1946=EDGE_LOOP('',(#3061,#3062,#3063,#3064));
#1947=EDGE_LOOP('',(#3065,#3066,#3067,#3068));
#1948=EDGE_LOOP('',(#3069,#3070,#3071,#3072));
#1949=EDGE_LOOP('',(#3073,#3074,#3075,#3076));
#1950=EDGE_LOOP('',(#3077,#3078,#3079,#3080,#3081,#3082,#3083));
#1951=EDGE_LOOP('',(#3084,#3085,#3086,#3087));
#1952=EDGE_LOOP('',(#3088,#3089,#3090,#3091));
#1953=EDGE_LOOP('',(#3092,#3093,#3094,#3095,#3096,#3097));
#1954=EDGE_LOOP('',(#3098,#3099,#3100,#3101,#3102,#3103,#3104));
#1955=EDGE_LOOP('',(#3105,#3106,#3107,#3108));
#1956=EDGE_LOOP('',(#3109,#3110,#3111,#3112));
#1957=EDGE_LOOP('',(#3113,#3114,#3115,#3116,#3117,#3118,#3119));
#1958=EDGE_LOOP('',(#3120,#3121,#3122,#3123,#3124,#3125,#3126,#3127));
#1959=EDGE_LOOP('',(#3128));
#1960=EDGE_LOOP('',(#3129,#3130,#3131,#3132));
#1961=EDGE_LOOP('',(#3133,#3134,#3135,#3136,#3137));
#1962=EDGE_LOOP('',(#3138));
#1963=EDGE_LOOP('',(#3139));
#1964=EDGE_LOOP('',(#3140));
#1965=EDGE_LOOP('',(#3141,#3142,#3143,#3144));
#1966=EDGE_LOOP('',(#3145,#3146,#3147,#3148,#3149,#3150,#3151,#3152));
#1967=EDGE_LOOP('',(#3153,#3154,#3155,#3156));
#1968=EDGE_LOOP('',(#3157,#3158,#3159,#3160,#3161,#3162));
#1969=EDGE_LOOP('',(#3163));
#1970=EDGE_LOOP('',(#3164));
#1971=EDGE_LOOP('',(#3165,#3166,#3167,#3168,#3169));
#1972=EDGE_LOOP('',(#3170,#3171,#3172,#3173));
#1973=EDGE_LOOP('',(#3174,#3175,#3176,#3177));
#1974=EDGE_LOOP('',(#3178,#3179,#3180,#3181,#3182,#3183,#3184,#3185));
#1975=EDGE_LOOP('',(#3186,#3187,#3188,#3189,#3190,#3191,#3192,#3193));
#1976=EDGE_LOOP('',(#3194,#3195,#3196,#3197));
#1977=EDGE_LOOP('',(#3198,#3199,#3200,#3201,#3202));
#1978=EDGE_LOOP('',(#3203,#3204,#3205,#3206,#3207,#3208,#3209,#3210,#3211));
#1979=EDGE_LOOP('',(#3212,#3213,#3214));
#1980=EDGE_LOOP('',(#3215,#3216,#3217,#3218,#3219,#3220,#3221,#3222,#3223));
#1981=EDGE_LOOP('',(#3224,#3225,#3226));
#1982=EDGE_LOOP('',(#3227,#3228,#3229,#3230,#3231,#3232,#3233,#3234,#3235,
#3236,#3237));
#1983=EDGE_LOOP('',(#3238,#3239,#3240,#3241,#3242,#3243,#3244,#3245,#3246,
#3247,#3248,#3249,#3250,#3251,#3252));
#1984=EDGE_LOOP('',(#3253,#3254,#3255,#3256));
#1985=EDGE_LOOP('',(#3257,#3258,#3259,#3260,#3261,#3262,#3263));
#1986=EDGE_LOOP('',(#3264,#3265,#3266,#3267,#3268,#3269,#3270,#3271,#3272));
#1987=EDGE_LOOP('',(#3273,#3274,#3275,#3276,#3277,#3278));
#1988=EDGE_LOOP('',(#3279,#3280,#3281,#3282));
#1989=EDGE_LOOP('',(#3283,#3284,#3285,#3286));
#1990=EDGE_LOOP('',(#3287,#3288,#3289,#3290));
#1991=EDGE_LOOP('',(#3291));
#1992=EDGE_LOOP('',(#3292));
#1993=EDGE_LOOP('',(#3293,#3294,#3295,#3296,#3297,#3298,#3299,#3300,#3301,
#3302,#3303,#3304));
#1994=EDGE_LOOP('',(#3305,#3306));
#1995=EDGE_LOOP('',(#3307,#3308,#3309,#3310));
#1996=EDGE_LOOP('',(#3311,#3312,#3313));
#1997=EDGE_LOOP('',(#3314,#3315,#3316));
#1998=EDGE_LOOP('',(#3317,#3318,#3319));
#1999=EDGE_LOOP('',(#3320,#3321,#3322));
#2000=EDGE_LOOP('',(#3323,#3324,#3325));
#2001=EDGE_LOOP('',(#3326,#3327,#3328));
#2002=EDGE_LOOP('',(#3329,#3330,#3331,#3332));
#2003=EDGE_LOOP('',(#3333,#3334,#3335));
#2004=EDGE_LOOP('',(#3336,#3337,#3338));
#2005=EDGE_LOOP('',(#3339,#3340,#3341));
#2006=EDGE_LOOP('',(#3342,#3343,#3344));
#2007=EDGE_LOOP('',(#3345,#3346,#3347,#3348));
#2008=EDGE_LOOP('',(#3349,#3350,#3351,#3352));
#2009=EDGE_LOOP('',(#3353,#3354,#3355));
#2010=EDGE_LOOP('',(#3356,#3357,#3358));
#2011=EDGE_LOOP('',(#3359,#3360,#3361));
#2012=EDGE_LOOP('',(#3362,#3363,#3364));
#2013=EDGE_LOOP('',(#3365,#3366,#3367,#3368));
#2014=EDGE_LOOP('',(#3369,#3370,#3371,#3372,#3373,#3374));
#2015=EDGE_LOOP('',(#3375,#3376,#3377,#3378,#3379,#3380,#3381,#3382,#3383,
#3384,#3385,#3386,#3387,#3388,#3389,#3390,#3391,#3392,#3393,#3394));
#2016=EDGE_LOOP('',(#3395));
#2017=EDGE_LOOP('',(#3396));
#2018=EDGE_LOOP('',(#3397,#3398,#3399,#3400,#3401));
#2019=EDGE_LOOP('',(#3402,#3403,#3404,#3405));
#2020=EDGE_LOOP('',(#3406,#3407,#3408,#3409,#3410,#3411));
#2021=EDGE_LOOP('',(#3412,#3413,#3414,#3415,#3416,#3417,#3418,#3419,#3420,
#3421,#3422));
#2022=EDGE_LOOP('',(#3423,#3424,#3425,#3426,#3427,#3428,#3429,#3430,#3431,
#3432));
#2023=EDGE_LOOP('',(#3433,#3434,#3435,#3436,#3437,#3438));
#2024=EDGE_LOOP('',(#3439,#3440,#3441,#3442,#3443,#3444));
#2025=EDGE_LOOP('',(#3445,#3446,#3447,#3448,#3449,#3450,#3451,#3452,#3453,
#3454,#3455,#3456,#3457));
#2026=EDGE_LOOP('',(#3458,#3459,#3460,#3461,#3462,#3463,#3464,#3465,#3466,
#3467,#3468,#3469,#3470,#3471,#3472,#3473,#3474,#3475,#3476));
#2027=EDGE_LOOP('',(#3477,#3478,#3479,#3480,#3481,#3482));
#2028=EDGE_LOOP('',(#3483,#3484,#3485,#3486,#3487,#3488));
#2029=EDGE_LOOP('',(#3489,#3490,#3491,#3492));
#2030=EDGE_LOOP('',(#3493,#3494,#3495,#3496,#3497,#3498,#3499,#3500,#3501,
#3502));
#2031=EDGE_LOOP('',(#3503,#3504,#3505,#3506));
#2032=EDGE_LOOP('',(#3507,#3508,#3509,#3510));
#2033=EDGE_LOOP('',(#3511,#3512,#3513,#3514));
#2034=EDGE_LOOP('',(#3515,#3516,#3517,#3518));
#2035=EDGE_LOOP('',(#3519,#3520,#3521,#3522,#3523,#3524));
#2036=EDGE_LOOP('',(#3525,#3526,#3527));
#2037=EDGE_LOOP('',(#3528,#3529,#3530,#3531));
#2038=EDGE_LOOP('',(#3532,#3533,#3534,#3535,#3536,#3537));
#2039=EDGE_LOOP('',(#3538,#3539,#3540,#3541,#3542));
#2040=EDGE_LOOP('',(#3543,#3544,#3545,#3546));
#2041=EDGE_LOOP('',(#3547,#3548,#3549,#3550));
#2042=EDGE_LOOP('',(#3551,#3552,#3553,#3554,#3555,#3556));
#2043=EDGE_LOOP('',(#3557,#3558,#3559,#3560,#3561));
#2044=EDGE_LOOP('',(#3562,#3563,#3564,#3565,#3566,#3567,#3568));
#2045=EDGE_LOOP('',(#3569,#3570,#3571,#3572,#3573,#3574));
#2046=EDGE_LOOP('',(#3575,#3576));
#2047=EDGE_LOOP('',(#3577,#3578,#3579,#3580));
#2048=EDGE_LOOP('',(#3581,#3582,#3583));
#2049=EDGE_LOOP('',(#3584,#3585,#3586,#3587));
#2050=EDGE_LOOP('',(#3588,#3589,#3590,#3591,#3592,#3593,#3594));
#2051=EDGE_LOOP('',(#3595,#3596,#3597,#3598,#3599,#3600));
#2052=EDGE_LOOP('',(#3601,#3602,#3603,#3604,#3605));
#2053=EDGE_LOOP('',(#3606,#3607,#3608,#3609,#3610));
#2054=EDGE_LOOP('',(#3611,#3612,#3613,#3614,#3615));
#2055=EDGE_LOOP('',(#3616,#3617,#3618));
#2056=EDGE_LOOP('',(#3619,#3620,#3621));
#2057=EDGE_LOOP('',(#3622,#3623,#3624,#3625));
#2058=EDGE_LOOP('',(#3626,#3627,#3628,#3629));
#2059=EDGE_LOOP('',(#3630,#3631,#3632,#3633));
#2060=EDGE_LOOP('',(#3634,#3635));
#2061=EDGE_LOOP('',(#3636,#3637,#3638,#3639));
#2062=EDGE_LOOP('',(#3640,#3641,#3642,#3643));
#2063=EDGE_LOOP('',(#3644,#3645,#3646,#3647));
#2064=EDGE_LOOP('',(#3648,#3649,#3650,#3651));
#2065=EDGE_LOOP('',(#3652,#3653,#3654));
#2066=EDGE_LOOP('',(#3655,#3656,#3657,#3658));
#2067=EDGE_LOOP('',(#3659,#3660,#3661,#3662));
#2068=EDGE_LOOP('',(#3663,#3664,#3665,#3666,#3667,#3668,#3669));
#2069=EDGE_LOOP('',(#3670,#3671,#3672,#3673,#3674,#3675,#3676));
#2070=EDGE_LOOP('',(#3677,#3678,#3679,#3680));
#2071=EDGE_LOOP('',(#3681,#3682,#3683,#3684));
#2072=EDGE_LOOP('',(#3685,#3686,#3687,#3688));
#2073=EDGE_LOOP('',(#3689,#3690,#3691,#3692));
#2074=EDGE_LOOP('',(#3693,#3694,#3695,#3696));
#2075=EDGE_LOOP('',(#3697,#3698,#3699,#3700));
#2076=EDGE_LOOP('',(#3701,#3702,#3703,#3704));
#2077=EDGE_LOOP('',(#3705,#3706,#3707,#3708));
#2078=EDGE_LOOP('',(#3709,#3710,#3711,#3712));
#2079=EDGE_LOOP('',(#3713,#3714,#3715,#3716,#3717,#3718,#3719));
#2080=EDGE_LOOP('',(#3720,#3721,#3722,#3723,#3724,#3725,#3726));
#2081=EDGE_LOOP('',(#3727,#3728,#3729,#3730));
#2082=EDGE_LOOP('',(#3731,#3732,#3733,#3734));
#2083=EDGE_LOOP('',(#3735,#3736,#3737,#3738));
#2084=EDGE_LOOP('',(#3739,#3740,#3741,#3742));
#2085=EDGE_LOOP('',(#3743,#3744,#3745,#3746));
#2086=EDGE_LOOP('',(#3747,#3748));
#2087=EDGE_LOOP('',(#3749,#3750,#3751));
#2088=EDGE_LOOP('',(#3752,#3753,#3754,#3755));
#2089=EDGE_LOOP('',(#3756,#3757,#3758,#3759));
#2090=EDGE_LOOP('',(#3760,#3761,#3762,#3763));
#2091=EDGE_LOOP('',(#3764,#3765,#3766,#3767));
#2092=EDGE_LOOP('',(#3768,#3769,#3770,#3771));
#2093=EDGE_LOOP('',(#3772,#3773,#3774,#3775));
#2094=EDGE_LOOP('',(#3776,#3777,#3778,#3779));
#2095=EDGE_LOOP('',(#3780,#3781,#3782,#3783));
#2096=EDGE_LOOP('',(#3784,#3785,#3786,#3787,#3788,#3789));
#2097=EDGE_LOOP('',(#3790,#3791,#3792,#3793));
#2098=EDGE_LOOP('',(#3794,#3795,#3796,#3797));
#2099=EDGE_LOOP('',(#3798,#3799,#3800,#3801));
#2100=EDGE_LOOP('',(#3802,#3803,#3804,#3805));
#2101=EDGE_LOOP('',(#3806,#3807,#3808,#3809));
#2102=EDGE_LOOP('',(#3810,#3811,#3812,#3813));
#2103=EDGE_LOOP('',(#3814,#3815,#3816,#3817));
#2104=EDGE_LOOP('',(#3818,#3819,#3820,#3821,#3822,#3823));
#2105=EDGE_LOOP('',(#3824,#3825,#3826,#3827,#3828,#3829,#3830,#3831,#3832,
#3833,#3834,#3835));
#2106=EDGE_LOOP('',(#3836,#3837,#3838,#3839,#3840,#3841,#3842,#3843,#3844));
#2107=EDGE_LOOP('',(#3845,#3846,#3847,#3848,#3849,#3850,#3851,#3852,#3853));
#2108=EDGE_LOOP('',(#3854,#3855,#3856,#3857,#3858,#3859,#3860,#3861,#3862));
#2109=EDGE_LOOP('',(#3863,#3864,#3865,#3866,#3867,#3868,#3869,#3870,#3871));
#2110=EDGE_LOOP('',(#3872));
#2111=EDGE_LOOP('',(#3873,#3874,#3875,#3876));
#2112=EDGE_LOOP('',(#3877));
#2113=EDGE_LOOP('',(#3878,#3879,#3880,#3881));
#2114=EDGE_LOOP('',(#3882,#3883,#3884,#3885));
#2115=EDGE_LOOP('',(#3886,#3887,#3888,#3889));
#2116=EDGE_LOOP('',(#3890,#3891,#3892,#3893));
#2117=EDGE_LOOP('',(#3894,#3895,#3896,#3897));
#2118=EDGE_LOOP('',(#3898,#3899,#3900,#3901));
#2119=EDGE_LOOP('',(#3902,#3903,#3904,#3905));
#2120=EDGE_LOOP('',(#3906,#3907,#3908));
#2121=EDGE_LOOP('',(#3909,#3910,#3911));
#2122=EDGE_LOOP('',(#3912,#3913,#3914,#3915,#3916,#3917));
#2123=EDGE_LOOP('',(#3918,#3919,#3920,#3921));
#2124=EDGE_LOOP('',(#3922,#3923,#3924,#3925,#3926));
#2125=EDGE_LOOP('',(#3927,#3928,#3929,#3930,#3931,#3932,#3933,#3934,#3935,
#3936));
#2126=EDGE_LOOP('',(#3937,#3938,#3939,#3940,#3941));
#2127=EDGE_LOOP('',(#3942,#3943,#3944,#3945,#3946));
#2128=EDGE_LOOP('',(#3947,#3948,#3949));
#2129=EDGE_LOOP('',(#3950,#3951,#3952));
#2130=EDGE_LOOP('',(#3953,#3954,#3955,#3956,#3957));
#2131=EDGE_LOOP('',(#3958));
#2132=EDGE_LOOP('',(#3959,#3960,#3961,#3962,#3963,#3964,#3965,#3966,#3967,
#3968,#3969,#3970));
#2133=EDGE_LOOP('',(#3971));
#2134=EDGE_LOOP('',(#3972,#3973,#3974,#3975,#3976));
#2135=EDGE_LOOP('',(#3977,#3978,#3979,#3980,#3981,#3982,#3983,#3984,#3985,
#3986));
#2136=EDGE_LOOP('',(#3987,#3988,#3989,#3990,#3991,#3992,#3993,#3994,#3995,
#3996));
#2137=EDGE_LOOP('',(#3997,#3998,#3999,#4000));
#2138=EDGE_LOOP('',(#4001,#4002,#4003,#4004,#4005));
#2139=EDGE_LOOP('',(#4006,#4007,#4008,#4009));
#2140=EDGE_LOOP('',(#4010,#4011,#4012,#4013));
#2141=EDGE_LOOP('',(#4014,#4015,#4016,#4017));
#2142=EDGE_LOOP('',(#4018,#4019,#4020,#4021,#4022));
#2143=EDGE_LOOP('',(#4023,#4024,#4025,#4026,#4027));
#2144=EDGE_LOOP('',(#4028,#4029,#4030,#4031));
#2145=EDGE_LOOP('',(#4032,#4033,#4034,#4035,#4036));
#2146=EDGE_LOOP('',(#4037,#4038,#4039,#4040,#4041));
#2147=EDGE_LOOP('',(#4042,#4043,#4044,#4045));
#2148=EDGE_LOOP('',(#4046,#4047,#4048,#4049));
#2149=EDGE_LOOP('',(#4050,#4051,#4052,#4053,#4054));
#2150=EDGE_LOOP('',(#4055,#4056,#4057,#4058));
#2151=EDGE_LOOP('',(#4059,#4060,#4061,#4062));
#2152=EDGE_LOOP('',(#4063,#4064,#4065,#4066));
#2153=EDGE_LOOP('',(#4067,#4068,#4069,#4070));
#2154=EDGE_LOOP('',(#4071,#4072,#4073,#4074));
#2155=EDGE_LOOP('',(#4075));
#2156=EDGE_LOOP('',(#4076));
#2157=EDGE_LOOP('',(#4077));
#2158=EDGE_LOOP('',(#4078));
#2159=EDGE_LOOP('',(#4079));
#2160=EDGE_LOOP('',(#4080));
#2161=EDGE_LOOP('',(#4081));
#2162=EDGE_LOOP('',(#4082));
#2163=EDGE_LOOP('',(#4083));
#2164=EDGE_LOOP('',(#4084,#4085,#4086,#4087,#4088,#4089,#4090,#4091));
#2165=EDGE_LOOP('',(#4092));
#2166=EDGE_LOOP('',(#4093));
#2167=EDGE_LOOP('',(#4094));
#2168=EDGE_LOOP('',(#4095));
#2169=EDGE_LOOP('',(#4096));
#2170=EDGE_LOOP('',(#4097,#4098,#4099,#4100,#4101,#4102,#4103,#4104));
#2171=EDGE_LOOP('',(#4105));
#2172=EDGE_LOOP('',(#4106));
#2173=EDGE_LOOP('',(#4107));
#2174=EDGE_LOOP('',(#4108,#4109,#4110,#4111));
#2175=EDGE_LOOP('',(#4112));
#2176=EDGE_LOOP('',(#4113));
#2177=EDGE_LOOP('',(#4114));
#2178=EDGE_LOOP('',(#4115,#4116,#4117,#4118,#4119,#4120));
#2179=EDGE_LOOP('',(#4121));
#2180=EDGE_LOOP('',(#4122));
#2181=EDGE_LOOP('',(#4123));
#2182=EDGE_LOOP('',(#4124,#4125,#4126,#4127,#4128,#4129));
#2183=EDGE_LOOP('',(#4130,#4131,#4132,#4133,#4134));
#2184=EDGE_LOOP('',(#4135,#4136,#4137,#4138));
#2185=EDGE_LOOP('',(#4139,#4140,#4141,#4142));
#2186=EDGE_LOOP('',(#4143,#4144,#4145,#4146));
#2187=EDGE_LOOP('',(#4147,#4148,#4149));
#2188=EDGE_LOOP('',(#4150,#4151,#4152,#4153));
#2189=EDGE_LOOP('',(#4154,#4155,#4156,#4157));
#2190=EDGE_LOOP('',(#4158,#4159,#4160,#4161,#4162));
#2191=EDGE_LOOP('',(#4163));
#2192=EDGE_LOOP('',(#4164));
#2193=EDGE_LOOP('',(#4165));
#2194=EDGE_LOOP('',(#4166));
#2195=EDGE_LOOP('',(#4167));
#2196=EDGE_LOOP('',(#4168));
#2197=EDGE_LOOP('',(#4169));
#2198=EDGE_LOOP('',(#4170));
#2199=EDGE_LOOP('',(#4171));
#2200=EDGE_LOOP('',(#4172));
#2201=EDGE_LOOP('',(#4173));
#2202=EDGE_LOOP('',(#4174));
#2203=EDGE_LOOP('',(#4175));
#2204=EDGE_LOOP('',(#4176));
#2205=EDGE_LOOP('',(#4177));
#2206=EDGE_LOOP('',(#4178));
#2207=EDGE_LOOP('',(#4179));
#2208=EDGE_LOOP('',(#4180));
#2209=EDGE_LOOP('',(#4181));
#2210=EDGE_LOOP('',(#4182));
#2211=EDGE_LOOP('',(#4183));
#2212=EDGE_LOOP('',(#4184));
#2213=EDGE_LOOP('',(#4185));
#2214=EDGE_LOOP('',(#4186));
#2215=EDGE_LOOP('',(#4187));
#2216=EDGE_LOOP('',(#4188,#4189,#4190,#4191));
#2217=EDGE_LOOP('',(#4192));
#2218=EDGE_LOOP('',(#4193));
#2219=EDGE_LOOP('',(#4194));
#2220=EDGE_LOOP('',(#4195,#4196,#4197,#4198));
#2221=EDGE_LOOP('',(#4199,#4200,#4201,#4202));
#2222=EDGE_LOOP('',(#4203));
#2223=EDGE_LOOP('',(#4204,#4205,#4206,#4207));
#2224=EDGE_LOOP('',(#4208,#4209,#4210,#4211));
#2225=EDGE_LOOP('',(#4212,#4213,#4214,#4215));
#2226=EDGE_LOOP('',(#4216,#4217,#4218,#4219));
#2227=EDGE_LOOP('',(#4220,#4221,#4222,#4223));
#2228=EDGE_LOOP('',(#4224,#4225,#4226,#4227));
#2229=EDGE_LOOP('',(#4228,#4229,#4230,#4231,#4232,#4233,#4234));
#2230=EDGE_LOOP('',(#4235,#4236,#4237,#4238,#4239,#4240,#4241));
#2231=EDGE_LOOP('',(#4242,#4243,#4244,#4245));
#2232=EDGE_LOOP('',(#4246,#4247,#4248));
#2233=EDGE_LOOP('',(#4249,#4250,#4251));
#2234=EDGE_LOOP('',(#4252,#4253,#4254,#4255,#4256));
#2235=EDGE_LOOP('',(#4257,#4258,#4259,#4260,#4261));
#2236=EDGE_LOOP('',(#4262,#4263,#4264,#4265));
#2237=EDGE_LOOP('',(#4266,#4267,#4268));
#2238=EDGE_LOOP('',(#4269,#4270,#4271));
#2239=EDGE_LOOP('',(#4272,#4273,#4274));
#2240=EDGE_LOOP('',(#4275,#4276,#4277));
#2241=EDGE_LOOP('',(#4278,#4279,#4280,#4281,#4282,#4283));
#2242=EDGE_LOOP('',(#4284,#4285,#4286,#4287,#4288));
#2243=EDGE_LOOP('',(#4289,#4290,#4291,#4292));
#2244=EDGE_LOOP('',(#4293,#4294,#4295));
#2245=EDGE_LOOP('',(#4296,#4297,#4298));
#2246=EDGE_LOOP('',(#4299,#4300,#4301,#4302,#4303,#4304));
#2247=EDGE_LOOP('',(#4305,#4306,#4307,#4308,#4309,#4310));
#2248=EDGE_LOOP('',(#4311,#4312,#4313,#4314,#4315));
#2249=EDGE_LOOP('',(#4316,#4317,#4318,#4319,#4320));
#2250=EDGE_LOOP('',(#4321,#4322,#4323,#4324));
#2251=EDGE_LOOP('',(#4325,#4326,#4327,#4328,#4329));
#2252=EDGE_LOOP('',(#4330,#4331,#4332,#4333,#4334));
#2253=EDGE_LOOP('',(#4335,#4336,#4337,#4338,#4339));
#2254=EDGE_LOOP('',(#4340,#4341,#4342,#4343,#4344,#4345,#4346));
#2255=EDGE_LOOP('',(#4347,#4348,#4349,#4350,#4351,#4352,#4353));
#2256=EDGE_LOOP('',(#4354,#4355,#4356));
#2257=EDGE_LOOP('',(#4357,#4358,#4359));
#2258=EDGE_LOOP('',(#4360,#4361,#4362,#4363));
#2259=EDGE_LOOP('',(#4364,#4365,#4366,#4367));
#2260=EDGE_LOOP('',(#4368,#4369,#4370,#4371));
#2261=EDGE_LOOP('',(#4372,#4373,#4374,#4375));
#2262=EDGE_LOOP('',(#4376,#4377,#4378));
#2263=EDGE_LOOP('',(#4379,#4380,#4381));
#2264=EDGE_LOOP('',(#4382,#4383,#4384,#4385));
#2265=EDGE_LOOP('',(#4386,#4387,#4388,#4389));
#2266=EDGE_LOOP('',(#4390,#4391,#4392,#4393));
#2267=EDGE_LOOP('',(#4394,#4395,#4396,#4397));
#2268=EDGE_LOOP('',(#4398));
#2269=EDGE_LOOP('',(#4399));
#2270=EDGE_LOOP('',(#4400));
#2271=EDGE_LOOP('',(#4401));
#2272=EDGE_LOOP('',(#4402));
#2273=EDGE_LOOP('',(#4403));
#2274=EDGE_LOOP('',(#4404));
#2275=EDGE_LOOP('',(#4405));
#2276=EDGE_LOOP('',(#4406));
#2277=EDGE_LOOP('',(#4407));
#2278=EDGE_LOOP('',(#4408));
#2279=EDGE_LOOP('',(#4409));
#2280=EDGE_LOOP('',(#4410));
#2281=EDGE_LOOP('',(#4411));
#2282=EDGE_LOOP('',(#4412));
#2283=EDGE_LOOP('',(#4413));
#2284=EDGE_LOOP('',(#4414));
#2285=EDGE_LOOP('',(#4415));
#2286=EDGE_LOOP('',(#4416));
#2287=EDGE_LOOP('',(#4417));
#2288=EDGE_LOOP('',(#4418));
#2289=EDGE_LOOP('',(#4419));
#2290=EDGE_LOOP('',(#4420));
#2291=EDGE_LOOP('',(#4421));
#2292=EDGE_LOOP('',(#4422));
#2293=EDGE_LOOP('',(#4423,#4424,#4425,#4426));
#2294=EDGE_LOOP('',(#4427,#4428,#4429,#4430));
#2295=EDGE_LOOP('',(#4431,#4432,#4433,#4434));
#2296=EDGE_LOOP('',(#4435,#4436,#4437,#4438));
#2297=EDGE_LOOP('',(#4439,#4440,#4441,#4442));
#2298=EDGE_LOOP('',(#4443,#4444,#4445,#4446));
#2299=EDGE_LOOP('',(#4447,#4448,#4449));
#2300=EDGE_LOOP('',(#4450,#4451,#4452,#4453));
#2301=EDGE_LOOP('',(#4454,#4455,#4456,#4457));
#2302=EDGE_LOOP('',(#4458,#4459,#4460,#4461));
#2303=EDGE_LOOP('',(#4462,#4463,#4464,#4465));
#2304=EDGE_LOOP('',(#4466,#4467,#4468,#4469));
#2305=EDGE_LOOP('',(#4470,#4471,#4472,#4473));
#2306=EDGE_LOOP('',(#4474,#4475,#4476));
#2307=EDGE_LOOP('',(#4477,#4478,#4479,#4480));
#2308=EDGE_LOOP('',(#4481,#4482,#4483,#4484));
#2309=EDGE_LOOP('',(#4485,#4486,#4487,#4488));
#2310=EDGE_LOOP('',(#4489,#4490,#4491));
#2311=EDGE_LOOP('',(#4492));
#2312=EDGE_LOOP('',(#4493));
#2313=EDGE_LOOP('',(#4494));
#2314=EDGE_LOOP('',(#4495));
#2315=EDGE_LOOP('',(#4496));
#2316=EDGE_LOOP('',(#4497));
#2317=EDGE_LOOP('',(#4498));
#2318=EDGE_LOOP('',(#4499));
#2319=EDGE_LOOP('',(#4500));
#2320=EDGE_LOOP('',(#4501));
#2321=EDGE_LOOP('',(#4502,#4503,#4504,#4505));
#2322=EDGE_LOOP('',(#4506,#4507,#4508,#4509));
#2323=EDGE_LOOP('',(#4510,#4511,#4512,#4513));
#2324=EDGE_LOOP('',(#4514,#4515,#4516,#4517));
#2325=EDGE_LOOP('',(#4518,#4519,#4520,#4521));
#2326=EDGE_LOOP('',(#4522,#4523,#4524));
#2327=EDGE_LOOP('',(#4525,#4526));
#2328=EDGE_LOOP('',(#4527,#4528));
#2329=EDGE_LOOP('',(#4529,#4530,#4531,#4532));
#2330=EDGE_LOOP('',(#4533,#4534,#4535,#4536));
#2331=EDGE_LOOP('',(#4537,#4538,#4539,#4540));
#2332=EDGE_LOOP('',(#4541,#4542,#4543));
#2333=EDGE_LOOP('',(#4544,#4545,#4546,#4547));
#2334=EDGE_LOOP('',(#4548,#4549,#4550,#4551));
#2335=EDGE_LOOP('',(#4552,#4553,#4554,#4555));
#2336=EDGE_LOOP('',(#4556,#4557,#4558));
#2337=EDGE_LOOP('',(#4559,#4560,#4561,#4562));
#2338=EDGE_LOOP('',(#4563,#4564,#4565,#4566));
#2339=EDGE_LOOP('',(#4567,#4568,#4569,#4570,#4571,#4572,#4573,#4574,#4575,
#4576));
#2340=EDGE_LOOP('',(#4577,#4578,#4579,#4580,#4581,#4582,#4583,#4584,#4585));
#2341=EDGE_LOOP('',(#4586,#4587,#4588,#4589));
#2342=EDGE_LOOP('',(#4590,#4591,#4592,#4593));
#2343=EDGE_LOOP('',(#4594,#4595,#4596,#4597,#4598,#4599,#4600,#4601,#4602,
#4603));
#2344=EDGE_LOOP('',(#4604,#4605,#4606,#4607,#4608,#4609,#4610,#4611,#4612));
#2345=EDGE_LOOP('',(#4613,#4614,#4615,#4616));
#2346=EDGE_LOOP('',(#4617,#4618,#4619,#4620));
#2347=EDGE_LOOP('',(#4621));
#2348=EDGE_LOOP('',(#4622));
#2349=EDGE_LOOP('',(#4623,#4624,#4625,#4626));
#2350=EDGE_LOOP('',(#4627,#4628,#4629,#4630));
#2351=EDGE_LOOP('',(#4631,#4632,#4633,#4634,#4635));
#2352=EDGE_LOOP('',(#4636,#4637,#4638));
#2353=EDGE_LOOP('',(#4639,#4640,#4641,#4642));
#2354=EDGE_LOOP('',(#4643,#4644,#4645,#4646));
#2355=EDGE_LOOP('',(#4647,#4648,#4649,#4650));
#2356=EDGE_LOOP('',(#4651,#4652,#4653,#4654));
#2357=EDGE_LOOP('',(#4655,#4656,#4657,#4658,#4659,#4660,#4661,#4662,#4663,
#4664,#4665,#4666,#4667,#4668,#4669,#4670));
#2358=EDGE_LOOP('',(#4671,#4672,#4673,#4674));
#2359=EDGE_LOOP('',(#4675,#4676,#4677,#4678));
#2360=EDGE_LOOP('',(#4679,#4680,#4681));
#2361=EDGE_LOOP('',(#4682,#4683,#4684));
#2362=EDGE_LOOP('',(#4685,#4686,#4687));
#2363=EDGE_LOOP('',(#4688,#4689,#4690,#4691));
#2364=EDGE_LOOP('',(#4692));
#2365=EDGE_LOOP('',(#4693,#4694,#4695));
#2366=EDGE_LOOP('',(#4696,#4697,#4698,#4699));
#2367=EDGE_LOOP('',(#4700));
#2368=EDGE_LOOP('',(#4701));
#2369=EDGE_LOOP('',(#4702));
#2370=EDGE_LOOP('',(#4703));
#2371=EDGE_LOOP('',(#4704,#4705,#4706,#4707));
#2372=EDGE_LOOP('',(#4708,#4709,#4710,#4711,#4712));
#2373=EDGE_LOOP('',(#4713,#4714,#4715,#4716));
#2374=EDGE_LOOP('',(#4717,#4718,#4719,#4720,#4721));
#2375=EDGE_LOOP('',(#4722,#4723,#4724,#4725));
#2376=EDGE_LOOP('',(#4726));
#2377=EDGE_LOOP('',(#4727));
#2378=EDGE_LOOP('',(#4728,#4729,#4730,#4731));
#2379=EDGE_LOOP('',(#4732));
#2380=EDGE_LOOP('',(#4733));
#2381=EDGE_LOOP('',(#4734));
#2382=EDGE_LOOP('',(#4735));
#2383=EDGE_LOOP('',(#4736));
#2384=EDGE_LOOP('',(#4737));
#2385=EDGE_LOOP('',(#4738));
#2386=EDGE_LOOP('',(#4739));
#2387=EDGE_LOOP('',(#4740));
#2388=EDGE_LOOP('',(#4741));
#2389=EDGE_LOOP('',(#4742,#4743,#4744,#4745));
#2390=ORIENTED_EDGE('',*,*,#5547,.T.);
#2391=ORIENTED_EDGE('',*,*,#5548,.F.);
#2392=ORIENTED_EDGE('',*,*,#5549,.T.);
#2393=ORIENTED_EDGE('',*,*,#5550,.F.);
#2394=ORIENTED_EDGE('',*,*,#5551,.F.);
#2395=ORIENTED_EDGE('',*,*,#5552,.F.);
#2396=ORIENTED_EDGE('',*,*,#5553,.F.);
#2397=ORIENTED_EDGE('',*,*,#5554,.F.);
#2398=ORIENTED_EDGE('',*,*,#5555,.F.);
#2399=ORIENTED_EDGE('',*,*,#5556,.T.);
#2400=ORIENTED_EDGE('',*,*,#5557,.F.);
#2401=ORIENTED_EDGE('',*,*,#5558,.F.);
#2402=ORIENTED_EDGE('',*,*,#5559,.T.);
#2403=ORIENTED_EDGE('',*,*,#5560,.F.);
#2404=ORIENTED_EDGE('',*,*,#5561,.T.);
#2405=ORIENTED_EDGE('',*,*,#5562,.F.);
#2406=ORIENTED_EDGE('',*,*,#5563,.T.);
#2407=ORIENTED_EDGE('',*,*,#5564,.F.);
#2408=ORIENTED_EDGE('',*,*,#5565,.F.);
#2409=ORIENTED_EDGE('',*,*,#5566,.F.);
#2410=ORIENTED_EDGE('',*,*,#5567,.T.);
#2411=ORIENTED_EDGE('',*,*,#5568,.T.);
#2412=ORIENTED_EDGE('',*,*,#5569,.T.);
#2413=ORIENTED_EDGE('',*,*,#5570,.T.);
#2414=ORIENTED_EDGE('',*,*,#5571,.F.);
#2415=ORIENTED_EDGE('',*,*,#5572,.F.);
#2416=ORIENTED_EDGE('',*,*,#5573,.T.);
#2417=ORIENTED_EDGE('',*,*,#5574,.F.);
#2418=ORIENTED_EDGE('',*,*,#5575,.T.);
#2419=ORIENTED_EDGE('',*,*,#5576,.T.);
#2420=ORIENTED_EDGE('',*,*,#5577,.T.);
#2421=ORIENTED_EDGE('',*,*,#5578,.F.);
#2422=ORIENTED_EDGE('',*,*,#5579,.T.);
#2423=ORIENTED_EDGE('',*,*,#5580,.T.);
#2424=ORIENTED_EDGE('',*,*,#5581,.F.);
#2425=ORIENTED_EDGE('',*,*,#5582,.F.);
#2426=ORIENTED_EDGE('',*,*,#5583,.T.);
#2427=ORIENTED_EDGE('',*,*,#5584,.F.);
#2428=ORIENTED_EDGE('',*,*,#5585,.T.);
#2429=ORIENTED_EDGE('',*,*,#5586,.F.);
#2430=ORIENTED_EDGE('',*,*,#5587,.T.);
#2431=ORIENTED_EDGE('',*,*,#5588,.F.);
#2432=ORIENTED_EDGE('',*,*,#5589,.F.);
#2433=ORIENTED_EDGE('',*,*,#5590,.F.);
#2434=ORIENTED_EDGE('',*,*,#5591,.T.);
#2435=ORIENTED_EDGE('',*,*,#5592,.T.);
#2436=ORIENTED_EDGE('',*,*,#5593,.F.);
#2437=ORIENTED_EDGE('',*,*,#5594,.F.);
#2438=ORIENTED_EDGE('',*,*,#5595,.T.);
#2439=ORIENTED_EDGE('',*,*,#5596,.F.);
#2440=ORIENTED_EDGE('',*,*,#5597,.T.);
#2441=ORIENTED_EDGE('',*,*,#5598,.T.);
#2442=ORIENTED_EDGE('',*,*,#5599,.F.);
#2443=ORIENTED_EDGE('',*,*,#5600,.F.);
#2444=ORIENTED_EDGE('',*,*,#5601,.F.);
#2445=ORIENTED_EDGE('',*,*,#5602,.F.);
#2446=ORIENTED_EDGE('',*,*,#5603,.T.);
#2447=ORIENTED_EDGE('',*,*,#5604,.F.);
#2448=ORIENTED_EDGE('',*,*,#5605,.F.);
#2449=ORIENTED_EDGE('',*,*,#5606,.F.);
#2450=ORIENTED_EDGE('',*,*,#5607,.T.);
#2451=ORIENTED_EDGE('',*,*,#5608,.T.);
#2452=ORIENTED_EDGE('',*,*,#5609,.F.);
#2453=ORIENTED_EDGE('',*,*,#5610,.F.);
#2454=ORIENTED_EDGE('',*,*,#5611,.T.);
#2455=ORIENTED_EDGE('',*,*,#5612,.F.);
#2456=ORIENTED_EDGE('',*,*,#5613,.T.);
#2457=ORIENTED_EDGE('',*,*,#5614,.T.);
#2458=ORIENTED_EDGE('',*,*,#5615,.F.);
#2459=ORIENTED_EDGE('',*,*,#5616,.F.);
#2460=ORIENTED_EDGE('',*,*,#5586,.T.);
#2461=ORIENTED_EDGE('',*,*,#5617,.F.);
#2462=ORIENTED_EDGE('',*,*,#5618,.F.);
#2463=ORIENTED_EDGE('',*,*,#5619,.F.);
#2464=ORIENTED_EDGE('',*,*,#5620,.F.);
#2465=ORIENTED_EDGE('',*,*,#5621,.F.);
#2466=ORIENTED_EDGE('',*,*,#5622,.T.);
#2467=ORIENTED_EDGE('',*,*,#5623,.F.);
#2468=ORIENTED_EDGE('',*,*,#5624,.F.);
#2469=ORIENTED_EDGE('',*,*,#5625,.F.);
#2470=ORIENTED_EDGE('',*,*,#5626,.T.);
#2471=ORIENTED_EDGE('',*,*,#5627,.F.);
#2472=ORIENTED_EDGE('',*,*,#5628,.F.);
#2473=ORIENTED_EDGE('',*,*,#5629,.F.);
#2474=ORIENTED_EDGE('',*,*,#5630,.F.);
#2475=ORIENTED_EDGE('',*,*,#5631,.F.);
#2476=ORIENTED_EDGE('',*,*,#5632,.T.);
#2477=ORIENTED_EDGE('',*,*,#5633,.T.);
#2478=ORIENTED_EDGE('',*,*,#5634,.T.);
#2479=ORIENTED_EDGE('',*,*,#5635,.T.);
#2480=ORIENTED_EDGE('',*,*,#5636,.T.);
#2481=ORIENTED_EDGE('',*,*,#5637,.T.);
#2482=ORIENTED_EDGE('',*,*,#5638,.T.);
#2483=ORIENTED_EDGE('',*,*,#5639,.T.);
#2484=ORIENTED_EDGE('',*,*,#5640,.F.);
#2485=ORIENTED_EDGE('',*,*,#5617,.T.);
#2486=ORIENTED_EDGE('',*,*,#5600,.T.);
#2487=ORIENTED_EDGE('',*,*,#5641,.T.);
#2488=ORIENTED_EDGE('',*,*,#5642,.F.);
#2489=ORIENTED_EDGE('',*,*,#5643,.F.);
#2490=ORIENTED_EDGE('',*,*,#5596,.T.);
#2491=ORIENTED_EDGE('',*,*,#5644,.F.);
#2492=ORIENTED_EDGE('',*,*,#5645,.F.);
#2493=ORIENTED_EDGE('',*,*,#5646,.F.);
#2494=ORIENTED_EDGE('',*,*,#5647,.T.);
#2495=ORIENTED_EDGE('',*,*,#5648,.F.);
#2496=ORIENTED_EDGE('',*,*,#5649,.F.);
#2497=ORIENTED_EDGE('',*,*,#5650,.T.);
#2498=ORIENTED_EDGE('',*,*,#5651,.T.);
#2499=ORIENTED_EDGE('',*,*,#5652,.T.);
#2500=ORIENTED_EDGE('',*,*,#5653,.F.);
#2501=ORIENTED_EDGE('',*,*,#5602,.T.);
#2502=ORIENTED_EDGE('',*,*,#5654,.T.);
#2503=ORIENTED_EDGE('',*,*,#5655,.F.);
#2504=ORIENTED_EDGE('',*,*,#5656,.F.);
#2505=ORIENTED_EDGE('',*,*,#5612,.T.);
#2506=ORIENTED_EDGE('',*,*,#5657,.F.);
#2507=ORIENTED_EDGE('',*,*,#5652,.F.);
#2508=ORIENTED_EDGE('',*,*,#5658,.F.);
#2509=ORIENTED_EDGE('',*,*,#5604,.T.);
#2510=ORIENTED_EDGE('',*,*,#5659,.F.);
#2511=ORIENTED_EDGE('',*,*,#5610,.T.);
#2512=ORIENTED_EDGE('',*,*,#5660,.F.);
#2513=ORIENTED_EDGE('',*,*,#5661,.F.);
#2514=ORIENTED_EDGE('',*,*,#5662,.T.);
#2515=ORIENTED_EDGE('',*,*,#5663,.F.);
#2516=ORIENTED_EDGE('',*,*,#5664,.F.);
#2517=ORIENTED_EDGE('',*,*,#5547,.F.);
#2518=ORIENTED_EDGE('',*,*,#5665,.T.);
#2519=ORIENTED_EDGE('',*,*,#5666,.F.);
#2520=ORIENTED_EDGE('',*,*,#5667,.F.);
#2521=ORIENTED_EDGE('',*,*,#5588,.T.);
#2522=ORIENTED_EDGE('',*,*,#5668,.F.);
#2523=ORIENTED_EDGE('',*,*,#5594,.T.);
#2524=ORIENTED_EDGE('',*,*,#5669,.F.);
#2525=ORIENTED_EDGE('',*,*,#5632,.F.);
#2526=ORIENTED_EDGE('',*,*,#5670,.F.);
#2527=ORIENTED_EDGE('',*,*,#5630,.T.);
#2528=ORIENTED_EDGE('',*,*,#5671,.F.);
#2529=ORIENTED_EDGE('',*,*,#5624,.T.);
#2530=ORIENTED_EDGE('',*,*,#5672,.T.);
#2531=ORIENTED_EDGE('',*,*,#5673,.F.);
#2532=ORIENTED_EDGE('',*,*,#5674,.F.);
#2533=ORIENTED_EDGE('',*,*,#5675,.T.);
#2534=ORIENTED_EDGE('',*,*,#5550,.T.);
#2535=ORIENTED_EDGE('',*,*,#5676,.F.);
#2536=ORIENTED_EDGE('',*,*,#5677,.F.);
#2537=ORIENTED_EDGE('',*,*,#5678,.F.);
#2538=ORIENTED_EDGE('',*,*,#5677,.T.);
#2539=ORIENTED_EDGE('',*,*,#5679,.F.);
#2540=ORIENTED_EDGE('',*,*,#5680,.T.);
#2541=ORIENTED_EDGE('',*,*,#5681,.T.);
#2542=ORIENTED_EDGE('',*,*,#5674,.T.);
#2543=ORIENTED_EDGE('',*,*,#5682,.T.);
#2544=ORIENTED_EDGE('',*,*,#5683,.F.);
#2545=ORIENTED_EDGE('',*,*,#5645,.T.);
#2546=ORIENTED_EDGE('',*,*,#5684,.F.);
#2547=ORIENTED_EDGE('',*,*,#5663,.T.);
#2548=ORIENTED_EDGE('',*,*,#5685,.T.);
#2549=ORIENTED_EDGE('',*,*,#5686,.T.);
#2550=ORIENTED_EDGE('',*,*,#5687,.F.);
#2551=ORIENTED_EDGE('',*,*,#5688,.T.);
#2552=ORIENTED_EDGE('',*,*,#5680,.F.);
#2553=ORIENTED_EDGE('',*,*,#5689,.F.);
#2554=ORIENTED_EDGE('',*,*,#5690,.T.);
#2555=ORIENTED_EDGE('',*,*,#5691,.T.);
#2556=ORIENTED_EDGE('',*,*,#5692,.T.);
#2557=ORIENTED_EDGE('',*,*,#5693,.F.);
#2558=ORIENTED_EDGE('',*,*,#5694,.F.);
#2559=ORIENTED_EDGE('',*,*,#5695,.F.);
#2560=ORIENTED_EDGE('',*,*,#5696,.T.);
#2561=ORIENTED_EDGE('',*,*,#5697,.T.);
#2562=ORIENTED_EDGE('',*,*,#5698,.F.);
#2563=ORIENTED_EDGE('',*,*,#5699,.T.);
#2564=ORIENTED_EDGE('',*,*,#5700,.T.);
#2565=ORIENTED_EDGE('',*,*,#5701,.T.);
#2566=ORIENTED_EDGE('',*,*,#5702,.F.);
#2567=ORIENTED_EDGE('',*,*,#5703,.T.);
#2568=ORIENTED_EDGE('',*,*,#5704,.F.);
#2569=ORIENTED_EDGE('',*,*,#5705,.T.);
#2570=ORIENTED_EDGE('',*,*,#5703,.F.);
#2571=ORIENTED_EDGE('',*,*,#5706,.F.);
#2572=ORIENTED_EDGE('',*,*,#5707,.T.);
#2573=ORIENTED_EDGE('',*,*,#5708,.T.);
#2574=ORIENTED_EDGE('',*,*,#5709,.T.);
#2575=ORIENTED_EDGE('',*,*,#5710,.F.);
#2576=ORIENTED_EDGE('',*,*,#5711,.T.);
#2577=ORIENTED_EDGE('',*,*,#5666,.T.);
#2578=ORIENTED_EDGE('',*,*,#5712,.T.);
#2579=ORIENTED_EDGE('',*,*,#5713,.F.);
#2580=ORIENTED_EDGE('',*,*,#5714,.T.);
#2581=ORIENTED_EDGE('',*,*,#5715,.F.);
#2582=ORIENTED_EDGE('',*,*,#5573,.F.);
#2583=ORIENTED_EDGE('',*,*,#5716,.F.);
#2584=ORIENTED_EDGE('',*,*,#5717,.F.);
#2585=ORIENTED_EDGE('',*,*,#5718,.F.);
#2586=ORIENTED_EDGE('',*,*,#5719,.F.);
#2587=ORIENTED_EDGE('',*,*,#5720,.T.);
#2588=ORIENTED_EDGE('',*,*,#5721,.F.);
#2589=ORIENTED_EDGE('',*,*,#5722,.T.);
#2590=ORIENTED_EDGE('',*,*,#5723,.F.);
#2591=ORIENTED_EDGE('',*,*,#5724,.F.);
#2592=ORIENTED_EDGE('',*,*,#5661,.T.);
#2593=ORIENTED_EDGE('',*,*,#5725,.T.);
#2594=ORIENTED_EDGE('',*,*,#5726,.T.);
#2595=ORIENTED_EDGE('',*,*,#5727,.T.);
#2596=ORIENTED_EDGE('',*,*,#5728,.T.);
#2597=ORIENTED_EDGE('',*,*,#5729,.T.);
#2598=ORIENTED_EDGE('',*,*,#5730,.F.);
#2599=ORIENTED_EDGE('',*,*,#5731,.F.);
#2600=ORIENTED_EDGE('',*,*,#5732,.F.);
#2601=ORIENTED_EDGE('',*,*,#5733,.T.);
#2602=ORIENTED_EDGE('',*,*,#5734,.F.);
#2603=ORIENTED_EDGE('',*,*,#5735,.T.);
#2604=ORIENTED_EDGE('',*,*,#5736,.T.);
#2605=ORIENTED_EDGE('',*,*,#5737,.T.);
#2606=ORIENTED_EDGE('',*,*,#5556,.F.);
#2607=ORIENTED_EDGE('',*,*,#5738,.T.);
#2608=ORIENTED_EDGE('',*,*,#5559,.F.);
#2609=ORIENTED_EDGE('',*,*,#5739,.T.);
#2610=ORIENTED_EDGE('',*,*,#5740,.F.);
#2611=ORIENTED_EDGE('',*,*,#5741,.T.);
#2612=ORIENTED_EDGE('',*,*,#5742,.F.);
#2613=ORIENTED_EDGE('',*,*,#5743,.F.);
#2614=ORIENTED_EDGE('',*,*,#5744,.T.);
#2615=ORIENTED_EDGE('',*,*,#5745,.T.);
#2616=ORIENTED_EDGE('',*,*,#5746,.F.);
#2617=ORIENTED_EDGE('',*,*,#5584,.T.);
#2618=ORIENTED_EDGE('',*,*,#5747,.F.);
#2619=ORIENTED_EDGE('',*,*,#5748,.F.);
#2620=ORIENTED_EDGE('',*,*,#5749,.T.);
#2621=ORIENTED_EDGE('',*,*,#5750,.F.);
#2622=ORIENTED_EDGE('',*,*,#5751,.F.);
#2623=ORIENTED_EDGE('',*,*,#5752,.T.);
#2624=ORIENTED_EDGE('',*,*,#5753,.T.);
#2625=ORIENTED_EDGE('',*,*,#5754,.F.);
#2626=ORIENTED_EDGE('',*,*,#5755,.F.);
#2627=ORIENTED_EDGE('',*,*,#5695,.T.);
#2628=ORIENTED_EDGE('',*,*,#5756,.F.);
#2629=ORIENTED_EDGE('',*,*,#5750,.T.);
#2630=ORIENTED_EDGE('',*,*,#5757,.T.);
#2631=ORIENTED_EDGE('',*,*,#5720,.F.);
#2632=ORIENTED_EDGE('',*,*,#5758,.F.);
#2633=ORIENTED_EDGE('',*,*,#5704,.T.);
#2634=ORIENTED_EDGE('',*,*,#5759,.T.);
#2635=ORIENTED_EDGE('',*,*,#5752,.F.);
#2636=ORIENTED_EDGE('',*,*,#5760,.T.);
#2637=ORIENTED_EDGE('',*,*,#5761,.F.);
#2638=ORIENTED_EDGE('',*,*,#5762,.T.);
#2639=ORIENTED_EDGE('',*,*,#5763,.T.);
#2640=ORIENTED_EDGE('',*,*,#5764,.T.);
#2641=ORIENTED_EDGE('',*,*,#5765,.T.);
#2642=ORIENTED_EDGE('',*,*,#5766,.T.);
#2643=ORIENTED_EDGE('',*,*,#5767,.F.);
#2644=ORIENTED_EDGE('',*,*,#5768,.T.);
#2645=ORIENTED_EDGE('',*,*,#5769,.T.);
#2646=ORIENTED_EDGE('',*,*,#5770,.T.);
#2647=ORIENTED_EDGE('',*,*,#5771,.F.);
#2648=ORIENTED_EDGE('',*,*,#5772,.T.);
#2649=ORIENTED_EDGE('',*,*,#5773,.T.);
#2650=ORIENTED_EDGE('',*,*,#5774,.F.);
#2651=ORIENTED_EDGE('',*,*,#5775,.F.);
#2652=ORIENTED_EDGE('',*,*,#5776,.F.);
#2653=ORIENTED_EDGE('',*,*,#5777,.F.);
#2654=ORIENTED_EDGE('',*,*,#5778,.F.);
#2655=ORIENTED_EDGE('',*,*,#5779,.F.);
#2656=ORIENTED_EDGE('',*,*,#5780,.T.);
#2657=ORIENTED_EDGE('',*,*,#5781,.T.);
#2658=ORIENTED_EDGE('',*,*,#5782,.F.);
#2659=ORIENTED_EDGE('',*,*,#5783,.T.);
#2660=ORIENTED_EDGE('',*,*,#5784,.F.);
#2661=ORIENTED_EDGE('',*,*,#5785,.T.);
#2662=ORIENTED_EDGE('',*,*,#5786,.F.);
#2663=ORIENTED_EDGE('',*,*,#5787,.F.);
#2664=ORIENTED_EDGE('',*,*,#5788,.F.);
#2665=ORIENTED_EDGE('',*,*,#5789,.F.);
#2666=ORIENTED_EDGE('',*,*,#5790,.F.);
#2667=ORIENTED_EDGE('',*,*,#5791,.F.);
#2668=ORIENTED_EDGE('',*,*,#5792,.F.);
#2669=ORIENTED_EDGE('',*,*,#5793,.T.);
#2670=ORIENTED_EDGE('',*,*,#5794,.T.);
#2671=ORIENTED_EDGE('',*,*,#5768,.F.);
#2672=ORIENTED_EDGE('',*,*,#5795,.F.);
#2673=ORIENTED_EDGE('',*,*,#5796,.F.);
#2674=ORIENTED_EDGE('',*,*,#5797,.T.);
#2675=ORIENTED_EDGE('',*,*,#5774,.T.);
#2676=ORIENTED_EDGE('',*,*,#5798,.T.);
#2677=ORIENTED_EDGE('',*,*,#5767,.T.);
#2678=ORIENTED_EDGE('',*,*,#5799,.T.);
#2679=ORIENTED_EDGE('',*,*,#5800,.T.);
#2680=ORIENTED_EDGE('',*,*,#5795,.T.);
#2681=ORIENTED_EDGE('',*,*,#5801,.F.);
#2682=ORIENTED_EDGE('',*,*,#5793,.F.);
#2683=ORIENTED_EDGE('',*,*,#5802,.F.);
#2684=ORIENTED_EDGE('',*,*,#5803,.T.);
#2685=ORIENTED_EDGE('',*,*,#5804,.F.);
#2686=ORIENTED_EDGE('',*,*,#5619,.T.);
#2687=ORIENTED_EDGE('',*,*,#5805,.F.);
#2688=ORIENTED_EDGE('',*,*,#5806,.T.);
#2689=ORIENTED_EDGE('',*,*,#5807,.T.);
#2690=ORIENTED_EDGE('',*,*,#5808,.F.);
#2691=ORIENTED_EDGE('',*,*,#5809,.F.);
#2692=ORIENTED_EDGE('',*,*,#5810,.T.);
#2693=ORIENTED_EDGE('',*,*,#5770,.F.);
#2694=ORIENTED_EDGE('',*,*,#5811,.F.);
#2695=ORIENTED_EDGE('',*,*,#5796,.T.);
#2696=ORIENTED_EDGE('',*,*,#5800,.F.);
#2697=ORIENTED_EDGE('',*,*,#5812,.T.);
#2698=ORIENTED_EDGE('',*,*,#5765,.F.);
#2699=ORIENTED_EDGE('',*,*,#5813,.F.);
#2700=ORIENTED_EDGE('',*,*,#5814,.F.);
#2701=ORIENTED_EDGE('',*,*,#5815,.T.);
#2702=ORIENTED_EDGE('',*,*,#5816,.T.);
#2703=ORIENTED_EDGE('',*,*,#5817,.T.);
#2704=ORIENTED_EDGE('',*,*,#5790,.T.);
#2705=ORIENTED_EDGE('',*,*,#5818,.F.);
#2706=ORIENTED_EDGE('',*,*,#5819,.F.);
#2707=ORIENTED_EDGE('',*,*,#5820,.T.);
#2708=ORIENTED_EDGE('',*,*,#5821,.T.);
#2709=ORIENTED_EDGE('',*,*,#5822,.T.);
#2710=ORIENTED_EDGE('',*,*,#5648,.T.);
#2711=ORIENTED_EDGE('',*,*,#5823,.T.);
#2712=ORIENTED_EDGE('',*,*,#5798,.F.);
#2713=ORIENTED_EDGE('',*,*,#5773,.F.);
#2714=ORIENTED_EDGE('',*,*,#5824,.T.);
#2715=ORIENTED_EDGE('',*,*,#5799,.F.);
#2716=ORIENTED_EDGE('',*,*,#5766,.F.);
#2717=ORIENTED_EDGE('',*,*,#5812,.F.);
#2718=ORIENTED_EDGE('',*,*,#5824,.F.);
#2719=ORIENTED_EDGE('',*,*,#5772,.F.);
#2720=ORIENTED_EDGE('',*,*,#5825,.F.);
#2721=ORIENTED_EDGE('',*,*,#5552,.T.);
#2722=ORIENTED_EDGE('',*,*,#5826,.T.);
#2723=ORIENTED_EDGE('',*,*,#5827,.T.);
#2724=ORIENTED_EDGE('',*,*,#5828,.T.);
#2725=ORIENTED_EDGE('',*,*,#5829,.F.);
#2726=ORIENTED_EDGE('',*,*,#5830,.T.);
#2727=ORIENTED_EDGE('',*,*,#5754,.T.);
#2728=ORIENTED_EDGE('',*,*,#5831,.F.);
#2729=ORIENTED_EDGE('',*,*,#5832,.F.);
#2730=ORIENTED_EDGE('',*,*,#5833,.F.);
#2731=ORIENTED_EDGE('',*,*,#5834,.F.);
#2732=ORIENTED_EDGE('',*,*,#5835,.F.);
#2733=ORIENTED_EDGE('',*,*,#5826,.F.);
#2734=ORIENTED_EDGE('',*,*,#5551,.T.);
#2735=ORIENTED_EDGE('',*,*,#5675,.F.);
#2736=ORIENTED_EDGE('',*,*,#5681,.F.);
#2737=ORIENTED_EDGE('',*,*,#5688,.F.);
#2738=ORIENTED_EDGE('',*,*,#5836,.F.);
#2739=ORIENTED_EDGE('',*,*,#5837,.T.);
#2740=ORIENTED_EDGE('',*,*,#5838,.F.);
#2741=ORIENTED_EDGE('',*,*,#5839,.F.);
#2742=ORIENTED_EDGE('',*,*,#5840,.F.);
#2743=ORIENTED_EDGE('',*,*,#5841,.T.);
#2744=ORIENTED_EDGE('',*,*,#5842,.T.);
#2745=ORIENTED_EDGE('',*,*,#5843,.T.);
#2746=ORIENTED_EDGE('',*,*,#5844,.F.);
#2747=ORIENTED_EDGE('',*,*,#5845,.T.);
#2748=ORIENTED_EDGE('',*,*,#5846,.F.);
#2749=ORIENTED_EDGE('',*,*,#5847,.T.);
#2750=ORIENTED_EDGE('',*,*,#5848,.F.);
#2751=ORIENTED_EDGE('',*,*,#5849,.T.);
#2752=ORIENTED_EDGE('',*,*,#5850,.F.);
#2753=ORIENTED_EDGE('',*,*,#5851,.F.);
#2754=ORIENTED_EDGE('',*,*,#5852,.T.);
#2755=ORIENTED_EDGE('',*,*,#5730,.T.);
#2756=ORIENTED_EDGE('',*,*,#5853,.T.);
#2757=ORIENTED_EDGE('',*,*,#5706,.T.);
#2758=ORIENTED_EDGE('',*,*,#5702,.T.);
#2759=ORIENTED_EDGE('',*,*,#5854,.T.);
#2760=ORIENTED_EDGE('',*,*,#5739,.F.);
#2761=ORIENTED_EDGE('',*,*,#5566,.T.);
#2762=ORIENTED_EDGE('',*,*,#5855,.T.);
#2763=ORIENTED_EDGE('',*,*,#5736,.F.);
#2764=ORIENTED_EDGE('',*,*,#5856,.T.);
#2765=ORIENTED_EDGE('',*,*,#5857,.F.);
#2766=ORIENTED_EDGE('',*,*,#5858,.T.);
#2767=ORIENTED_EDGE('',*,*,#5859,.F.);
#2768=ORIENTED_EDGE('',*,*,#5860,.T.);
#2769=ORIENTED_EDGE('',*,*,#5861,.F.);
#2770=ORIENTED_EDGE('',*,*,#5862,.T.);
#2771=ORIENTED_EDGE('',*,*,#5863,.F.);
#2772=ORIENTED_EDGE('',*,*,#5864,.T.);
#2773=ORIENTED_EDGE('',*,*,#5865,.F.);
#2774=ORIENTED_EDGE('',*,*,#5834,.T.);
#2775=ORIENTED_EDGE('',*,*,#5866,.T.);
#2776=ORIENTED_EDGE('',*,*,#5697,.F.);
#2777=ORIENTED_EDGE('',*,*,#5867,.T.);
#2778=ORIENTED_EDGE('',*,*,#5868,.T.);
#2779=ORIENTED_EDGE('',*,*,#5869,.T.);
#2780=ORIENTED_EDGE('',*,*,#5870,.F.);
#2781=ORIENTED_EDGE('',*,*,#5871,.T.);
#2782=ORIENTED_EDGE('',*,*,#5744,.F.);
#2783=ORIENTED_EDGE('',*,*,#5858,.F.);
#2784=ORIENTED_EDGE('',*,*,#5872,.F.);
#2785=ORIENTED_EDGE('',*,*,#5860,.F.);
#2786=ORIENTED_EDGE('',*,*,#5873,.F.);
#2787=ORIENTED_EDGE('',*,*,#5874,.F.);
#2788=ORIENTED_EDGE('',*,*,#5875,.F.);
#2789=ORIENTED_EDGE('',*,*,#5876,.T.);
#2790=ORIENTED_EDGE('',*,*,#5877,.T.);
#2791=ORIENTED_EDGE('',*,*,#5878,.F.);
#2792=ORIENTED_EDGE('',*,*,#5879,.F.);
#2793=ORIENTED_EDGE('',*,*,#5741,.F.);
#2794=ORIENTED_EDGE('',*,*,#5880,.F.);
#2795=ORIENTED_EDGE('',*,*,#5700,.F.);
#2796=ORIENTED_EDGE('',*,*,#5881,.T.);
#2797=ORIENTED_EDGE('',*,*,#5882,.F.);
#2798=ORIENTED_EDGE('',*,*,#5883,.F.);
#2799=ORIENTED_EDGE('',*,*,#5884,.T.);
#2800=ORIENTED_EDGE('',*,*,#5885,.F.);
#2801=ORIENTED_EDGE('',*,*,#5886,.F.);
#2802=ORIENTED_EDGE('',*,*,#5887,.T.);
#2803=ORIENTED_EDGE('',*,*,#5888,.F.);
#2804=ORIENTED_EDGE('',*,*,#5889,.F.);
#2805=ORIENTED_EDGE('',*,*,#5890,.F.);
#2806=ORIENTED_EDGE('',*,*,#5891,.F.);
#2807=ORIENTED_EDGE('',*,*,#5892,.F.);
#2808=ORIENTED_EDGE('',*,*,#5893,.T.);
#2809=ORIENTED_EDGE('',*,*,#5894,.T.);
#2810=ORIENTED_EDGE('',*,*,#5895,.F.);
#2811=ORIENTED_EDGE('',*,*,#5896,.T.);
#2812=ORIENTED_EDGE('',*,*,#5897,.T.);
#2813=ORIENTED_EDGE('',*,*,#5898,.T.);
#2814=ORIENTED_EDGE('',*,*,#5899,.T.);
#2815=ORIENTED_EDGE('',*,*,#5900,.F.);
#2816=ORIENTED_EDGE('',*,*,#5901,.T.);
#2817=ORIENTED_EDGE('',*,*,#5902,.T.);
#2818=ORIENTED_EDGE('',*,*,#5903,.T.);
#2819=ORIENTED_EDGE('',*,*,#5904,.T.);
#2820=ORIENTED_EDGE('',*,*,#5905,.T.);
#2821=ORIENTED_EDGE('',*,*,#5906,.F.);
#2822=ORIENTED_EDGE('',*,*,#5907,.F.);
#2823=ORIENTED_EDGE('',*,*,#5908,.F.);
#2824=ORIENTED_EDGE('',*,*,#5909,.T.);
#2825=ORIENTED_EDGE('',*,*,#5908,.T.);
#2826=ORIENTED_EDGE('',*,*,#5910,.T.);
#2827=ORIENTED_EDGE('',*,*,#5785,.F.);
#2828=ORIENTED_EDGE('',*,*,#5911,.T.);
#2829=ORIENTED_EDGE('',*,*,#5912,.T.);
#2830=ORIENTED_EDGE('',*,*,#5797,.F.);
#2831=ORIENTED_EDGE('',*,*,#5823,.F.);
#2832=ORIENTED_EDGE('',*,*,#5647,.F.);
#2833=ORIENTED_EDGE('',*,*,#5913,.F.);
#2834=ORIENTED_EDGE('',*,*,#5775,.T.);
#2835=ORIENTED_EDGE('',*,*,#5914,.F.);
#2836=ORIENTED_EDGE('',*,*,#5787,.T.);
#2837=ORIENTED_EDGE('',*,*,#5915,.F.);
#2838=ORIENTED_EDGE('',*,*,#5916,.T.);
#2839=ORIENTED_EDGE('',*,*,#5814,.T.);
#2840=ORIENTED_EDGE('',*,*,#5917,.T.);
#2841=ORIENTED_EDGE('',*,*,#5918,.T.);
#2842=ORIENTED_EDGE('',*,*,#5919,.T.);
#2843=ORIENTED_EDGE('',*,*,#5920,.F.);
#2844=ORIENTED_EDGE('',*,*,#5921,.T.);
#2845=ORIENTED_EDGE('',*,*,#5922,.F.);
#2846=ORIENTED_EDGE('',*,*,#5923,.F.);
#2847=ORIENTED_EDGE('',*,*,#5924,.F.);
#2848=ORIENTED_EDGE('',*,*,#5925,.T.);
#2849=ORIENTED_EDGE('',*,*,#5926,.T.);
#2850=ORIENTED_EDGE('',*,*,#5927,.F.);
#2851=ORIENTED_EDGE('',*,*,#5928,.T.);
#2852=ORIENTED_EDGE('',*,*,#5929,.F.);
#2853=ORIENTED_EDGE('',*,*,#5930,.T.);
#2854=ORIENTED_EDGE('',*,*,#5931,.T.);
#2855=ORIENTED_EDGE('',*,*,#5932,.T.);
#2856=ORIENTED_EDGE('',*,*,#5933,.T.);
#2857=ORIENTED_EDGE('',*,*,#5934,.T.);
#2858=ORIENTED_EDGE('',*,*,#5935,.F.);
#2859=ORIENTED_EDGE('',*,*,#5936,.T.);
#2860=ORIENTED_EDGE('',*,*,#5937,.T.);
#2861=ORIENTED_EDGE('',*,*,#5938,.F.);
#2862=ORIENTED_EDGE('',*,*,#5939,.T.);
#2863=ORIENTED_EDGE('',*,*,#5940,.F.);
#2864=ORIENTED_EDGE('',*,*,#5941,.F.);
#2865=ORIENTED_EDGE('',*,*,#5942,.T.);
#2866=ORIENTED_EDGE('',*,*,#5943,.T.);
#2867=ORIENTED_EDGE('',*,*,#5937,.F.);
#2868=ORIENTED_EDGE('',*,*,#5944,.F.);
#2869=ORIENTED_EDGE('',*,*,#5945,.T.);
#2870=ORIENTED_EDGE('',*,*,#5946,.F.);
#2871=ORIENTED_EDGE('',*,*,#5947,.T.);
#2872=ORIENTED_EDGE('',*,*,#5948,.F.);
#2873=ORIENTED_EDGE('',*,*,#5949,.T.);
#2874=ORIENTED_EDGE('',*,*,#5950,.F.);
#2875=ORIENTED_EDGE('',*,*,#5951,.F.);
#2876=ORIENTED_EDGE('',*,*,#5952,.F.);
#2877=ORIENTED_EDGE('',*,*,#5953,.F.);
#2878=ORIENTED_EDGE('',*,*,#5954,.T.);
#2879=ORIENTED_EDGE('',*,*,#5955,.T.);
#2880=ORIENTED_EDGE('',*,*,#5956,.T.);
#2881=ORIENTED_EDGE('',*,*,#5957,.F.);
#2882=ORIENTED_EDGE('',*,*,#5958,.T.);
#2883=ORIENTED_EDGE('',*,*,#5959,.T.);
#2884=ORIENTED_EDGE('',*,*,#5958,.F.);
#2885=ORIENTED_EDGE('',*,*,#5960,.F.);
#2886=ORIENTED_EDGE('',*,*,#5961,.F.);
#2887=ORIENTED_EDGE('',*,*,#5962,.F.);
#2888=ORIENTED_EDGE('',*,*,#5580,.F.);
#2889=ORIENTED_EDGE('',*,*,#5963,.T.);
#2890=ORIENTED_EDGE('',*,*,#5964,.F.);
#2891=ORIENTED_EDGE('',*,*,#5965,.F.);
#2892=ORIENTED_EDGE('',*,*,#5966,.T.);
#2893=ORIENTED_EDGE('',*,*,#5967,.F.);
#2894=ORIENTED_EDGE('',*,*,#5968,.F.);
#2895=ORIENTED_EDGE('',*,*,#5969,.F.);
#2896=ORIENTED_EDGE('',*,*,#5970,.T.);
#2897=ORIENTED_EDGE('',*,*,#5633,.F.);
#2898=ORIENTED_EDGE('',*,*,#5669,.T.);
#2899=ORIENTED_EDGE('',*,*,#5593,.T.);
#2900=ORIENTED_EDGE('',*,*,#5971,.F.);
#2901=ORIENTED_EDGE('',*,*,#5972,.T.);
#2902=ORIENTED_EDGE('',*,*,#5589,.T.);
#2903=ORIENTED_EDGE('',*,*,#5667,.T.);
#2904=ORIENTED_EDGE('',*,*,#5711,.F.);
#2905=ORIENTED_EDGE('',*,*,#5973,.F.);
#2906=ORIENTED_EDGE('',*,*,#5725,.F.);
#2907=ORIENTED_EDGE('',*,*,#5660,.T.);
#2908=ORIENTED_EDGE('',*,*,#5609,.T.);
#2909=ORIENTED_EDGE('',*,*,#5974,.F.);
#2910=ORIENTED_EDGE('',*,*,#5975,.F.);
#2911=ORIENTED_EDGE('',*,*,#5976,.F.);
#2912=ORIENTED_EDGE('',*,*,#5977,.F.);
#2913=ORIENTED_EDGE('',*,*,#5978,.T.);
#2914=ORIENTED_EDGE('',*,*,#5979,.F.);
#2915=ORIENTED_EDGE('',*,*,#5980,.T.);
#2916=ORIENTED_EDGE('',*,*,#5981,.F.);
#2917=ORIENTED_EDGE('',*,*,#5982,.F.);
#2918=ORIENTED_EDGE('',*,*,#5983,.F.);
#2919=ORIENTED_EDGE('',*,*,#5984,.T.);
#2920=ORIENTED_EDGE('',*,*,#5985,.F.);
#2921=ORIENTED_EDGE('',*,*,#5986,.T.);
#2922=ORIENTED_EDGE('',*,*,#5621,.T.);
#2923=ORIENTED_EDGE('',*,*,#5987,.F.);
#2924=ORIENTED_EDGE('',*,*,#5988,.T.);
#2925=ORIENTED_EDGE('',*,*,#5989,.F.);
#2926=ORIENTED_EDGE('',*,*,#5978,.F.);
#2927=ORIENTED_EDGE('',*,*,#5990,.F.);
#2928=ORIENTED_EDGE('',*,*,#5991,.T.);
#2929=ORIENTED_EDGE('',*,*,#5820,.F.);
#2930=ORIENTED_EDGE('',*,*,#5992,.F.);
#2931=ORIENTED_EDGE('',*,*,#5917,.F.);
#2932=ORIENTED_EDGE('',*,*,#5993,.F.);
#2933=ORIENTED_EDGE('',*,*,#5994,.T.);
#2934=ORIENTED_EDGE('',*,*,#5995,.T.);
#2935=ORIENTED_EDGE('',*,*,#5821,.F.);
#2936=ORIENTED_EDGE('',*,*,#5991,.F.);
#2937=ORIENTED_EDGE('',*,*,#5996,.F.);
#2938=ORIENTED_EDGE('',*,*,#5802,.T.);
#2939=ORIENTED_EDGE('',*,*,#5792,.T.);
#2940=ORIENTED_EDGE('',*,*,#5997,.F.);
#2941=ORIENTED_EDGE('',*,*,#5997,.T.);
#2942=ORIENTED_EDGE('',*,*,#5791,.T.);
#2943=ORIENTED_EDGE('',*,*,#5817,.F.);
#2944=ORIENTED_EDGE('',*,*,#5998,.T.);
#2945=ORIENTED_EDGE('',*,*,#5999,.F.);
#2946=ORIENTED_EDGE('',*,*,#6000,.F.);
#2947=ORIENTED_EDGE('',*,*,#5780,.F.);
#2948=ORIENTED_EDGE('',*,*,#6001,.T.);
#2949=ORIENTED_EDGE('',*,*,#6002,.F.);
#2950=ORIENTED_EDGE('',*,*,#6003,.T.);
#2951=ORIENTED_EDGE('',*,*,#6004,.F.);
#2952=ORIENTED_EDGE('',*,*,#6005,.F.);
#2953=ORIENTED_EDGE('',*,*,#6006,.T.);
#2954=ORIENTED_EDGE('',*,*,#6007,.F.);
#2955=ORIENTED_EDGE('',*,*,#6008,.T.);
#2956=ORIENTED_EDGE('',*,*,#6009,.F.);
#2957=ORIENTED_EDGE('',*,*,#6010,.T.);
#2958=ORIENTED_EDGE('',*,*,#6009,.T.);
#2959=ORIENTED_EDGE('',*,*,#6011,.T.);
#2960=ORIENTED_EDGE('',*,*,#6012,.F.);
#2961=ORIENTED_EDGE('',*,*,#6013,.T.);
#2962=ORIENTED_EDGE('',*,*,#6014,.F.);
#2963=ORIENTED_EDGE('',*,*,#6015,.T.);
#2964=ORIENTED_EDGE('',*,*,#6016,.T.);
#2965=ORIENTED_EDGE('',*,*,#6017,.F.);
#2966=ORIENTED_EDGE('',*,*,#6018,.T.);
#2967=ORIENTED_EDGE('',*,*,#6019,.T.);
#2968=ORIENTED_EDGE('',*,*,#6020,.T.);
#2969=ORIENTED_EDGE('',*,*,#6021,.T.);
#2970=ORIENTED_EDGE('',*,*,#6022,.F.);
#2971=ORIENTED_EDGE('',*,*,#6023,.T.);
#2972=ORIENTED_EDGE('',*,*,#6024,.F.);
#2973=ORIENTED_EDGE('',*,*,#5980,.F.);
#2974=ORIENTED_EDGE('',*,*,#6025,.F.);
#2975=ORIENTED_EDGE('',*,*,#6026,.F.);
#2976=ORIENTED_EDGE('',*,*,#6027,.T.);
#2977=ORIENTED_EDGE('',*,*,#6028,.T.);
#2978=ORIENTED_EDGE('',*,*,#6018,.F.);
#2979=ORIENTED_EDGE('',*,*,#6029,.F.);
#2980=ORIENTED_EDGE('',*,*,#5927,.T.);
#2981=ORIENTED_EDGE('',*,*,#6030,.F.);
#2982=ORIENTED_EDGE('',*,*,#5988,.F.);
#2983=ORIENTED_EDGE('',*,*,#6031,.F.);
#2984=ORIENTED_EDGE('',*,*,#5809,.T.);
#2985=ORIENTED_EDGE('',*,*,#6032,.T.);
#2986=ORIENTED_EDGE('',*,*,#6027,.F.);
#2987=ORIENTED_EDGE('',*,*,#6033,.F.);
#2988=ORIENTED_EDGE('',*,*,#6034,.F.);
#2989=ORIENTED_EDGE('',*,*,#6035,.T.);
#2990=ORIENTED_EDGE('',*,*,#6020,.F.);
#2991=ORIENTED_EDGE('',*,*,#6036,.T.);
#2992=ORIENTED_EDGE('',*,*,#5638,.F.);
#2993=ORIENTED_EDGE('',*,*,#6037,.T.);
#2994=ORIENTED_EDGE('',*,*,#6038,.F.);
#2995=ORIENTED_EDGE('',*,*,#6039,.T.);
#2996=ORIENTED_EDGE('',*,*,#6040,.F.);
#2997=ORIENTED_EDGE('',*,*,#5981,.T.);
#2998=ORIENTED_EDGE('',*,*,#6024,.T.);
#2999=ORIENTED_EDGE('',*,*,#6041,.T.);
#3000=ORIENTED_EDGE('',*,*,#6014,.T.);
#3001=ORIENTED_EDGE('',*,*,#6042,.T.);
#3002=ORIENTED_EDGE('',*,*,#6043,.T.);
#3003=ORIENTED_EDGE('',*,*,#6044,.F.);
#3004=ORIENTED_EDGE('',*,*,#5782,.T.);
#3005=ORIENTED_EDGE('',*,*,#6045,.F.);
#3006=ORIENTED_EDGE('',*,*,#5999,.T.);
#3007=ORIENTED_EDGE('',*,*,#6046,.T.);
#3008=ORIENTED_EDGE('',*,*,#6047,.T.);
#3009=ORIENTED_EDGE('',*,*,#6048,.T.);
#3010=ORIENTED_EDGE('',*,*,#6005,.T.);
#3011=ORIENTED_EDGE('',*,*,#6049,.T.);
#3012=ORIENTED_EDGE('',*,*,#6050,.T.);
#3013=ORIENTED_EDGE('',*,*,#6051,.F.);
#3014=ORIENTED_EDGE('',*,*,#6052,.T.);
#3015=ORIENTED_EDGE('',*,*,#6053,.T.);
#3016=ORIENTED_EDGE('',*,*,#6054,.T.);
#3017=ORIENTED_EDGE('',*,*,#6055,.F.);
#3018=ORIENTED_EDGE('',*,*,#6056,.F.);
#3019=ORIENTED_EDGE('',*,*,#6057,.T.);
#3020=ORIENTED_EDGE('',*,*,#6058,.T.);
#3021=ORIENTED_EDGE('',*,*,#6059,.F.);
#3022=ORIENTED_EDGE('',*,*,#6060,.F.);
#3023=ORIENTED_EDGE('',*,*,#6061,.T.);
#3024=ORIENTED_EDGE('',*,*,#6062,.F.);
#3025=ORIENTED_EDGE('',*,*,#6063,.T.);
#3026=ORIENTED_EDGE('',*,*,#6054,.F.);
#3027=ORIENTED_EDGE('',*,*,#6064,.T.);
#3028=ORIENTED_EDGE('',*,*,#6065,.T.);
#3029=ORIENTED_EDGE('',*,*,#6066,.F.);
#3030=ORIENTED_EDGE('',*,*,#6067,.T.);
#3031=ORIENTED_EDGE('',*,*,#6068,.F.);
#3032=ORIENTED_EDGE('',*,*,#6069,.F.);
#3033=ORIENTED_EDGE('',*,*,#6050,.F.);
#3034=ORIENTED_EDGE('',*,*,#6070,.T.);
#3035=ORIENTED_EDGE('',*,*,#6071,.F.);
#3036=ORIENTED_EDGE('',*,*,#6072,.T.);
#3037=ORIENTED_EDGE('',*,*,#6073,.T.);
#3038=ORIENTED_EDGE('',*,*,#6074,.T.);
#3039=ORIENTED_EDGE('',*,*,#6075,.T.);
#3040=ORIENTED_EDGE('',*,*,#5903,.F.);
#3041=ORIENTED_EDGE('',*,*,#6076,.T.);
#3042=ORIENTED_EDGE('',*,*,#5898,.F.);
#3043=ORIENTED_EDGE('',*,*,#6077,.T.);
#3044=ORIENTED_EDGE('',*,*,#6078,.F.);
#3045=ORIENTED_EDGE('',*,*,#6079,.T.);
#3046=ORIENTED_EDGE('',*,*,#6080,.T.);
#3047=ORIENTED_EDGE('',*,*,#6081,.F.);
#3048=ORIENTED_EDGE('',*,*,#6082,.F.);
#3049=ORIENTED_EDGE('',*,*,#6083,.T.);
#3050=ORIENTED_EDGE('',*,*,#6068,.T.);
#3051=ORIENTED_EDGE('',*,*,#6084,.F.);
#3052=ORIENTED_EDGE('',*,*,#6085,.T.);
#3053=ORIENTED_EDGE('',*,*,#5904,.F.);
#3054=ORIENTED_EDGE('',*,*,#6075,.F.);
#3055=ORIENTED_EDGE('',*,*,#6086,.F.);
#3056=ORIENTED_EDGE('',*,*,#5884,.F.);
#3057=ORIENTED_EDGE('',*,*,#6087,.T.);
#3058=ORIENTED_EDGE('',*,*,#6077,.F.);
#3059=ORIENTED_EDGE('',*,*,#5897,.F.);
#3060=ORIENTED_EDGE('',*,*,#6088,.F.);
#3061=ORIENTED_EDGE('',*,*,#5902,.F.);
#3062=ORIENTED_EDGE('',*,*,#6089,.T.);
#3063=ORIENTED_EDGE('',*,*,#5899,.F.);
#3064=ORIENTED_EDGE('',*,*,#6076,.F.);
#3065=ORIENTED_EDGE('',*,*,#5905,.F.);
#3066=ORIENTED_EDGE('',*,*,#6088,.T.);
#3067=ORIENTED_EDGE('',*,*,#5901,.F.);
#3068=ORIENTED_EDGE('',*,*,#6090,.T.);
#3069=ORIENTED_EDGE('',*,*,#6089,.F.);
#3070=ORIENTED_EDGE('',*,*,#5906,.T.);
#3071=ORIENTED_EDGE('',*,*,#6090,.F.);
#3072=ORIENTED_EDGE('',*,*,#5900,.T.);
#3073=ORIENTED_EDGE('',*,*,#6051,.T.);
#3074=ORIENTED_EDGE('',*,*,#6069,.T.);
#3075=ORIENTED_EDGE('',*,*,#6083,.F.);
#3076=ORIENTED_EDGE('',*,*,#6091,.T.);
#3077=ORIENTED_EDGE('',*,*,#5887,.F.);
#3078=ORIENTED_EDGE('',*,*,#6092,.F.);
#3079=ORIENTED_EDGE('',*,*,#6072,.F.);
#3080=ORIENTED_EDGE('',*,*,#6093,.F.);
#3081=ORIENTED_EDGE('',*,*,#5928,.F.);
#3082=ORIENTED_EDGE('',*,*,#6035,.F.);
#3083=ORIENTED_EDGE('',*,*,#6094,.F.);
#3084=ORIENTED_EDGE('',*,*,#6095,.F.);
#3085=ORIENTED_EDGE('',*,*,#6061,.F.);
#3086=ORIENTED_EDGE('',*,*,#6096,.F.);
#3087=ORIENTED_EDGE('',*,*,#6097,.T.);
#3088=ORIENTED_EDGE('',*,*,#5930,.F.);
#3089=ORIENTED_EDGE('',*,*,#6098,.T.);
#3090=ORIENTED_EDGE('',*,*,#6097,.F.);
#3091=ORIENTED_EDGE('',*,*,#6099,.F.);
#3092=ORIENTED_EDGE('',*,*,#6082,.T.);
#3093=ORIENTED_EDGE('',*,*,#6100,.T.);
#3094=ORIENTED_EDGE('',*,*,#6055,.T.);
#3095=ORIENTED_EDGE('',*,*,#6101,.F.);
#3096=ORIENTED_EDGE('',*,*,#6102,.T.);
#3097=ORIENTED_EDGE('',*,*,#6103,.T.);
#3098=ORIENTED_EDGE('',*,*,#6104,.T.);
#3099=ORIENTED_EDGE('',*,*,#5896,.F.);
#3100=ORIENTED_EDGE('',*,*,#6105,.F.);
#3101=ORIENTED_EDGE('',*,*,#5993,.T.);
#3102=ORIENTED_EDGE('',*,*,#5936,.F.);
#3103=ORIENTED_EDGE('',*,*,#6106,.F.);
#3104=ORIENTED_EDGE('',*,*,#6080,.F.);
#3105=ORIENTED_EDGE('',*,*,#6107,.F.);
#3106=ORIENTED_EDGE('',*,*,#6108,.T.);
#3107=ORIENTED_EDGE('',*,*,#6109,.T.);
#3108=ORIENTED_EDGE('',*,*,#6057,.F.);
#3109=ORIENTED_EDGE('',*,*,#6108,.F.);
#3110=ORIENTED_EDGE('',*,*,#6110,.T.);
#3111=ORIENTED_EDGE('',*,*,#5934,.F.);
#3112=ORIENTED_EDGE('',*,*,#6111,.T.);
#3113=ORIENTED_EDGE('',*,*,#5921,.F.);
#3114=ORIENTED_EDGE('',*,*,#6112,.T.);
#3115=ORIENTED_EDGE('',*,*,#6047,.F.);
#3116=ORIENTED_EDGE('',*,*,#6010,.F.);
#3117=ORIENTED_EDGE('',*,*,#6017,.T.);
#3118=ORIENTED_EDGE('',*,*,#6113,.F.);
#3119=ORIENTED_EDGE('',*,*,#6114,.T.);
#3120=ORIENTED_EDGE('',*,*,#6115,.F.);
#3121=ORIENTED_EDGE('',*,*,#6116,.F.);
#3122=ORIENTED_EDGE('',*,*,#6117,.F.);
#3123=ORIENTED_EDGE('',*,*,#6118,.T.);
#3124=ORIENTED_EDGE('',*,*,#6119,.F.);
#3125=ORIENTED_EDGE('',*,*,#6120,.F.);
#3126=ORIENTED_EDGE('',*,*,#6121,.F.);
#3127=ORIENTED_EDGE('',*,*,#6122,.F.);
#3128=ORIENTED_EDGE('',*,*,#6123,.T.);
#3129=ORIENTED_EDGE('',*,*,#6124,.T.);
#3130=ORIENTED_EDGE('',*,*,#6125,.F.);
#3131=ORIENTED_EDGE('',*,*,#6126,.T.);
#3132=ORIENTED_EDGE('',*,*,#6127,.F.);
#3133=ORIENTED_EDGE('',*,*,#6128,.F.);
#3134=ORIENTED_EDGE('',*,*,#6129,.T.);
#3135=ORIENTED_EDGE('',*,*,#6130,.F.);
#3136=ORIENTED_EDGE('',*,*,#6131,.T.);
#3137=ORIENTED_EDGE('',*,*,#5956,.F.);
#3138=ORIENTED_EDGE('',*,*,#6132,.T.);
#3139=ORIENTED_EDGE('',*,*,#6133,.T.);
#3140=ORIENTED_EDGE('',*,*,#6134,.F.);
#3141=ORIENTED_EDGE('',*,*,#6135,.T.);
#3142=ORIENTED_EDGE('',*,*,#6136,.T.);
#3143=ORIENTED_EDGE('',*,*,#6137,.T.);
#3144=ORIENTED_EDGE('',*,*,#6138,.F.);
#3145=ORIENTED_EDGE('',*,*,#6139,.T.);
#3146=ORIENTED_EDGE('',*,*,#6140,.F.);
#3147=ORIENTED_EDGE('',*,*,#6141,.F.);
#3148=ORIENTED_EDGE('',*,*,#6142,.F.);
#3149=ORIENTED_EDGE('',*,*,#6143,.F.);
#3150=ORIENTED_EDGE('',*,*,#6144,.F.);
#3151=ORIENTED_EDGE('',*,*,#6145,.F.);
#3152=ORIENTED_EDGE('',*,*,#6146,.F.);
#3153=ORIENTED_EDGE('',*,*,#6147,.F.);
#3154=ORIENTED_EDGE('',*,*,#5850,.T.);
#3155=ORIENTED_EDGE('',*,*,#6148,.T.);
#3156=ORIENTED_EDGE('',*,*,#6146,.T.);
#3157=ORIENTED_EDGE('',*,*,#6149,.F.);
#3158=ORIENTED_EDGE('',*,*,#6115,.T.);
#3159=ORIENTED_EDGE('',*,*,#6150,.T.);
#3160=ORIENTED_EDGE('',*,*,#6142,.T.);
#3161=ORIENTED_EDGE('',*,*,#6151,.F.);
#3162=ORIENTED_EDGE('',*,*,#6152,.F.);
#3163=ORIENTED_EDGE('',*,*,#6153,.T.);
#3164=ORIENTED_EDGE('',*,*,#6154,.F.);
#3165=ORIENTED_EDGE('',*,*,#6155,.F.);
#3166=ORIENTED_EDGE('',*,*,#6156,.F.);
#3167=ORIENTED_EDGE('',*,*,#6157,.F.);
#3168=ORIENTED_EDGE('',*,*,#6158,.T.);
#3169=ORIENTED_EDGE('',*,*,#6085,.F.);
#3170=ORIENTED_EDGE('',*,*,#6159,.F.);
#3171=ORIENTED_EDGE('',*,*,#6160,.F.);
#3172=ORIENTED_EDGE('',*,*,#6161,.F.);
#3173=ORIENTED_EDGE('',*,*,#5892,.T.);
#3174=ORIENTED_EDGE('',*,*,#6162,.F.);
#3175=ORIENTED_EDGE('',*,*,#5890,.T.);
#3176=ORIENTED_EDGE('',*,*,#6163,.T.);
#3177=ORIENTED_EDGE('',*,*,#6164,.F.);
#3178=ORIENTED_EDGE('',*,*,#6165,.F.);
#3179=ORIENTED_EDGE('',*,*,#6166,.T.);
#3180=ORIENTED_EDGE('',*,*,#5971,.T.);
#3181=ORIENTED_EDGE('',*,*,#6167,.F.);
#3182=ORIENTED_EDGE('',*,*,#6164,.T.);
#3183=ORIENTED_EDGE('',*,*,#6168,.F.);
#3184=ORIENTED_EDGE('',*,*,#5969,.T.);
#3185=ORIENTED_EDGE('',*,*,#6169,.F.);
#3186=ORIENTED_EDGE('',*,*,#6170,.F.);
#3187=ORIENTED_EDGE('',*,*,#6171,.T.);
#3188=ORIENTED_EDGE('',*,*,#6172,.T.);
#3189=ORIENTED_EDGE('',*,*,#6173,.T.);
#3190=ORIENTED_EDGE('',*,*,#6160,.T.);
#3191=ORIENTED_EDGE('',*,*,#6174,.F.);
#3192=ORIENTED_EDGE('',*,*,#5975,.T.);
#3193=ORIENTED_EDGE('',*,*,#6175,.F.);
#3194=ORIENTED_EDGE('',*,*,#5939,.F.);
#3195=ORIENTED_EDGE('',*,*,#6176,.F.);
#3196=ORIENTED_EDGE('',*,*,#6177,.F.);
#3197=ORIENTED_EDGE('',*,*,#6178,.F.);
#3198=ORIENTED_EDGE('',*,*,#6179,.F.);
#3199=ORIENTED_EDGE('',*,*,#6180,.F.);
#3200=ORIENTED_EDGE('',*,*,#6181,.T.);
#3201=ORIENTED_EDGE('',*,*,#6182,.T.);
#3202=ORIENTED_EDGE('',*,*,#6183,.T.);
#3203=ORIENTED_EDGE('',*,*,#6184,.F.);
#3204=ORIENTED_EDGE('',*,*,#5909,.F.);
#3205=ORIENTED_EDGE('',*,*,#5912,.F.);
#3206=ORIENTED_EDGE('',*,*,#6185,.F.);
#3207=ORIENTED_EDGE('',*,*,#5682,.F.);
#3208=ORIENTED_EDGE('',*,*,#5673,.T.);
#3209=ORIENTED_EDGE('',*,*,#6186,.T.);
#3210=ORIENTED_EDGE('',*,*,#5815,.F.);
#3211=ORIENTED_EDGE('',*,*,#5916,.F.);
#3212=ORIENTED_EDGE('',*,*,#6187,.F.);
#3213=ORIENTED_EDGE('',*,*,#6188,.F.);
#3214=ORIENTED_EDGE('',*,*,#6189,.F.);
#3215=ORIENTED_EDGE('',*,*,#6190,.T.);
#3216=ORIENTED_EDGE('',*,*,#6191,.T.);
#3217=ORIENTED_EDGE('',*,*,#6192,.T.);
#3218=ORIENTED_EDGE('',*,*,#6193,.T.);
#3219=ORIENTED_EDGE('',*,*,#6194,.T.);
#3220=ORIENTED_EDGE('',*,*,#6195,.T.);
#3221=ORIENTED_EDGE('',*,*,#6196,.T.);
#3222=ORIENTED_EDGE('',*,*,#6197,.T.);
#3223=ORIENTED_EDGE('',*,*,#6198,.T.);
#3224=ORIENTED_EDGE('',*,*,#6199,.F.);
#3225=ORIENTED_EDGE('',*,*,#6200,.F.);
#3226=ORIENTED_EDGE('',*,*,#6201,.F.);
#3227=ORIENTED_EDGE('',*,*,#6191,.F.);
#3228=ORIENTED_EDGE('',*,*,#6190,.F.);
#3229=ORIENTED_EDGE('',*,*,#6198,.F.);
#3230=ORIENTED_EDGE('',*,*,#6202,.F.);
#3231=ORIENTED_EDGE('',*,*,#6203,.T.);
#3232=ORIENTED_EDGE('',*,*,#6204,.F.);
#3233=ORIENTED_EDGE('',*,*,#6205,.F.);
#3234=ORIENTED_EDGE('',*,*,#6195,.F.);
#3235=ORIENTED_EDGE('',*,*,#6194,.F.);
#3236=ORIENTED_EDGE('',*,*,#6193,.F.);
#3237=ORIENTED_EDGE('',*,*,#6192,.F.);
#3238=ORIENTED_EDGE('',*,*,#5731,.T.);
#3239=ORIENTED_EDGE('',*,*,#5855,.F.);
#3240=ORIENTED_EDGE('',*,*,#5565,.T.);
#3241=ORIENTED_EDGE('',*,*,#6206,.F.);
#3242=ORIENTED_EDGE('',*,*,#5558,.T.);
#3243=ORIENTED_EDGE('',*,*,#6207,.F.);
#3244=ORIENTED_EDGE('',*,*,#5873,.T.);
#3245=ORIENTED_EDGE('',*,*,#5859,.T.);
#3246=ORIENTED_EDGE('',*,*,#5879,.T.);
#3247=ORIENTED_EDGE('',*,*,#6208,.F.);
#3248=ORIENTED_EDGE('',*,*,#6209,.T.);
#3249=ORIENTED_EDGE('',*,*,#6210,.T.);
#3250=ORIENTED_EDGE('',*,*,#6211,.F.);
#3251=ORIENTED_EDGE('',*,*,#5717,.T.);
#3252=ORIENTED_EDGE('',*,*,#6212,.F.);
#3253=ORIENTED_EDGE('',*,*,#5735,.F.);
#3254=ORIENTED_EDGE('',*,*,#6213,.T.);
#3255=ORIENTED_EDGE('',*,*,#6214,.F.);
#3256=ORIENTED_EDGE('',*,*,#6215,.F.);
#3257=ORIENTED_EDGE('',*,*,#6216,.T.);
#3258=ORIENTED_EDGE('',*,*,#5560,.T.);
#3259=ORIENTED_EDGE('',*,*,#5738,.F.);
#3260=ORIENTED_EDGE('',*,*,#5555,.T.);
#3261=ORIENTED_EDGE('',*,*,#6206,.T.);
#3262=ORIENTED_EDGE('',*,*,#5564,.T.);
#3263=ORIENTED_EDGE('',*,*,#6217,.T.);
#3264=ORIENTED_EDGE('',*,*,#6218,.T.);
#3265=ORIENTED_EDGE('',*,*,#5732,.T.);
#3266=ORIENTED_EDGE('',*,*,#6212,.T.);
#3267=ORIENTED_EDGE('',*,*,#5716,.T.);
#3268=ORIENTED_EDGE('',*,*,#5572,.T.);
#3269=ORIENTED_EDGE('',*,*,#5746,.T.);
#3270=ORIENTED_EDGE('',*,*,#5756,.T.);
#3271=ORIENTED_EDGE('',*,*,#5719,.T.);
#3272=ORIENTED_EDGE('',*,*,#6215,.T.);
#3273=ORIENTED_EDGE('',*,*,#6172,.F.);
#3274=ORIENTED_EDGE('',*,*,#6219,.T.);
#3275=ORIENTED_EDGE('',*,*,#5605,.T.);
#3276=ORIENTED_EDGE('',*,*,#5658,.T.);
#3277=ORIENTED_EDGE('',*,*,#5651,.F.);
#3278=ORIENTED_EDGE('',*,*,#6220,.T.);
#3279=ORIENTED_EDGE('',*,*,#5563,.F.);
#3280=ORIENTED_EDGE('',*,*,#6221,.T.);
#3281=ORIENTED_EDGE('',*,*,#6222,.T.);
#3282=ORIENTED_EDGE('',*,*,#6217,.F.);
#3283=ORIENTED_EDGE('',*,*,#5733,.F.);
#3284=ORIENTED_EDGE('',*,*,#6218,.F.);
#3285=ORIENTED_EDGE('',*,*,#6214,.T.);
#3286=ORIENTED_EDGE('',*,*,#6223,.T.);
#3287=ORIENTED_EDGE('',*,*,#5561,.F.);
#3288=ORIENTED_EDGE('',*,*,#6216,.F.);
#3289=ORIENTED_EDGE('',*,*,#6222,.F.);
#3290=ORIENTED_EDGE('',*,*,#6224,.T.);
#3291=ORIENTED_EDGE('',*,*,#6225,.F.);
#3292=ORIENTED_EDGE('',*,*,#6226,.T.);
#3293=ORIENTED_EDGE('',*,*,#5659,.T.);
#3294=ORIENTED_EDGE('',*,*,#5684,.T.);
#3295=ORIENTED_EDGE('',*,*,#6227,.T.);
#3296=ORIENTED_EDGE('',*,*,#6228,.T.);
#3297=ORIENTED_EDGE('',*,*,#5548,.T.);
#3298=ORIENTED_EDGE('',*,*,#5664,.T.);
#3299=ORIENTED_EDGE('',*,*,#5587,.F.);
#3300=ORIENTED_EDGE('',*,*,#5616,.T.);
#3301=ORIENTED_EDGE('',*,*,#5670,.T.);
#3302=ORIENTED_EDGE('',*,*,#5678,.T.);
#3303=ORIENTED_EDGE('',*,*,#5644,.T.);
#3304=ORIENTED_EDGE('',*,*,#5611,.F.);
#3305=ORIENTED_EDGE('',*,*,#5635,.F.);
#3306=ORIENTED_EDGE('',*,*,#6229,.F.);
#3307=ORIENTED_EDGE('',*,*,#6180,.T.);
#3308=ORIENTED_EDGE('',*,*,#6155,.T.);
#3309=ORIENTED_EDGE('',*,*,#6230,.T.);
#3310=ORIENTED_EDGE('',*,*,#6231,.T.);
#3311=ORIENTED_EDGE('',*,*,#6204,.T.);
#3312=ORIENTED_EDGE('',*,*,#6232,.F.);
#3313=ORIENTED_EDGE('',*,*,#6157,.T.);
#3314=ORIENTED_EDGE('',*,*,#6233,.F.);
#3315=ORIENTED_EDGE('',*,*,#6234,.F.);
#3316=ORIENTED_EDGE('',*,*,#6235,.F.);
#3317=ORIENTED_EDGE('',*,*,#6236,.T.);
#3318=ORIENTED_EDGE('',*,*,#6237,.T.);
#3319=ORIENTED_EDGE('',*,*,#6238,.T.);
#3320=ORIENTED_EDGE('',*,*,#6239,.F.);
#3321=ORIENTED_EDGE('',*,*,#6240,.F.);
#3322=ORIENTED_EDGE('',*,*,#6241,.F.);
#3323=ORIENTED_EDGE('',*,*,#6237,.F.);
#3324=ORIENTED_EDGE('',*,*,#6242,.F.);
#3325=ORIENTED_EDGE('',*,*,#6243,.T.);
#3326=ORIENTED_EDGE('',*,*,#6244,.F.);
#3327=ORIENTED_EDGE('',*,*,#6245,.F.);
#3328=ORIENTED_EDGE('',*,*,#6246,.F.);
#3329=ORIENTED_EDGE('',*,*,#6182,.F.);
#3330=ORIENTED_EDGE('',*,*,#6247,.T.);
#3331=ORIENTED_EDGE('',*,*,#6248,.F.);
#3332=ORIENTED_EDGE('',*,*,#6236,.F.);
#3333=ORIENTED_EDGE('',*,*,#6249,.F.);
#3334=ORIENTED_EDGE('',*,*,#6250,.F.);
#3335=ORIENTED_EDGE('',*,*,#6251,.F.);
#3336=ORIENTED_EDGE('',*,*,#6243,.F.);
#3337=ORIENTED_EDGE('',*,*,#6252,.F.);
#3338=ORIENTED_EDGE('',*,*,#6197,.F.);
#3339=ORIENTED_EDGE('',*,*,#6253,.F.);
#3340=ORIENTED_EDGE('',*,*,#6254,.F.);
#3341=ORIENTED_EDGE('',*,*,#6255,.F.);
#3342=ORIENTED_EDGE('',*,*,#6247,.F.);
#3343=ORIENTED_EDGE('',*,*,#6181,.F.);
#3344=ORIENTED_EDGE('',*,*,#6256,.F.);
#3345=ORIENTED_EDGE('',*,*,#6257,.F.);
#3346=ORIENTED_EDGE('',*,*,#6258,.F.);
#3347=ORIENTED_EDGE('',*,*,#6259,.F.);
#3348=ORIENTED_EDGE('',*,*,#6260,.F.);
#3349=ORIENTED_EDGE('',*,*,#6205,.T.);
#3350=ORIENTED_EDGE('',*,*,#6156,.T.);
#3351=ORIENTED_EDGE('',*,*,#6179,.T.);
#3352=ORIENTED_EDGE('',*,*,#6261,.T.);
#3353=ORIENTED_EDGE('',*,*,#6262,.F.);
#3354=ORIENTED_EDGE('',*,*,#6263,.F.);
#3355=ORIENTED_EDGE('',*,*,#6264,.F.);
#3356=ORIENTED_EDGE('',*,*,#6265,.T.);
#3357=ORIENTED_EDGE('',*,*,#6238,.F.);
#3358=ORIENTED_EDGE('',*,*,#6196,.F.);
#3359=ORIENTED_EDGE('',*,*,#6266,.F.);
#3360=ORIENTED_EDGE('',*,*,#6267,.F.);
#3361=ORIENTED_EDGE('',*,*,#6268,.F.);
#3362=ORIENTED_EDGE('',*,*,#6183,.F.);
#3363=ORIENTED_EDGE('',*,*,#6265,.F.);
#3364=ORIENTED_EDGE('',*,*,#6261,.F.);
#3365=ORIENTED_EDGE('',*,*,#5650,.F.);
#3366=ORIENTED_EDGE('',*,*,#6269,.F.);
#3367=ORIENTED_EDGE('',*,*,#6173,.F.);
#3368=ORIENTED_EDGE('',*,*,#6220,.F.);
#3369=ORIENTED_EDGE('',*,*,#6270,.T.);
#3370=ORIENTED_EDGE('',*,*,#5636,.F.);
#3371=ORIENTED_EDGE('',*,*,#6229,.T.);
#3372=ORIENTED_EDGE('',*,*,#5634,.F.);
#3373=ORIENTED_EDGE('',*,*,#5970,.F.);
#3374=ORIENTED_EDGE('',*,*,#6168,.T.);
#3375=ORIENTED_EDGE('',*,*,#6271,.F.);
#3376=ORIENTED_EDGE('',*,*,#6003,.F.);
#3377=ORIENTED_EDGE('',*,*,#6272,.F.);
#3378=ORIENTED_EDGE('',*,*,#6273,.T.);
#3379=ORIENTED_EDGE('',*,*,#6274,.F.);
#3380=ORIENTED_EDGE('',*,*,#6275,.F.);
#3381=ORIENTED_EDGE('',*,*,#6046,.F.);
#3382=ORIENTED_EDGE('',*,*,#5998,.F.);
#3383=ORIENTED_EDGE('',*,*,#5816,.F.);
#3384=ORIENTED_EDGE('',*,*,#6186,.F.);
#3385=ORIENTED_EDGE('',*,*,#5672,.F.);
#3386=ORIENTED_EDGE('',*,*,#5623,.T.);
#3387=ORIENTED_EDGE('',*,*,#6276,.F.);
#3388=ORIENTED_EDGE('',*,*,#6277,.T.);
#3389=ORIENTED_EDGE('',*,*,#6278,.F.);
#3390=ORIENTED_EDGE('',*,*,#6279,.F.);
#3391=ORIENTED_EDGE('',*,*,#6041,.F.);
#3392=ORIENTED_EDGE('',*,*,#6023,.F.);
#3393=ORIENTED_EDGE('',*,*,#6280,.F.);
#3394=ORIENTED_EDGE('',*,*,#6281,.F.);
#3395=ORIENTED_EDGE('',*,*,#6282,.F.);
#3396=ORIENTED_EDGE('',*,*,#6283,.F.);
#3397=ORIENTED_EDGE('',*,*,#6284,.F.);
#3398=ORIENTED_EDGE('',*,*,#6285,.T.);
#3399=ORIENTED_EDGE('',*,*,#6276,.T.);
#3400=ORIENTED_EDGE('',*,*,#5622,.F.);
#3401=ORIENTED_EDGE('',*,*,#5986,.F.);
#3402=ORIENTED_EDGE('',*,*,#5864,.F.);
#3403=ORIENTED_EDGE('',*,*,#6286,.T.);
#3404=ORIENTED_EDGE('',*,*,#6287,.T.);
#3405=ORIENTED_EDGE('',*,*,#6288,.F.);
#3406=ORIENTED_EDGE('',*,*,#5753,.F.);
#3407=ORIENTED_EDGE('',*,*,#5759,.F.);
#3408=ORIENTED_EDGE('',*,*,#5715,.T.);
#3409=ORIENTED_EDGE('',*,*,#6289,.F.);
#3410=ORIENTED_EDGE('',*,*,#6290,.T.);
#3411=ORIENTED_EDGE('',*,*,#5831,.T.);
#3412=ORIENTED_EDGE('',*,*,#6291,.F.);
#3413=ORIENTED_EDGE('',*,*,#5867,.F.);
#3414=ORIENTED_EDGE('',*,*,#5696,.F.);
#3415=ORIENTED_EDGE('',*,*,#5755,.T.);
#3416=ORIENTED_EDGE('',*,*,#5830,.F.);
#3417=ORIENTED_EDGE('',*,*,#6292,.T.);
#3418=ORIENTED_EDGE('',*,*,#6293,.F.);
#3419=ORIENTED_EDGE('',*,*,#6294,.T.);
#3420=ORIENTED_EDGE('',*,*,#6295,.T.);
#3421=ORIENTED_EDGE('',*,*,#6296,.T.);
#3422=ORIENTED_EDGE('',*,*,#6135,.F.);
#3423=ORIENTED_EDGE('',*,*,#6297,.F.);
#3424=ORIENTED_EDGE('',*,*,#6137,.F.);
#3425=ORIENTED_EDGE('',*,*,#6298,.T.);
#3426=ORIENTED_EDGE('',*,*,#6299,.T.);
#3427=ORIENTED_EDGE('',*,*,#6300,.T.);
#3428=ORIENTED_EDGE('',*,*,#6301,.F.);
#3429=ORIENTED_EDGE('',*,*,#6302,.T.);
#3430=ORIENTED_EDGE('',*,*,#5828,.F.);
#3431=ORIENTED_EDGE('',*,*,#6303,.T.);
#3432=ORIENTED_EDGE('',*,*,#6287,.F.);
#3433=ORIENTED_EDGE('',*,*,#6304,.F.);
#3434=ORIENTED_EDGE('',*,*,#6305,.T.);
#3435=ORIENTED_EDGE('',*,*,#6306,.F.);
#3436=ORIENTED_EDGE('',*,*,#5953,.T.);
#3437=ORIENTED_EDGE('',*,*,#6120,.T.);
#3438=ORIENTED_EDGE('',*,*,#6307,.F.);
#3439=ORIENTED_EDGE('',*,*,#5749,.F.);
#3440=ORIENTED_EDGE('',*,*,#6308,.T.);
#3441=ORIENTED_EDGE('',*,*,#6309,.F.);
#3442=ORIENTED_EDGE('',*,*,#6310,.F.);
#3443=ORIENTED_EDGE('',*,*,#5721,.T.);
#3444=ORIENTED_EDGE('',*,*,#5757,.F.);
#3445=ORIENTED_EDGE('',*,*,#6311,.T.);
#3446=ORIENTED_EDGE('',*,*,#6312,.F.);
#3447=ORIENTED_EDGE('',*,*,#6313,.T.);
#3448=ORIENTED_EDGE('',*,*,#6314,.F.);
#3449=ORIENTED_EDGE('',*,*,#6315,.T.);
#3450=ORIENTED_EDGE('',*,*,#6316,.T.);
#3451=ORIENTED_EDGE('',*,*,#6317,.T.);
#3452=ORIENTED_EDGE('',*,*,#6125,.T.);
#3453=ORIENTED_EDGE('',*,*,#6318,.T.);
#3454=ORIENTED_EDGE('',*,*,#6128,.T.);
#3455=ORIENTED_EDGE('',*,*,#5955,.F.);
#3456=ORIENTED_EDGE('',*,*,#6319,.F.);
#3457=ORIENTED_EDGE('',*,*,#6305,.F.);
#3458=ORIENTED_EDGE('',*,*,#5946,.T.);
#3459=ORIENTED_EDGE('',*,*,#6320,.F.);
#3460=ORIENTED_EDGE('',*,*,#5948,.T.);
#3461=ORIENTED_EDGE('',*,*,#5959,.F.);
#3462=ORIENTED_EDGE('',*,*,#6321,.F.);
#3463=ORIENTED_EDGE('',*,*,#6130,.T.);
#3464=ORIENTED_EDGE('',*,*,#6322,.T.);
#3465=ORIENTED_EDGE('',*,*,#6127,.T.);
#3466=ORIENTED_EDGE('',*,*,#6323,.T.);
#3467=ORIENTED_EDGE('',*,*,#6324,.T.);
#3468=ORIENTED_EDGE('',*,*,#6325,.T.);
#3469=ORIENTED_EDGE('',*,*,#6326,.F.);
#3470=ORIENTED_EDGE('',*,*,#6327,.F.);
#3471=ORIENTED_EDGE('',*,*,#6328,.F.);
#3472=ORIENTED_EDGE('',*,*,#5747,.T.);
#3473=ORIENTED_EDGE('',*,*,#5583,.F.);
#3474=ORIENTED_EDGE('',*,*,#6329,.T.);
#3475=ORIENTED_EDGE('',*,*,#6330,.F.);
#3476=ORIENTED_EDGE('',*,*,#6331,.F.);
#3477=ORIENTED_EDGE('',*,*,#6332,.F.);
#3478=ORIENTED_EDGE('',*,*,#6333,.T.);
#3479=ORIENTED_EDGE('',*,*,#5686,.F.);
#3480=ORIENTED_EDGE('',*,*,#6334,.T.);
#3481=ORIENTED_EDGE('',*,*,#5723,.T.);
#3482=ORIENTED_EDGE('',*,*,#6335,.F.);
#3483=ORIENTED_EDGE('',*,*,#5553,.T.);
#3484=ORIENTED_EDGE('',*,*,#5833,.T.);
#3485=ORIENTED_EDGE('',*,*,#6336,.F.);
#3486=ORIENTED_EDGE('',*,*,#6337,.F.);
#3487=ORIENTED_EDGE('',*,*,#5713,.T.);
#3488=ORIENTED_EDGE('',*,*,#6338,.T.);
#3489=ORIENTED_EDGE('',*,*,#6339,.T.);
#3490=ORIENTED_EDGE('',*,*,#5577,.F.);
#3491=ORIENTED_EDGE('',*,*,#6340,.T.);
#3492=ORIENTED_EDGE('',*,*,#6341,.T.);
#3493=ORIENTED_EDGE('',*,*,#6330,.T.);
#3494=ORIENTED_EDGE('',*,*,#6342,.F.);
#3495=ORIENTED_EDGE('',*,*,#6343,.F.);
#3496=ORIENTED_EDGE('',*,*,#5961,.T.);
#3497=ORIENTED_EDGE('',*,*,#6344,.F.);
#3498=ORIENTED_EDGE('',*,*,#6345,.T.);
#3499=ORIENTED_EDGE('',*,*,#6346,.T.);
#3500=ORIENTED_EDGE('',*,*,#6347,.T.);
#3501=ORIENTED_EDGE('',*,*,#6348,.F.);
#3502=ORIENTED_EDGE('',*,*,#6349,.T.);
#3503=ORIENTED_EDGE('',*,*,#6350,.T.);
#3504=ORIENTED_EDGE('',*,*,#6208,.T.);
#3505=ORIENTED_EDGE('',*,*,#5878,.T.);
#3506=ORIENTED_EDGE('',*,*,#6351,.T.);
#3507=ORIENTED_EDGE('',*,*,#6352,.T.);
#3508=ORIENTED_EDGE('',*,*,#5574,.T.);
#3509=ORIENTED_EDGE('',*,*,#5718,.T.);
#3510=ORIENTED_EDGE('',*,*,#6211,.T.);
#3511=ORIENTED_EDGE('',*,*,#6150,.F.);
#3512=ORIENTED_EDGE('',*,*,#6122,.T.);
#3513=ORIENTED_EDGE('',*,*,#5951,.T.);
#3514=ORIENTED_EDGE('',*,*,#6143,.T.);
#3515=ORIENTED_EDGE('',*,*,#5714,.F.);
#3516=ORIENTED_EDGE('',*,*,#6337,.T.);
#3517=ORIENTED_EDGE('',*,*,#6353,.T.);
#3518=ORIENTED_EDGE('',*,*,#6289,.T.);
#3519=ORIENTED_EDGE('',*,*,#6354,.T.);
#3520=ORIENTED_EDGE('',*,*,#6355,.T.);
#3521=ORIENTED_EDGE('',*,*,#6356,.F.);
#3522=ORIENTED_EDGE('',*,*,#5947,.F.);
#3523=ORIENTED_EDGE('',*,*,#6331,.T.);
#3524=ORIENTED_EDGE('',*,*,#6349,.F.);
#3525=ORIENTED_EDGE('',*,*,#6306,.T.);
#3526=ORIENTED_EDGE('',*,*,#6319,.T.);
#3527=ORIENTED_EDGE('',*,*,#5954,.F.);
#3528=ORIENTED_EDGE('',*,*,#5742,.T.);
#3529=ORIENTED_EDGE('',*,*,#5881,.F.);
#3530=ORIENTED_EDGE('',*,*,#5699,.F.);
#3531=ORIENTED_EDGE('',*,*,#6357,.T.);
#3532=ORIENTED_EDGE('',*,*,#6358,.T.);
#3533=ORIENTED_EDGE('',*,*,#6359,.F.);
#3534=ORIENTED_EDGE('',*,*,#5578,.T.);
#3535=ORIENTED_EDGE('',*,*,#6339,.F.);
#3536=ORIENTED_EDGE('',*,*,#6360,.F.);
#3537=ORIENTED_EDGE('',*,*,#6361,.T.);
#3538=ORIENTED_EDGE('',*,*,#6362,.T.);
#3539=ORIENTED_EDGE('',*,*,#6363,.T.);
#3540=ORIENTED_EDGE('',*,*,#6364,.F.);
#3541=ORIENTED_EDGE('',*,*,#6365,.F.);
#3542=ORIENTED_EDGE('',*,*,#6366,.T.);
#3543=ORIENTED_EDGE('',*,*,#6336,.T.);
#3544=ORIENTED_EDGE('',*,*,#5832,.T.);
#3545=ORIENTED_EDGE('',*,*,#6290,.F.);
#3546=ORIENTED_EDGE('',*,*,#6353,.F.);
#3547=ORIENTED_EDGE('',*,*,#6309,.T.);
#3548=ORIENTED_EDGE('',*,*,#6367,.T.);
#3549=ORIENTED_EDGE('',*,*,#6332,.T.);
#3550=ORIENTED_EDGE('',*,*,#6368,.F.);
#3551=ORIENTED_EDGE('',*,*,#5557,.T.);
#3552=ORIENTED_EDGE('',*,*,#5745,.F.);
#3553=ORIENTED_EDGE('',*,*,#5871,.F.);
#3554=ORIENTED_EDGE('',*,*,#6369,.F.);
#3555=ORIENTED_EDGE('',*,*,#5874,.T.);
#3556=ORIENTED_EDGE('',*,*,#6207,.T.);
#3557=ORIENTED_EDGE('',*,*,#6370,.F.);
#3558=ORIENTED_EDGE('',*,*,#5875,.T.);
#3559=ORIENTED_EDGE('',*,*,#6369,.T.);
#3560=ORIENTED_EDGE('',*,*,#5870,.T.);
#3561=ORIENTED_EDGE('',*,*,#6371,.F.);
#3562=ORIENTED_EDGE('',*,*,#6372,.F.);
#3563=ORIENTED_EDGE('',*,*,#6351,.F.);
#3564=ORIENTED_EDGE('',*,*,#5877,.F.);
#3565=ORIENTED_EDGE('',*,*,#6373,.F.);
#3566=ORIENTED_EDGE('',*,*,#6374,.T.);
#3567=ORIENTED_EDGE('',*,*,#6360,.T.);
#3568=ORIENTED_EDGE('',*,*,#6341,.F.);
#3569=ORIENTED_EDGE('',*,*,#6348,.T.);
#3570=ORIENTED_EDGE('',*,*,#6375,.T.);
#3571=ORIENTED_EDGE('',*,*,#6371,.T.);
#3572=ORIENTED_EDGE('',*,*,#5869,.F.);
#3573=ORIENTED_EDGE('',*,*,#6376,.T.);
#3574=ORIENTED_EDGE('',*,*,#6354,.F.);
#3575=ORIENTED_EDGE('',*,*,#6377,.F.);
#3576=ORIENTED_EDGE('',*,*,#6378,.F.);
#3577=ORIENTED_EDGE('',*,*,#6379,.F.);
#3578=ORIENTED_EDGE('',*,*,#6358,.F.);
#3579=ORIENTED_EDGE('',*,*,#6380,.F.);
#3580=ORIENTED_EDGE('',*,*,#5964,.T.);
#3581=ORIENTED_EDGE('',*,*,#6381,.T.);
#3582=ORIENTED_EDGE('',*,*,#6344,.T.);
#3583=ORIENTED_EDGE('',*,*,#5967,.T.);
#3584=ORIENTED_EDGE('',*,*,#6382,.T.);
#3585=ORIENTED_EDGE('',*,*,#6345,.F.);
#3586=ORIENTED_EDGE('',*,*,#6381,.F.);
#3587=ORIENTED_EDGE('',*,*,#5966,.F.);
#3588=ORIENTED_EDGE('',*,*,#5965,.T.);
#3589=ORIENTED_EDGE('',*,*,#6380,.T.);
#3590=ORIENTED_EDGE('',*,*,#6361,.F.);
#3591=ORIENTED_EDGE('',*,*,#6374,.F.);
#3592=ORIENTED_EDGE('',*,*,#6383,.F.);
#3593=ORIENTED_EDGE('',*,*,#6346,.F.);
#3594=ORIENTED_EDGE('',*,*,#6382,.F.);
#3595=ORIENTED_EDGE('',*,*,#6370,.T.);
#3596=ORIENTED_EDGE('',*,*,#6375,.F.);
#3597=ORIENTED_EDGE('',*,*,#6347,.F.);
#3598=ORIENTED_EDGE('',*,*,#6383,.T.);
#3599=ORIENTED_EDGE('',*,*,#6373,.T.);
#3600=ORIENTED_EDGE('',*,*,#5876,.F.);
#3601=ORIENTED_EDGE('',*,*,#6384,.F.);
#3602=ORIENTED_EDGE('',*,*,#6385,.T.);
#3603=ORIENTED_EDGE('',*,*,#6386,.F.);
#3604=ORIENTED_EDGE('',*,*,#6377,.T.);
#3605=ORIENTED_EDGE('',*,*,#6387,.T.);
#3606=ORIENTED_EDGE('',*,*,#6386,.T.);
#3607=ORIENTED_EDGE('',*,*,#6388,.T.);
#3608=ORIENTED_EDGE('',*,*,#6389,.F.);
#3609=ORIENTED_EDGE('',*,*,#6387,.F.);
#3610=ORIENTED_EDGE('',*,*,#6378,.T.);
#3611=ORIENTED_EDGE('',*,*,#6390,.F.);
#3612=ORIENTED_EDGE('',*,*,#6391,.T.);
#3613=ORIENTED_EDGE('',*,*,#6362,.F.);
#3614=ORIENTED_EDGE('',*,*,#6392,.T.);
#3615=ORIENTED_EDGE('',*,*,#6365,.T.);
#3616=ORIENTED_EDGE('',*,*,#6393,.F.);
#3617=ORIENTED_EDGE('',*,*,#6384,.T.);
#3618=ORIENTED_EDGE('',*,*,#6389,.T.);
#3619=ORIENTED_EDGE('',*,*,#6394,.F.);
#3620=ORIENTED_EDGE('',*,*,#6390,.T.);
#3621=ORIENTED_EDGE('',*,*,#6364,.T.);
#3622=ORIENTED_EDGE('',*,*,#5722,.F.);
#3623=ORIENTED_EDGE('',*,*,#6310,.T.);
#3624=ORIENTED_EDGE('',*,*,#6368,.T.);
#3625=ORIENTED_EDGE('',*,*,#6335,.T.);
#3626=ORIENTED_EDGE('',*,*,#5743,.T.);
#3627=ORIENTED_EDGE('',*,*,#6357,.F.);
#3628=ORIENTED_EDGE('',*,*,#5698,.T.);
#3629=ORIENTED_EDGE('',*,*,#5866,.F.);
#3630=ORIENTED_EDGE('',*,*,#6379,.T.);
#3631=ORIENTED_EDGE('',*,*,#5963,.F.);
#3632=ORIENTED_EDGE('',*,*,#5579,.F.);
#3633=ORIENTED_EDGE('',*,*,#6359,.T.);
#3634=ORIENTED_EDGE('',*,*,#6366,.F.);
#3635=ORIENTED_EDGE('',*,*,#6392,.F.);
#3636=ORIENTED_EDGE('',*,*,#6292,.F.);
#3637=ORIENTED_EDGE('',*,*,#5829,.T.);
#3638=ORIENTED_EDGE('',*,*,#6302,.F.);
#3639=ORIENTED_EDGE('',*,*,#6395,.T.);
#3640=ORIENTED_EDGE('',*,*,#6295,.F.);
#3641=ORIENTED_EDGE('',*,*,#6396,.F.);
#3642=ORIENTED_EDGE('',*,*,#6299,.F.);
#3643=ORIENTED_EDGE('',*,*,#6397,.F.);
#3644=ORIENTED_EDGE('',*,*,#6136,.F.);
#3645=ORIENTED_EDGE('',*,*,#6296,.F.);
#3646=ORIENTED_EDGE('',*,*,#6397,.T.);
#3647=ORIENTED_EDGE('',*,*,#6298,.F.);
#3648=ORIENTED_EDGE('',*,*,#6398,.F.);
#3649=ORIENTED_EDGE('',*,*,#6300,.F.);
#3650=ORIENTED_EDGE('',*,*,#6396,.T.);
#3651=ORIENTED_EDGE('',*,*,#6294,.F.);
#3652=ORIENTED_EDGE('',*,*,#6356,.T.);
#3653=ORIENTED_EDGE('',*,*,#6399,.T.);
#3654=ORIENTED_EDGE('',*,*,#5944,.T.);
#3655=ORIENTED_EDGE('',*,*,#6395,.F.);
#3656=ORIENTED_EDGE('',*,*,#6301,.T.);
#3657=ORIENTED_EDGE('',*,*,#6398,.T.);
#3658=ORIENTED_EDGE('',*,*,#6293,.T.);
#3659=ORIENTED_EDGE('',*,*,#5691,.F.);
#3660=ORIENTED_EDGE('',*,*,#6400,.F.);
#3661=ORIENTED_EDGE('',*,*,#6401,.T.);
#3662=ORIENTED_EDGE('',*,*,#6402,.T.);
#3663=ORIENTED_EDGE('',*,*,#5690,.F.);
#3664=ORIENTED_EDGE('',*,*,#6403,.F.);
#3665=ORIENTED_EDGE('',*,*,#6404,.F.);
#3666=ORIENTED_EDGE('',*,*,#6405,.T.);
#3667=ORIENTED_EDGE('',*,*,#6406,.T.);
#3668=ORIENTED_EDGE('',*,*,#6407,.T.);
#3669=ORIENTED_EDGE('',*,*,#6400,.T.);
#3670=ORIENTED_EDGE('',*,*,#5692,.F.);
#3671=ORIENTED_EDGE('',*,*,#6402,.F.);
#3672=ORIENTED_EDGE('',*,*,#6408,.T.);
#3673=ORIENTED_EDGE('',*,*,#6409,.T.);
#3674=ORIENTED_EDGE('',*,*,#6410,.T.);
#3675=ORIENTED_EDGE('',*,*,#6411,.F.);
#3676=ORIENTED_EDGE('',*,*,#6412,.T.);
#3677=ORIENTED_EDGE('',*,*,#6403,.T.);
#3678=ORIENTED_EDGE('',*,*,#5693,.T.);
#3679=ORIENTED_EDGE('',*,*,#6412,.F.);
#3680=ORIENTED_EDGE('',*,*,#6413,.T.);
#3681=ORIENTED_EDGE('',*,*,#6401,.F.);
#3682=ORIENTED_EDGE('',*,*,#6407,.F.);
#3683=ORIENTED_EDGE('',*,*,#6414,.T.);
#3684=ORIENTED_EDGE('',*,*,#6408,.F.);
#3685=ORIENTED_EDGE('',*,*,#6406,.F.);
#3686=ORIENTED_EDGE('',*,*,#6415,.F.);
#3687=ORIENTED_EDGE('',*,*,#6409,.F.);
#3688=ORIENTED_EDGE('',*,*,#6414,.F.);
#3689=ORIENTED_EDGE('',*,*,#6416,.F.);
#3690=ORIENTED_EDGE('',*,*,#6410,.F.);
#3691=ORIENTED_EDGE('',*,*,#6415,.T.);
#3692=ORIENTED_EDGE('',*,*,#6405,.F.);
#3693=ORIENTED_EDGE('',*,*,#6413,.F.);
#3694=ORIENTED_EDGE('',*,*,#6411,.T.);
#3695=ORIENTED_EDGE('',*,*,#6416,.T.);
#3696=ORIENTED_EDGE('',*,*,#6404,.T.);
#3697=ORIENTED_EDGE('',*,*,#6417,.F.);
#3698=ORIENTED_EDGE('',*,*,#5708,.F.);
#3699=ORIENTED_EDGE('',*,*,#6418,.F.);
#3700=ORIENTED_EDGE('',*,*,#5728,.F.);
#3701=ORIENTED_EDGE('',*,*,#5853,.F.);
#3702=ORIENTED_EDGE('',*,*,#5729,.F.);
#3703=ORIENTED_EDGE('',*,*,#6418,.T.);
#3704=ORIENTED_EDGE('',*,*,#5707,.F.);
#3705=ORIENTED_EDGE('',*,*,#5727,.F.);
#3706=ORIENTED_EDGE('',*,*,#6419,.F.);
#3707=ORIENTED_EDGE('',*,*,#5709,.F.);
#3708=ORIENTED_EDGE('',*,*,#6417,.T.);
#3709=ORIENTED_EDGE('',*,*,#5569,.F.);
#3710=ORIENTED_EDGE('',*,*,#6420,.F.);
#3711=ORIENTED_EDGE('',*,*,#6421,.T.);
#3712=ORIENTED_EDGE('',*,*,#6422,.T.);
#3713=ORIENTED_EDGE('',*,*,#5570,.F.);
#3714=ORIENTED_EDGE('',*,*,#6422,.F.);
#3715=ORIENTED_EDGE('',*,*,#6423,.T.);
#3716=ORIENTED_EDGE('',*,*,#6424,.T.);
#3717=ORIENTED_EDGE('',*,*,#6425,.T.);
#3718=ORIENTED_EDGE('',*,*,#6426,.F.);
#3719=ORIENTED_EDGE('',*,*,#6427,.F.);
#3720=ORIENTED_EDGE('',*,*,#5568,.F.);
#3721=ORIENTED_EDGE('',*,*,#6428,.T.);
#3722=ORIENTED_EDGE('',*,*,#6429,.F.);
#3723=ORIENTED_EDGE('',*,*,#6430,.T.);
#3724=ORIENTED_EDGE('',*,*,#6431,.T.);
#3725=ORIENTED_EDGE('',*,*,#6432,.T.);
#3726=ORIENTED_EDGE('',*,*,#6420,.T.);
#3727=ORIENTED_EDGE('',*,*,#6428,.F.);
#3728=ORIENTED_EDGE('',*,*,#5571,.T.);
#3729=ORIENTED_EDGE('',*,*,#6427,.T.);
#3730=ORIENTED_EDGE('',*,*,#6433,.T.);
#3731=ORIENTED_EDGE('',*,*,#6431,.F.);
#3732=ORIENTED_EDGE('',*,*,#6434,.F.);
#3733=ORIENTED_EDGE('',*,*,#6424,.F.);
#3734=ORIENTED_EDGE('',*,*,#6435,.F.);
#3735=ORIENTED_EDGE('',*,*,#6421,.F.);
#3736=ORIENTED_EDGE('',*,*,#6432,.F.);
#3737=ORIENTED_EDGE('',*,*,#6435,.T.);
#3738=ORIENTED_EDGE('',*,*,#6423,.F.);
#3739=ORIENTED_EDGE('',*,*,#6436,.F.);
#3740=ORIENTED_EDGE('',*,*,#6425,.F.);
#3741=ORIENTED_EDGE('',*,*,#6434,.T.);
#3742=ORIENTED_EDGE('',*,*,#6430,.F.);
#3743=ORIENTED_EDGE('',*,*,#6433,.F.);
#3744=ORIENTED_EDGE('',*,*,#6426,.T.);
#3745=ORIENTED_EDGE('',*,*,#6436,.T.);
#3746=ORIENTED_EDGE('',*,*,#6429,.T.);
#3747=ORIENTED_EDGE('',*,*,#6121,.T.);
#3748=ORIENTED_EDGE('',*,*,#5952,.T.);
#3749=ORIENTED_EDGE('',*,*,#5950,.T.);
#3750=ORIENTED_EDGE('',*,*,#6437,.T.);
#3751=ORIENTED_EDGE('',*,*,#6144,.T.);
#3752=ORIENTED_EDGE('',*,*,#6438,.F.);
#3753=ORIENTED_EDGE('',*,*,#6439,.F.);
#3754=ORIENTED_EDGE('',*,*,#6440,.T.);
#3755=ORIENTED_EDGE('',*,*,#6441,.F.);
#3756=ORIENTED_EDGE('',*,*,#6442,.T.);
#3757=ORIENTED_EDGE('',*,*,#6443,.T.);
#3758=ORIENTED_EDGE('',*,*,#6444,.F.);
#3759=ORIENTED_EDGE('',*,*,#6438,.T.);
#3760=ORIENTED_EDGE('',*,*,#6445,.F.);
#3761=ORIENTED_EDGE('',*,*,#6446,.F.);
#3762=ORIENTED_EDGE('',*,*,#6447,.T.);
#3763=ORIENTED_EDGE('',*,*,#6448,.F.);
#3764=ORIENTED_EDGE('',*,*,#6449,.F.);
#3765=ORIENTED_EDGE('',*,*,#6447,.F.);
#3766=ORIENTED_EDGE('',*,*,#6450,.F.);
#3767=ORIENTED_EDGE('',*,*,#6440,.F.);
#3768=ORIENTED_EDGE('',*,*,#6451,.F.);
#3769=ORIENTED_EDGE('',*,*,#6452,.F.);
#3770=ORIENTED_EDGE('',*,*,#6453,.T.);
#3771=ORIENTED_EDGE('',*,*,#6454,.F.);
#3772=ORIENTED_EDGE('',*,*,#6455,.T.);
#3773=ORIENTED_EDGE('',*,*,#6456,.T.);
#3774=ORIENTED_EDGE('',*,*,#6457,.F.);
#3775=ORIENTED_EDGE('',*,*,#6451,.T.);
#3776=ORIENTED_EDGE('',*,*,#6458,.F.);
#3777=ORIENTED_EDGE('',*,*,#6459,.F.);
#3778=ORIENTED_EDGE('',*,*,#6460,.T.);
#3779=ORIENTED_EDGE('',*,*,#6461,.F.);
#3780=ORIENTED_EDGE('',*,*,#6462,.F.);
#3781=ORIENTED_EDGE('',*,*,#6460,.F.);
#3782=ORIENTED_EDGE('',*,*,#6463,.F.);
#3783=ORIENTED_EDGE('',*,*,#6453,.F.);
#3784=ORIENTED_EDGE('',*,*,#6464,.F.);
#3785=ORIENTED_EDGE('',*,*,#6445,.T.);
#3786=ORIENTED_EDGE('',*,*,#6465,.T.);
#3787=ORIENTED_EDGE('',*,*,#6466,.T.);
#3788=ORIENTED_EDGE('',*,*,#6467,.T.);
#3789=ORIENTED_EDGE('',*,*,#5840,.T.);
#3790=ORIENTED_EDGE('',*,*,#6467,.F.);
#3791=ORIENTED_EDGE('',*,*,#6468,.F.);
#3792=ORIENTED_EDGE('',*,*,#6469,.T.);
#3793=ORIENTED_EDGE('',*,*,#5841,.F.);
#3794=ORIENTED_EDGE('',*,*,#6470,.T.);
#3795=ORIENTED_EDGE('',*,*,#5842,.F.);
#3796=ORIENTED_EDGE('',*,*,#6469,.F.);
#3797=ORIENTED_EDGE('',*,*,#6471,.T.);
#3798=ORIENTED_EDGE('',*,*,#5843,.F.);
#3799=ORIENTED_EDGE('',*,*,#6470,.F.);
#3800=ORIENTED_EDGE('',*,*,#6472,.F.);
#3801=ORIENTED_EDGE('',*,*,#6473,.T.);
#3802=ORIENTED_EDGE('',*,*,#6474,.F.);
#3803=ORIENTED_EDGE('',*,*,#6475,.F.);
#3804=ORIENTED_EDGE('',*,*,#5844,.T.);
#3805=ORIENTED_EDGE('',*,*,#6473,.F.);
#3806=ORIENTED_EDGE('',*,*,#6476,.F.);
#3807=ORIENTED_EDGE('',*,*,#6477,.F.);
#3808=ORIENTED_EDGE('',*,*,#5845,.F.);
#3809=ORIENTED_EDGE('',*,*,#6475,.T.);
#3810=ORIENTED_EDGE('',*,*,#6477,.T.);
#3811=ORIENTED_EDGE('',*,*,#6478,.F.);
#3812=ORIENTED_EDGE('',*,*,#6479,.F.);
#3813=ORIENTED_EDGE('',*,*,#5846,.T.);
#3814=ORIENTED_EDGE('',*,*,#6480,.F.);
#3815=ORIENTED_EDGE('',*,*,#5847,.F.);
#3816=ORIENTED_EDGE('',*,*,#6479,.T.);
#3817=ORIENTED_EDGE('',*,*,#6481,.F.);
#3818=ORIENTED_EDGE('',*,*,#6480,.T.);
#3819=ORIENTED_EDGE('',*,*,#6482,.T.);
#3820=ORIENTED_EDGE('',*,*,#6483,.T.);
#3821=ORIENTED_EDGE('',*,*,#6458,.T.);
#3822=ORIENTED_EDGE('',*,*,#6484,.F.);
#3823=ORIENTED_EDGE('',*,*,#5848,.T.);
#3824=ORIENTED_EDGE('',*,*,#6472,.T.);
#3825=ORIENTED_EDGE('',*,*,#6471,.F.);
#3826=ORIENTED_EDGE('',*,*,#6468,.T.);
#3827=ORIENTED_EDGE('',*,*,#6466,.F.);
#3828=ORIENTED_EDGE('',*,*,#6485,.F.);
#3829=ORIENTED_EDGE('',*,*,#6152,.T.);
#3830=ORIENTED_EDGE('',*,*,#6486,.T.);
#3831=ORIENTED_EDGE('',*,*,#6482,.F.);
#3832=ORIENTED_EDGE('',*,*,#6481,.T.);
#3833=ORIENTED_EDGE('',*,*,#6478,.T.);
#3834=ORIENTED_EDGE('',*,*,#6476,.T.);
#3835=ORIENTED_EDGE('',*,*,#6474,.T.);
#3836=ORIENTED_EDGE('',*,*,#6141,.T.);
#3837=ORIENTED_EDGE('',*,*,#6487,.F.);
#3838=ORIENTED_EDGE('',*,*,#6455,.F.);
#3839=ORIENTED_EDGE('',*,*,#6454,.T.);
#3840=ORIENTED_EDGE('',*,*,#6463,.T.);
#3841=ORIENTED_EDGE('',*,*,#6459,.T.);
#3842=ORIENTED_EDGE('',*,*,#6483,.F.);
#3843=ORIENTED_EDGE('',*,*,#6486,.F.);
#3844=ORIENTED_EDGE('',*,*,#6151,.T.);
#3845=ORIENTED_EDGE('',*,*,#6148,.F.);
#3846=ORIENTED_EDGE('',*,*,#5849,.F.);
#3847=ORIENTED_EDGE('',*,*,#6484,.T.);
#3848=ORIENTED_EDGE('',*,*,#6461,.T.);
#3849=ORIENTED_EDGE('',*,*,#6462,.T.);
#3850=ORIENTED_EDGE('',*,*,#6452,.T.);
#3851=ORIENTED_EDGE('',*,*,#6457,.T.);
#3852=ORIENTED_EDGE('',*,*,#6488,.T.);
#3853=ORIENTED_EDGE('',*,*,#6139,.F.);
#3854=ORIENTED_EDGE('',*,*,#6489,.F.);
#3855=ORIENTED_EDGE('',*,*,#6118,.F.);
#3856=ORIENTED_EDGE('',*,*,#6490,.F.);
#3857=ORIENTED_EDGE('',*,*,#6442,.F.);
#3858=ORIENTED_EDGE('',*,*,#6441,.T.);
#3859=ORIENTED_EDGE('',*,*,#6450,.T.);
#3860=ORIENTED_EDGE('',*,*,#6446,.T.);
#3861=ORIENTED_EDGE('',*,*,#6464,.T.);
#3862=ORIENTED_EDGE('',*,*,#5839,.T.);
#3863=ORIENTED_EDGE('',*,*,#6485,.T.);
#3864=ORIENTED_EDGE('',*,*,#6465,.F.);
#3865=ORIENTED_EDGE('',*,*,#6448,.T.);
#3866=ORIENTED_EDGE('',*,*,#6449,.T.);
#3867=ORIENTED_EDGE('',*,*,#6439,.T.);
#3868=ORIENTED_EDGE('',*,*,#6444,.T.);
#3869=ORIENTED_EDGE('',*,*,#6491,.T.);
#3870=ORIENTED_EDGE('',*,*,#6116,.T.);
#3871=ORIENTED_EDGE('',*,*,#6149,.T.);
#3872=ORIENTED_EDGE('',*,*,#6492,.T.);
#3873=ORIENTED_EDGE('',*,*,#6488,.F.);
#3874=ORIENTED_EDGE('',*,*,#6456,.F.);
#3875=ORIENTED_EDGE('',*,*,#6487,.T.);
#3876=ORIENTED_EDGE('',*,*,#6140,.T.);
#3877=ORIENTED_EDGE('',*,*,#6493,.T.);
#3878=ORIENTED_EDGE('',*,*,#6491,.F.);
#3879=ORIENTED_EDGE('',*,*,#6443,.F.);
#3880=ORIENTED_EDGE('',*,*,#6490,.T.);
#3881=ORIENTED_EDGE('',*,*,#6117,.T.);
#3882=ORIENTED_EDGE('',*,*,#5960,.T.);
#3883=ORIENTED_EDGE('',*,*,#5957,.T.);
#3884=ORIENTED_EDGE('',*,*,#6131,.F.);
#3885=ORIENTED_EDGE('',*,*,#6321,.T.);
#3886=ORIENTED_EDGE('',*,*,#6313,.F.);
#3887=ORIENTED_EDGE('',*,*,#6494,.T.);
#3888=ORIENTED_EDGE('',*,*,#6327,.T.);
#3889=ORIENTED_EDGE('',*,*,#6495,.T.);
#3890=ORIENTED_EDGE('',*,*,#6126,.F.);
#3891=ORIENTED_EDGE('',*,*,#6317,.F.);
#3892=ORIENTED_EDGE('',*,*,#6496,.T.);
#3893=ORIENTED_EDGE('',*,*,#6323,.F.);
#3894=ORIENTED_EDGE('',*,*,#6316,.F.);
#3895=ORIENTED_EDGE('',*,*,#6497,.F.);
#3896=ORIENTED_EDGE('',*,*,#6324,.F.);
#3897=ORIENTED_EDGE('',*,*,#6496,.F.);
#3898=ORIENTED_EDGE('',*,*,#6498,.F.);
#3899=ORIENTED_EDGE('',*,*,#6325,.F.);
#3900=ORIENTED_EDGE('',*,*,#6497,.T.);
#3901=ORIENTED_EDGE('',*,*,#6315,.F.);
#3902=ORIENTED_EDGE('',*,*,#6495,.F.);
#3903=ORIENTED_EDGE('',*,*,#6326,.T.);
#3904=ORIENTED_EDGE('',*,*,#6498,.T.);
#3905=ORIENTED_EDGE('',*,*,#6314,.T.);
#3906=ORIENTED_EDGE('',*,*,#6385,.F.);
#3907=ORIENTED_EDGE('',*,*,#6393,.T.);
#3908=ORIENTED_EDGE('',*,*,#6388,.F.);
#3909=ORIENTED_EDGE('',*,*,#6363,.F.);
#3910=ORIENTED_EDGE('',*,*,#6391,.F.);
#3911=ORIENTED_EDGE('',*,*,#6394,.T.);
#3912=ORIENTED_EDGE('',*,*,#6372,.T.);
#3913=ORIENTED_EDGE('',*,*,#6340,.F.);
#3914=ORIENTED_EDGE('',*,*,#5576,.F.);
#3915=ORIENTED_EDGE('',*,*,#6499,.F.);
#3916=ORIENTED_EDGE('',*,*,#6209,.F.);
#3917=ORIENTED_EDGE('',*,*,#6350,.F.);
#3918=ORIENTED_EDGE('',*,*,#6499,.T.);
#3919=ORIENTED_EDGE('',*,*,#5575,.F.);
#3920=ORIENTED_EDGE('',*,*,#6352,.F.);
#3921=ORIENTED_EDGE('',*,*,#6210,.F.);
#3922=ORIENTED_EDGE('',*,*,#6119,.T.);
#3923=ORIENTED_EDGE('',*,*,#6489,.T.);
#3924=ORIENTED_EDGE('',*,*,#5838,.T.);
#3925=ORIENTED_EDGE('',*,*,#6500,.F.);
#3926=ORIENTED_EDGE('',*,*,#6307,.T.);
#3927=ORIENTED_EDGE('',*,*,#6333,.F.);
#3928=ORIENTED_EDGE('',*,*,#6367,.F.);
#3929=ORIENTED_EDGE('',*,*,#6308,.F.);
#3930=ORIENTED_EDGE('',*,*,#5748,.T.);
#3931=ORIENTED_EDGE('',*,*,#6328,.T.);
#3932=ORIENTED_EDGE('',*,*,#6494,.F.);
#3933=ORIENTED_EDGE('',*,*,#6312,.T.);
#3934=ORIENTED_EDGE('',*,*,#6501,.T.);
#3935=ORIENTED_EDGE('',*,*,#5836,.T.);
#3936=ORIENTED_EDGE('',*,*,#5687,.T.);
#3937=ORIENTED_EDGE('',*,*,#6500,.T.);
#3938=ORIENTED_EDGE('',*,*,#5837,.F.);
#3939=ORIENTED_EDGE('',*,*,#6501,.F.);
#3940=ORIENTED_EDGE('',*,*,#6311,.F.);
#3941=ORIENTED_EDGE('',*,*,#6304,.T.);
#3942=ORIENTED_EDGE('',*,*,#6288,.T.);
#3943=ORIENTED_EDGE('',*,*,#6303,.F.);
#3944=ORIENTED_EDGE('',*,*,#5827,.F.);
#3945=ORIENTED_EDGE('',*,*,#5835,.T.);
#3946=ORIENTED_EDGE('',*,*,#5865,.T.);
#3947=ORIENTED_EDGE('',*,*,#6213,.F.);
#3948=ORIENTED_EDGE('',*,*,#5734,.T.);
#3949=ORIENTED_EDGE('',*,*,#6223,.F.);
#3950=ORIENTED_EDGE('',*,*,#6221,.F.);
#3951=ORIENTED_EDGE('',*,*,#5562,.T.);
#3952=ORIENTED_EDGE('',*,*,#6224,.F.);
#3953=ORIENTED_EDGE('',*,*,#5778,.T.);
#3954=ORIENTED_EDGE('',*,*,#6502,.T.);
#3955=ORIENTED_EDGE('',*,*,#6272,.T.);
#3956=ORIENTED_EDGE('',*,*,#6002,.T.);
#3957=ORIENTED_EDGE('',*,*,#6503,.T.);
#3958=ORIENTED_EDGE('',*,*,#6504,.T.);
#3959=ORIENTED_EDGE('',*,*,#6505,.F.);
#3960=ORIENTED_EDGE('',*,*,#6506,.F.);
#3961=ORIENTED_EDGE('',*,*,#5983,.T.);
#3962=ORIENTED_EDGE('',*,*,#6507,.T.);
#3963=ORIENTED_EDGE('',*,*,#6039,.F.);
#3964=ORIENTED_EDGE('',*,*,#6508,.T.);
#3965=ORIENTED_EDGE('',*,*,#6509,.F.);
#3966=ORIENTED_EDGE('',*,*,#6510,.T.);
#3967=ORIENTED_EDGE('',*,*,#5627,.T.);
#3968=ORIENTED_EDGE('',*,*,#6511,.F.);
#3969=ORIENTED_EDGE('',*,*,#6512,.F.);
#3970=ORIENTED_EDGE('',*,*,#6513,.F.);
#3971=ORIENTED_EDGE('',*,*,#6514,.T.);
#3972=ORIENTED_EDGE('',*,*,#6505,.T.);
#3973=ORIENTED_EDGE('',*,*,#6515,.T.);
#3974=ORIENTED_EDGE('',*,*,#6284,.T.);
#3975=ORIENTED_EDGE('',*,*,#5985,.T.);
#3976=ORIENTED_EDGE('',*,*,#6516,.T.);
#3977=ORIENTED_EDGE('',*,*,#5776,.T.);
#3978=ORIENTED_EDGE('',*,*,#5913,.T.);
#3979=ORIENTED_EDGE('',*,*,#5646,.T.);
#3980=ORIENTED_EDGE('',*,*,#5683,.T.);
#3981=ORIENTED_EDGE('',*,*,#6185,.T.);
#3982=ORIENTED_EDGE('',*,*,#5911,.F.);
#3983=ORIENTED_EDGE('',*,*,#5784,.T.);
#3984=ORIENTED_EDGE('',*,*,#6517,.F.);
#3985=ORIENTED_EDGE('',*,*,#6518,.F.);
#3986=ORIENTED_EDGE('',*,*,#6519,.T.);
#3987=ORIENTED_EDGE('',*,*,#6512,.T.);
#3988=ORIENTED_EDGE('',*,*,#6520,.T.);
#3989=ORIENTED_EDGE('',*,*,#5625,.T.);
#3990=ORIENTED_EDGE('',*,*,#5671,.T.);
#3991=ORIENTED_EDGE('',*,*,#5629,.T.);
#3992=ORIENTED_EDGE('',*,*,#6521,.F.);
#3993=ORIENTED_EDGE('',*,*,#6509,.T.);
#3994=ORIENTED_EDGE('',*,*,#6522,.F.);
#3995=ORIENTED_EDGE('',*,*,#6523,.F.);
#3996=ORIENTED_EDGE('',*,*,#6524,.T.);
#3997=ORIENTED_EDGE('',*,*,#6525,.T.);
#3998=ORIENTED_EDGE('',*,*,#6084,.T.);
#3999=ORIENTED_EDGE('',*,*,#6067,.F.);
#4000=ORIENTED_EDGE('',*,*,#6103,.F.);
#4001=ORIENTED_EDGE('',*,*,#6526,.T.);
#4002=ORIENTED_EDGE('',*,*,#6202,.T.);
#4003=ORIENTED_EDGE('',*,*,#6052,.F.);
#4004=ORIENTED_EDGE('',*,*,#6091,.F.);
#4005=ORIENTED_EDGE('',*,*,#6527,.T.);
#4006=ORIENTED_EDGE('',*,*,#6065,.F.);
#4007=ORIENTED_EDGE('',*,*,#6528,.F.);
#4008=ORIENTED_EDGE('',*,*,#6242,.T.);
#4009=ORIENTED_EDGE('',*,*,#6529,.T.);
#4010=ORIENTED_EDGE('',*,*,#6066,.T.);
#4011=ORIENTED_EDGE('',*,*,#6529,.F.);
#4012=ORIENTED_EDGE('',*,*,#6248,.T.);
#4013=ORIENTED_EDGE('',*,*,#6101,.T.);
#4014=ORIENTED_EDGE('',*,*,#6064,.F.);
#4015=ORIENTED_EDGE('',*,*,#6053,.F.);
#4016=ORIENTED_EDGE('',*,*,#6252,.T.);
#4017=ORIENTED_EDGE('',*,*,#6528,.T.);
#4018=ORIENTED_EDGE('',*,*,#6256,.T.);
#4019=ORIENTED_EDGE('',*,*,#6231,.F.);
#4020=ORIENTED_EDGE('',*,*,#6230,.F.);
#4021=ORIENTED_EDGE('',*,*,#6525,.F.);
#4022=ORIENTED_EDGE('',*,*,#6102,.F.);
#4023=ORIENTED_EDGE('',*,*,#6232,.T.);
#4024=ORIENTED_EDGE('',*,*,#6203,.F.);
#4025=ORIENTED_EDGE('',*,*,#6526,.F.);
#4026=ORIENTED_EDGE('',*,*,#6527,.F.);
#4027=ORIENTED_EDGE('',*,*,#6158,.F.);
#4028=ORIENTED_EDGE('',*,*,#5889,.T.);
#4029=ORIENTED_EDGE('',*,*,#6530,.T.);
#4030=ORIENTED_EDGE('',*,*,#6270,.F.);
#4031=ORIENTED_EDGE('',*,*,#6163,.F.);
#4032=ORIENTED_EDGE('',*,*,#6531,.T.);
#4033=ORIENTED_EDGE('',*,*,#6021,.F.);
#4034=ORIENTED_EDGE('',*,*,#6037,.F.);
#4035=ORIENTED_EDGE('',*,*,#6532,.F.);
#4036=ORIENTED_EDGE('',*,*,#6533,.T.);
#4037=ORIENTED_EDGE('',*,*,#5822,.F.);
#4038=ORIENTED_EDGE('',*,*,#5995,.F.);
#4039=ORIENTED_EDGE('',*,*,#6534,.T.);
#4040=ORIENTED_EDGE('',*,*,#5895,.T.);
#4041=ORIENTED_EDGE('',*,*,#6535,.T.);
#4042=ORIENTED_EDGE('',*,*,#6536,.T.);
#4043=ORIENTED_EDGE('',*,*,#5649,.T.);
#4044=ORIENTED_EDGE('',*,*,#6535,.F.);
#4045=ORIENTED_EDGE('',*,*,#5894,.F.);
#4046=ORIENTED_EDGE('',*,*,#6536,.F.);
#4047=ORIENTED_EDGE('',*,*,#5893,.F.);
#4048=ORIENTED_EDGE('',*,*,#6161,.T.);
#4049=ORIENTED_EDGE('',*,*,#6269,.T.);
#4050=ORIENTED_EDGE('',*,*,#6532,.T.);
#4051=ORIENTED_EDGE('',*,*,#5637,.F.);
#4052=ORIENTED_EDGE('',*,*,#6530,.F.);
#4053=ORIENTED_EDGE('',*,*,#5888,.T.);
#4054=ORIENTED_EDGE('',*,*,#6537,.T.);
#4055=ORIENTED_EDGE('',*,*,#5662,.F.);
#4056=ORIENTED_EDGE('',*,*,#5724,.T.);
#4057=ORIENTED_EDGE('',*,*,#6334,.F.);
#4058=ORIENTED_EDGE('',*,*,#5685,.F.);
#4059=ORIENTED_EDGE('',*,*,#5665,.F.);
#4060=ORIENTED_EDGE('',*,*,#5554,.T.);
#4061=ORIENTED_EDGE('',*,*,#6338,.F.);
#4062=ORIENTED_EDGE('',*,*,#5712,.F.);
#4063=ORIENTED_EDGE('',*,*,#6419,.T.);
#4064=ORIENTED_EDGE('',*,*,#5726,.F.);
#4065=ORIENTED_EDGE('',*,*,#5973,.T.);
#4066=ORIENTED_EDGE('',*,*,#5710,.T.);
#4067=ORIENTED_EDGE('',*,*,#5676,.T.);
#4068=ORIENTED_EDGE('',*,*,#5549,.F.);
#4069=ORIENTED_EDGE('',*,*,#6228,.F.);
#4070=ORIENTED_EDGE('',*,*,#6538,.T.);
#4071=ORIENTED_EDGE('',*,*,#5679,.T.);
#4072=ORIENTED_EDGE('',*,*,#6538,.F.);
#4073=ORIENTED_EDGE('',*,*,#6227,.F.);
#4074=ORIENTED_EDGE('',*,*,#5689,.T.);
#4075=ORIENTED_EDGE('',*,*,#5585,.F.);
#4076=ORIENTED_EDGE('',*,*,#6539,.F.);
#4077=ORIENTED_EDGE('',*,*,#6539,.T.);
#4078=ORIENTED_EDGE('',*,*,#6154,.T.);
#4079=ORIENTED_EDGE('',*,*,#6540,.F.);
#4080=ORIENTED_EDGE('',*,*,#5601,.T.);
#4081=ORIENTED_EDGE('',*,*,#6540,.T.);
#4082=ORIENTED_EDGE('',*,*,#6153,.F.);
#4083=ORIENTED_EDGE('',*,*,#6541,.T.);
#4084=ORIENTED_EDGE('',*,*,#6012,.T.);
#4085=ORIENTED_EDGE('',*,*,#6542,.T.);
#4086=ORIENTED_EDGE('',*,*,#6543,.F.);
#4087=ORIENTED_EDGE('',*,*,#6544,.F.);
#4088=ORIENTED_EDGE('',*,*,#6026,.T.);
#4089=ORIENTED_EDGE('',*,*,#6545,.F.);
#4090=ORIENTED_EDGE('',*,*,#5925,.F.);
#4091=ORIENTED_EDGE('',*,*,#6546,.T.);
#4092=ORIENTED_EDGE('',*,*,#6547,.T.);
#4093=ORIENTED_EDGE('',*,*,#6548,.T.);
#4094=ORIENTED_EDGE('',*,*,#6549,.T.);
#4095=ORIENTED_EDGE('',*,*,#6550,.T.);
#4096=ORIENTED_EDGE('',*,*,#6551,.T.);
#4097=ORIENTED_EDGE('',*,*,#6007,.T.);
#4098=ORIENTED_EDGE('',*,*,#6552,.T.);
#4099=ORIENTED_EDGE('',*,*,#5919,.F.);
#4100=ORIENTED_EDGE('',*,*,#6553,.F.);
#4101=ORIENTED_EDGE('',*,*,#6281,.T.);
#4102=ORIENTED_EDGE('',*,*,#6554,.F.);
#4103=ORIENTED_EDGE('',*,*,#6555,.F.);
#4104=ORIENTED_EDGE('',*,*,#6556,.T.);
#4105=ORIENTED_EDGE('',*,*,#6557,.T.);
#4106=ORIENTED_EDGE('',*,*,#6558,.T.);
#4107=ORIENTED_EDGE('',*,*,#6559,.T.);
#4108=ORIENTED_EDGE('',*,*,#5818,.T.);
#4109=ORIENTED_EDGE('',*,*,#5789,.T.);
#4110=ORIENTED_EDGE('',*,*,#5801,.T.);
#4111=ORIENTED_EDGE('',*,*,#6560,.F.);
#4112=ORIENTED_EDGE('',*,*,#6561,.T.);
#4113=ORIENTED_EDGE('',*,*,#6562,.T.);
#4114=ORIENTED_EDGE('',*,*,#6563,.T.);
#4115=ORIENTED_EDGE('',*,*,#6564,.F.);
#4116=ORIENTED_EDGE('',*,*,#5805,.T.);
#4117=ORIENTED_EDGE('',*,*,#5618,.T.);
#4118=ORIENTED_EDGE('',*,*,#5640,.T.);
#4119=ORIENTED_EDGE('',*,*,#6565,.T.);
#4120=ORIENTED_EDGE('',*,*,#5807,.F.);
#4121=ORIENTED_EDGE('',*,*,#6566,.T.);
#4122=ORIENTED_EDGE('',*,*,#6567,.T.);
#4123=ORIENTED_EDGE('',*,*,#6568,.T.);
#4124=ORIENTED_EDGE('',*,*,#5891,.T.);
#4125=ORIENTED_EDGE('',*,*,#6162,.T.);
#4126=ORIENTED_EDGE('',*,*,#6167,.T.);
#4127=ORIENTED_EDGE('',*,*,#5976,.T.);
#4128=ORIENTED_EDGE('',*,*,#6174,.T.);
#4129=ORIENTED_EDGE('',*,*,#6159,.T.);
#4130=ORIENTED_EDGE('',*,*,#6533,.F.);
#4131=ORIENTED_EDGE('',*,*,#6537,.F.);
#4132=ORIENTED_EDGE('',*,*,#6094,.T.);
#4133=ORIENTED_EDGE('',*,*,#6034,.T.);
#4134=ORIENTED_EDGE('',*,*,#6569,.T.);
#4135=ORIENTED_EDGE('',*,*,#6570,.T.);
#4136=ORIENTED_EDGE('',*,*,#6015,.F.);
#4137=ORIENTED_EDGE('',*,*,#6571,.F.);
#4138=ORIENTED_EDGE('',*,*,#6572,.T.);
#4139=ORIENTED_EDGE('',*,*,#6043,.F.);
#4140=ORIENTED_EDGE('',*,*,#6573,.T.);
#4141=ORIENTED_EDGE('',*,*,#6574,.T.);
#4142=ORIENTED_EDGE('',*,*,#6571,.T.);
#4143=ORIENTED_EDGE('',*,*,#6029,.T.);
#4144=ORIENTED_EDGE('',*,*,#6531,.F.);
#4145=ORIENTED_EDGE('',*,*,#6569,.F.);
#4146=ORIENTED_EDGE('',*,*,#6033,.T.);
#4147=ORIENTED_EDGE('',*,*,#6534,.F.);
#4148=ORIENTED_EDGE('',*,*,#5994,.F.);
#4149=ORIENTED_EDGE('',*,*,#6105,.T.);
#4150=ORIENTED_EDGE('',*,*,#6575,.T.);
#4151=ORIENTED_EDGE('',*,*,#6113,.T.);
#4152=ORIENTED_EDGE('',*,*,#6016,.F.);
#4153=ORIENTED_EDGE('',*,*,#6570,.F.);
#4154=ORIENTED_EDGE('',*,*,#6576,.T.);
#4155=ORIENTED_EDGE('',*,*,#5922,.T.);
#4156=ORIENTED_EDGE('',*,*,#6114,.F.);
#4157=ORIENTED_EDGE('',*,*,#6575,.F.);
#4158=ORIENTED_EDGE('',*,*,#6574,.F.);
#4159=ORIENTED_EDGE('',*,*,#6577,.T.);
#4160=ORIENTED_EDGE('',*,*,#5923,.T.);
#4161=ORIENTED_EDGE('',*,*,#6576,.F.);
#4162=ORIENTED_EDGE('',*,*,#6572,.F.);
#4163=ORIENTED_EDGE('',*,*,#6133,.F.);
#4164=ORIENTED_EDGE('',*,*,#6493,.F.);
#4165=ORIENTED_EDGE('',*,*,#6578,.T.);
#4166=ORIENTED_EDGE('',*,*,#6579,.T.);
#4167=ORIENTED_EDGE('',*,*,#6579,.F.);
#4168=ORIENTED_EDGE('',*,*,#6492,.F.);
#4169=ORIENTED_EDGE('',*,*,#6580,.T.);
#4170=ORIENTED_EDGE('',*,*,#6581,.T.);
#4171=ORIENTED_EDGE('',*,*,#6581,.F.);
#4172=ORIENTED_EDGE('',*,*,#5567,.F.);
#4173=ORIENTED_EDGE('',*,*,#6132,.F.);
#4174=ORIENTED_EDGE('',*,*,#6578,.F.);
#4175=ORIENTED_EDGE('',*,*,#6580,.F.);
#4176=ORIENTED_EDGE('',*,*,#6582,.T.);
#4177=ORIENTED_EDGE('',*,*,#6582,.F.);
#4178=ORIENTED_EDGE('',*,*,#5763,.F.);
#4179=ORIENTED_EDGE('',*,*,#6583,.T.);
#4180=ORIENTED_EDGE('',*,*,#6583,.F.);
#4181=ORIENTED_EDGE('',*,*,#6504,.F.);
#4182=ORIENTED_EDGE('',*,*,#6584,.T.);
#4183=ORIENTED_EDGE('',*,*,#6584,.F.);
#4184=ORIENTED_EDGE('',*,*,#6514,.F.);
#4185=ORIENTED_EDGE('',*,*,#6585,.T.);
#4186=ORIENTED_EDGE('',*,*,#6585,.F.);
#4187=ORIENTED_EDGE('',*,*,#5764,.F.);
#4188=ORIENTED_EDGE('',*,*,#6586,.F.);
#4189=ORIENTED_EDGE('',*,*,#6587,.T.);
#4190=ORIENTED_EDGE('',*,*,#6588,.F.);
#4191=ORIENTED_EDGE('',*,*,#6589,.F.);
#4192=ORIENTED_EDGE('',*,*,#6283,.T.);
#4193=ORIENTED_EDGE('',*,*,#6123,.F.);
#4194=ORIENTED_EDGE('',*,*,#6134,.T.);
#4195=ORIENTED_EDGE('',*,*,#6322,.F.);
#4196=ORIENTED_EDGE('',*,*,#6129,.F.);
#4197=ORIENTED_EDGE('',*,*,#6318,.F.);
#4198=ORIENTED_EDGE('',*,*,#6124,.F.);
#4199=ORIENTED_EDGE('',*,*,#6590,.F.);
#4200=ORIENTED_EDGE('',*,*,#6591,.T.);
#4201=ORIENTED_EDGE('',*,*,#6592,.F.);
#4202=ORIENTED_EDGE('',*,*,#6593,.F.);
#4203=ORIENTED_EDGE('',*,*,#6282,.T.);
#4204=ORIENTED_EDGE('',*,*,#6594,.F.);
#4205=ORIENTED_EDGE('',*,*,#6595,.T.);
#4206=ORIENTED_EDGE('',*,*,#6096,.T.);
#4207=ORIENTED_EDGE('',*,*,#6060,.T.);
#4208=ORIENTED_EDGE('',*,*,#6596,.F.);
#4209=ORIENTED_EDGE('',*,*,#6597,.T.);
#4210=ORIENTED_EDGE('',*,*,#6594,.T.);
#4211=ORIENTED_EDGE('',*,*,#6059,.T.);
#4212=ORIENTED_EDGE('',*,*,#6109,.F.);
#4213=ORIENTED_EDGE('',*,*,#6598,.T.);
#4214=ORIENTED_EDGE('',*,*,#6596,.T.);
#4215=ORIENTED_EDGE('',*,*,#6058,.F.);
#4216=ORIENTED_EDGE('',*,*,#6099,.T.);
#4217=ORIENTED_EDGE('',*,*,#6595,.F.);
#4218=ORIENTED_EDGE('',*,*,#6599,.F.);
#4219=ORIENTED_EDGE('',*,*,#5931,.F.);
#4220=ORIENTED_EDGE('',*,*,#6599,.T.);
#4221=ORIENTED_EDGE('',*,*,#6597,.F.);
#4222=ORIENTED_EDGE('',*,*,#6600,.F.);
#4223=ORIENTED_EDGE('',*,*,#5932,.F.);
#4224=ORIENTED_EDGE('',*,*,#6600,.T.);
#4225=ORIENTED_EDGE('',*,*,#6598,.F.);
#4226=ORIENTED_EDGE('',*,*,#6111,.F.);
#4227=ORIENTED_EDGE('',*,*,#5933,.F.);
#4228=ORIENTED_EDGE('',*,*,#6081,.T.);
#4229=ORIENTED_EDGE('',*,*,#6106,.T.);
#4230=ORIENTED_EDGE('',*,*,#5935,.T.);
#4231=ORIENTED_EDGE('',*,*,#6110,.F.);
#4232=ORIENTED_EDGE('',*,*,#6107,.T.);
#4233=ORIENTED_EDGE('',*,*,#6056,.T.);
#4234=ORIENTED_EDGE('',*,*,#6100,.F.);
#4235=ORIENTED_EDGE('',*,*,#6071,.T.);
#4236=ORIENTED_EDGE('',*,*,#6601,.T.);
#4237=ORIENTED_EDGE('',*,*,#6062,.T.);
#4238=ORIENTED_EDGE('',*,*,#6095,.T.);
#4239=ORIENTED_EDGE('',*,*,#6098,.F.);
#4240=ORIENTED_EDGE('',*,*,#5929,.T.);
#4241=ORIENTED_EDGE('',*,*,#6093,.T.);
#4242=ORIENTED_EDGE('',*,*,#6070,.F.);
#4243=ORIENTED_EDGE('',*,*,#6049,.F.);
#4244=ORIENTED_EDGE('',*,*,#6063,.F.);
#4245=ORIENTED_EDGE('',*,*,#6601,.F.);
#4246=ORIENTED_EDGE('',*,*,#6001,.F.);
#4247=ORIENTED_EDGE('',*,*,#5779,.T.);
#4248=ORIENTED_EDGE('',*,*,#6503,.F.);
#4249=ORIENTED_EDGE('',*,*,#5781,.F.);
#4250=ORIENTED_EDGE('',*,*,#6000,.T.);
#4251=ORIENTED_EDGE('',*,*,#6045,.T.);
#4252=ORIENTED_EDGE('',*,*,#6273,.F.);
#4253=ORIENTED_EDGE('',*,*,#6502,.F.);
#4254=ORIENTED_EDGE('',*,*,#5777,.T.);
#4255=ORIENTED_EDGE('',*,*,#6519,.F.);
#4256=ORIENTED_EDGE('',*,*,#6602,.F.);
#4257=ORIENTED_EDGE('',*,*,#6044,.T.);
#4258=ORIENTED_EDGE('',*,*,#6275,.T.);
#4259=ORIENTED_EDGE('',*,*,#6603,.T.);
#4260=ORIENTED_EDGE('',*,*,#6517,.T.);
#4261=ORIENTED_EDGE('',*,*,#5783,.F.);
#4262=ORIENTED_EDGE('',*,*,#6603,.F.);
#4263=ORIENTED_EDGE('',*,*,#6274,.T.);
#4264=ORIENTED_EDGE('',*,*,#6602,.T.);
#4265=ORIENTED_EDGE('',*,*,#6518,.T.);
#4266=ORIENTED_EDGE('',*,*,#5794,.F.);
#4267=ORIENTED_EDGE('',*,*,#5811,.T.);
#4268=ORIENTED_EDGE('',*,*,#5769,.F.);
#4269=ORIENTED_EDGE('',*,*,#5810,.F.);
#4270=ORIENTED_EDGE('',*,*,#5825,.T.);
#4271=ORIENTED_EDGE('',*,*,#5771,.T.);
#4272=ORIENTED_EDGE('',*,*,#5984,.F.);
#4273=ORIENTED_EDGE('',*,*,#6506,.T.);
#4274=ORIENTED_EDGE('',*,*,#6516,.F.);
#4275=ORIENTED_EDGE('',*,*,#6507,.F.);
#4276=ORIENTED_EDGE('',*,*,#5982,.T.);
#4277=ORIENTED_EDGE('',*,*,#6040,.T.);
#4278=ORIENTED_EDGE('',*,*,#6277,.F.);
#4279=ORIENTED_EDGE('',*,*,#6285,.F.);
#4280=ORIENTED_EDGE('',*,*,#6515,.F.);
#4281=ORIENTED_EDGE('',*,*,#6513,.T.);
#4282=ORIENTED_EDGE('',*,*,#6524,.F.);
#4283=ORIENTED_EDGE('',*,*,#6604,.F.);
#4284=ORIENTED_EDGE('',*,*,#6038,.T.);
#4285=ORIENTED_EDGE('',*,*,#6279,.T.);
#4286=ORIENTED_EDGE('',*,*,#6605,.T.);
#4287=ORIENTED_EDGE('',*,*,#6522,.T.);
#4288=ORIENTED_EDGE('',*,*,#6508,.F.);
#4289=ORIENTED_EDGE('',*,*,#6605,.F.);
#4290=ORIENTED_EDGE('',*,*,#6278,.T.);
#4291=ORIENTED_EDGE('',*,*,#6604,.T.);
#4292=ORIENTED_EDGE('',*,*,#6523,.T.);
#4293=ORIENTED_EDGE('',*,*,#6521,.T.);
#4294=ORIENTED_EDGE('',*,*,#5628,.T.);
#4295=ORIENTED_EDGE('',*,*,#6510,.F.);
#4296=ORIENTED_EDGE('',*,*,#5626,.F.);
#4297=ORIENTED_EDGE('',*,*,#6520,.F.);
#4298=ORIENTED_EDGE('',*,*,#6511,.T.);
#4299=ORIENTED_EDGE('',*,*,#6546,.F.);
#4300=ORIENTED_EDGE('',*,*,#5924,.T.);
#4301=ORIENTED_EDGE('',*,*,#6577,.F.);
#4302=ORIENTED_EDGE('',*,*,#6573,.F.);
#4303=ORIENTED_EDGE('',*,*,#6042,.F.);
#4304=ORIENTED_EDGE('',*,*,#6013,.F.);
#4305=ORIENTED_EDGE('',*,*,#5926,.F.);
#4306=ORIENTED_EDGE('',*,*,#6545,.T.);
#4307=ORIENTED_EDGE('',*,*,#6025,.T.);
#4308=ORIENTED_EDGE('',*,*,#5979,.T.);
#4309=ORIENTED_EDGE('',*,*,#5989,.T.);
#4310=ORIENTED_EDGE('',*,*,#6030,.T.);
#4311=ORIENTED_EDGE('',*,*,#6542,.F.);
#4312=ORIENTED_EDGE('',*,*,#6011,.F.);
#4313=ORIENTED_EDGE('',*,*,#6008,.F.);
#4314=ORIENTED_EDGE('',*,*,#6556,.F.);
#4315=ORIENTED_EDGE('',*,*,#6606,.T.);
#4316=ORIENTED_EDGE('',*,*,#6022,.T.);
#4317=ORIENTED_EDGE('',*,*,#6544,.T.);
#4318=ORIENTED_EDGE('',*,*,#6607,.F.);
#4319=ORIENTED_EDGE('',*,*,#6554,.T.);
#4320=ORIENTED_EDGE('',*,*,#6280,.T.);
#4321=ORIENTED_EDGE('',*,*,#6607,.T.);
#4322=ORIENTED_EDGE('',*,*,#6543,.T.);
#4323=ORIENTED_EDGE('',*,*,#6606,.F.);
#4324=ORIENTED_EDGE('',*,*,#6555,.T.);
#4325=ORIENTED_EDGE('',*,*,#6112,.F.);
#4326=ORIENTED_EDGE('',*,*,#5920,.T.);
#4327=ORIENTED_EDGE('',*,*,#6552,.F.);
#4328=ORIENTED_EDGE('',*,*,#6006,.F.);
#4329=ORIENTED_EDGE('',*,*,#6048,.F.);
#4330=ORIENTED_EDGE('',*,*,#5918,.F.);
#4331=ORIENTED_EDGE('',*,*,#5992,.T.);
#4332=ORIENTED_EDGE('',*,*,#6004,.T.);
#4333=ORIENTED_EDGE('',*,*,#6271,.T.);
#4334=ORIENTED_EDGE('',*,*,#6553,.T.);
#4335=ORIENTED_EDGE('',*,*,#5819,.T.);
#4336=ORIENTED_EDGE('',*,*,#6560,.T.);
#4337=ORIENTED_EDGE('',*,*,#5803,.F.);
#4338=ORIENTED_EDGE('',*,*,#5996,.T.);
#4339=ORIENTED_EDGE('',*,*,#5990,.T.);
#4340=ORIENTED_EDGE('',*,*,#5804,.T.);
#4341=ORIENTED_EDGE('',*,*,#6564,.T.);
#4342=ORIENTED_EDGE('',*,*,#5806,.F.);
#4343=ORIENTED_EDGE('',*,*,#6031,.T.);
#4344=ORIENTED_EDGE('',*,*,#5987,.T.);
#4345=ORIENTED_EDGE('',*,*,#5977,.T.);
#4346=ORIENTED_EDGE('',*,*,#5620,.T.);
#4347=ORIENTED_EDGE('',*,*,#6032,.F.);
#4348=ORIENTED_EDGE('',*,*,#5808,.T.);
#4349=ORIENTED_EDGE('',*,*,#6565,.F.);
#4350=ORIENTED_EDGE('',*,*,#5639,.F.);
#4351=ORIENTED_EDGE('',*,*,#6036,.F.);
#4352=ORIENTED_EDGE('',*,*,#6019,.F.);
#4353=ORIENTED_EDGE('',*,*,#6028,.F.);
#4354=ORIENTED_EDGE('',*,*,#6608,.T.);
#4355=ORIENTED_EDGE('',*,*,#5654,.F.);
#4356=ORIENTED_EDGE('',*,*,#5615,.T.);
#4357=ORIENTED_EDGE('',*,*,#5656,.T.);
#4358=ORIENTED_EDGE('',*,*,#6609,.F.);
#4359=ORIENTED_EDGE('',*,*,#5613,.F.);
#4360=ORIENTED_EDGE('',*,*,#5655,.T.);
#4361=ORIENTED_EDGE('',*,*,#6608,.F.);
#4362=ORIENTED_EDGE('',*,*,#5614,.F.);
#4363=ORIENTED_EDGE('',*,*,#6609,.T.);
#4364=ORIENTED_EDGE('',*,*,#6610,.F.);
#4365=ORIENTED_EDGE('',*,*,#6175,.T.);
#4366=ORIENTED_EDGE('',*,*,#5974,.T.);
#4367=ORIENTED_EDGE('',*,*,#5608,.F.);
#4368=ORIENTED_EDGE('',*,*,#6171,.F.);
#4369=ORIENTED_EDGE('',*,*,#6611,.T.);
#4370=ORIENTED_EDGE('',*,*,#5606,.T.);
#4371=ORIENTED_EDGE('',*,*,#6219,.F.);
#4372=ORIENTED_EDGE('',*,*,#6611,.F.);
#4373=ORIENTED_EDGE('',*,*,#6170,.T.);
#4374=ORIENTED_EDGE('',*,*,#6610,.T.);
#4375=ORIENTED_EDGE('',*,*,#5607,.F.);
#4376=ORIENTED_EDGE('',*,*,#6612,.T.);
#4377=ORIENTED_EDGE('',*,*,#5641,.F.);
#4378=ORIENTED_EDGE('',*,*,#5599,.T.);
#4379=ORIENTED_EDGE('',*,*,#5643,.T.);
#4380=ORIENTED_EDGE('',*,*,#6613,.F.);
#4381=ORIENTED_EDGE('',*,*,#5597,.F.);
#4382=ORIENTED_EDGE('',*,*,#6613,.T.);
#4383=ORIENTED_EDGE('',*,*,#5642,.T.);
#4384=ORIENTED_EDGE('',*,*,#6612,.F.);
#4385=ORIENTED_EDGE('',*,*,#5598,.F.);
#4386=ORIENTED_EDGE('',*,*,#6614,.F.);
#4387=ORIENTED_EDGE('',*,*,#6169,.T.);
#4388=ORIENTED_EDGE('',*,*,#5968,.T.);
#4389=ORIENTED_EDGE('',*,*,#5592,.F.);
#4390=ORIENTED_EDGE('',*,*,#6166,.F.);
#4391=ORIENTED_EDGE('',*,*,#6615,.T.);
#4392=ORIENTED_EDGE('',*,*,#5590,.T.);
#4393=ORIENTED_EDGE('',*,*,#5972,.F.);
#4394=ORIENTED_EDGE('',*,*,#6615,.F.);
#4395=ORIENTED_EDGE('',*,*,#6165,.T.);
#4396=ORIENTED_EDGE('',*,*,#6614,.T.);
#4397=ORIENTED_EDGE('',*,*,#5591,.F.);
#4398=ORIENTED_EDGE('',*,*,#6616,.T.);
#4399=ORIENTED_EDGE('',*,*,#6617,.T.);
#4400=ORIENTED_EDGE('',*,*,#6617,.F.);
#4401=ORIENTED_EDGE('',*,*,#6550,.F.);
#4402=ORIENTED_EDGE('',*,*,#6618,.T.);
#4403=ORIENTED_EDGE('',*,*,#6619,.T.);
#4404=ORIENTED_EDGE('',*,*,#6619,.F.);
#4405=ORIENTED_EDGE('',*,*,#6548,.F.);
#4406=ORIENTED_EDGE('',*,*,#6620,.F.);
#4407=ORIENTED_EDGE('',*,*,#6567,.F.);
#4408=ORIENTED_EDGE('',*,*,#6621,.T.);
#4409=ORIENTED_EDGE('',*,*,#6620,.T.);
#4410=ORIENTED_EDGE('',*,*,#6622,.T.);
#4411=ORIENTED_EDGE('',*,*,#6623,.T.);
#4412=ORIENTED_EDGE('',*,*,#6557,.F.);
#4413=ORIENTED_EDGE('',*,*,#6623,.F.);
#4414=ORIENTED_EDGE('',*,*,#6624,.T.);
#4415=ORIENTED_EDGE('',*,*,#6625,.T.);
#4416=ORIENTED_EDGE('',*,*,#6625,.F.);
#4417=ORIENTED_EDGE('',*,*,#6562,.F.);
#4418=ORIENTED_EDGE('',*,*,#6616,.F.);
#4419=ORIENTED_EDGE('',*,*,#6618,.F.);
#4420=ORIENTED_EDGE('',*,*,#6622,.F.);
#4421=ORIENTED_EDGE('',*,*,#6621,.F.);
#4422=ORIENTED_EDGE('',*,*,#6624,.F.);
#4423=ORIENTED_EDGE('',*,*,#6626,.T.);
#4424=ORIENTED_EDGE('',*,*,#5760,.F.);
#4425=ORIENTED_EDGE('',*,*,#6627,.F.);
#4426=ORIENTED_EDGE('',*,*,#6263,.T.);
#4427=ORIENTED_EDGE('',*,*,#5761,.T.);
#4428=ORIENTED_EDGE('',*,*,#6626,.F.);
#4429=ORIENTED_EDGE('',*,*,#6262,.T.);
#4430=ORIENTED_EDGE('',*,*,#6628,.T.);
#4431=ORIENTED_EDGE('',*,*,#6264,.T.);
#4432=ORIENTED_EDGE('',*,*,#6627,.T.);
#4433=ORIENTED_EDGE('',*,*,#5762,.F.);
#4434=ORIENTED_EDGE('',*,*,#6628,.F.);
#4435=ORIENTED_EDGE('',*,*,#6266,.T.);
#4436=ORIENTED_EDGE('',*,*,#6629,.T.);
#4437=ORIENTED_EDGE('',*,*,#6630,.F.);
#4438=ORIENTED_EDGE('',*,*,#6631,.F.);
#4439=ORIENTED_EDGE('',*,*,#6268,.T.);
#4440=ORIENTED_EDGE('',*,*,#6632,.T.);
#4441=ORIENTED_EDGE('',*,*,#6633,.F.);
#4442=ORIENTED_EDGE('',*,*,#6629,.F.);
#4443=ORIENTED_EDGE('',*,*,#6267,.T.);
#4444=ORIENTED_EDGE('',*,*,#6631,.T.);
#4445=ORIENTED_EDGE('',*,*,#6634,.F.);
#4446=ORIENTED_EDGE('',*,*,#6632,.F.);
#4447=ORIENTED_EDGE('',*,*,#6634,.T.);
#4448=ORIENTED_EDGE('',*,*,#6630,.T.);
#4449=ORIENTED_EDGE('',*,*,#6633,.T.);
#4450=ORIENTED_EDGE('',*,*,#6635,.T.);
#4451=ORIENTED_EDGE('',*,*,#5941,.T.);
#4452=ORIENTED_EDGE('',*,*,#5940,.T.);
#4453=ORIENTED_EDGE('',*,*,#6178,.T.);
#4454=ORIENTED_EDGE('',*,*,#5942,.F.);
#4455=ORIENTED_EDGE('',*,*,#6635,.F.);
#4456=ORIENTED_EDGE('',*,*,#6177,.T.);
#4457=ORIENTED_EDGE('',*,*,#6636,.T.);
#4458=ORIENTED_EDGE('',*,*,#5938,.T.);
#4459=ORIENTED_EDGE('',*,*,#5943,.F.);
#4460=ORIENTED_EDGE('',*,*,#6636,.F.);
#4461=ORIENTED_EDGE('',*,*,#6176,.T.);
#4462=ORIENTED_EDGE('',*,*,#6253,.T.);
#4463=ORIENTED_EDGE('',*,*,#6637,.T.);
#4464=ORIENTED_EDGE('',*,*,#6638,.F.);
#4465=ORIENTED_EDGE('',*,*,#6639,.F.);
#4466=ORIENTED_EDGE('',*,*,#6255,.T.);
#4467=ORIENTED_EDGE('',*,*,#6640,.T.);
#4468=ORIENTED_EDGE('',*,*,#6641,.F.);
#4469=ORIENTED_EDGE('',*,*,#6637,.F.);
#4470=ORIENTED_EDGE('',*,*,#6254,.T.);
#4471=ORIENTED_EDGE('',*,*,#6639,.T.);
#4472=ORIENTED_EDGE('',*,*,#6642,.F.);
#4473=ORIENTED_EDGE('',*,*,#6640,.F.);
#4474=ORIENTED_EDGE('',*,*,#6642,.T.);
#4475=ORIENTED_EDGE('',*,*,#6638,.T.);
#4476=ORIENTED_EDGE('',*,*,#6641,.T.);
#4477=ORIENTED_EDGE('',*,*,#6244,.T.);
#4478=ORIENTED_EDGE('',*,*,#6643,.T.);
#4479=ORIENTED_EDGE('',*,*,#6644,.F.);
#4480=ORIENTED_EDGE('',*,*,#6645,.F.);
#4481=ORIENTED_EDGE('',*,*,#6246,.T.);
#4482=ORIENTED_EDGE('',*,*,#6646,.T.);
#4483=ORIENTED_EDGE('',*,*,#6647,.F.);
#4484=ORIENTED_EDGE('',*,*,#6643,.F.);
#4485=ORIENTED_EDGE('',*,*,#6245,.T.);
#4486=ORIENTED_EDGE('',*,*,#6645,.T.);
#4487=ORIENTED_EDGE('',*,*,#6648,.F.);
#4488=ORIENTED_EDGE('',*,*,#6646,.F.);
#4489=ORIENTED_EDGE('',*,*,#6648,.T.);
#4490=ORIENTED_EDGE('',*,*,#6644,.T.);
#4491=ORIENTED_EDGE('',*,*,#6647,.T.);
#4492=ORIENTED_EDGE('',*,*,#6566,.F.);
#4493=ORIENTED_EDGE('',*,*,#6568,.F.);
#4494=ORIENTED_EDGE('',*,*,#6561,.F.);
#4495=ORIENTED_EDGE('',*,*,#6563,.F.);
#4496=ORIENTED_EDGE('',*,*,#6558,.F.);
#4497=ORIENTED_EDGE('',*,*,#6559,.F.);
#4498=ORIENTED_EDGE('',*,*,#6547,.F.);
#4499=ORIENTED_EDGE('',*,*,#6541,.F.);
#4500=ORIENTED_EDGE('',*,*,#6549,.F.);
#4501=ORIENTED_EDGE('',*,*,#6551,.F.);
#4502=ORIENTED_EDGE('',*,*,#6233,.T.);
#4503=ORIENTED_EDGE('',*,*,#6649,.T.);
#4504=ORIENTED_EDGE('',*,*,#6650,.T.);
#4505=ORIENTED_EDGE('',*,*,#6651,.F.);
#4506=ORIENTED_EDGE('',*,*,#6235,.T.);
#4507=ORIENTED_EDGE('',*,*,#6652,.T.);
#4508=ORIENTED_EDGE('',*,*,#6653,.T.);
#4509=ORIENTED_EDGE('',*,*,#6649,.F.);
#4510=ORIENTED_EDGE('',*,*,#6234,.T.);
#4511=ORIENTED_EDGE('',*,*,#6651,.T.);
#4512=ORIENTED_EDGE('',*,*,#6654,.T.);
#4513=ORIENTED_EDGE('',*,*,#6652,.F.);
#4514=ORIENTED_EDGE('',*,*,#6590,.T.);
#4515=ORIENTED_EDGE('',*,*,#6593,.T.);
#4516=ORIENTED_EDGE('',*,*,#6592,.T.);
#4517=ORIENTED_EDGE('',*,*,#6655,.T.);
#4518=ORIENTED_EDGE('',*,*,#6586,.T.);
#4519=ORIENTED_EDGE('',*,*,#6589,.T.);
#4520=ORIENTED_EDGE('',*,*,#6588,.T.);
#4521=ORIENTED_EDGE('',*,*,#6656,.T.);
#4522=ORIENTED_EDGE('',*,*,#6653,.F.);
#4523=ORIENTED_EDGE('',*,*,#6654,.F.);
#4524=ORIENTED_EDGE('',*,*,#6650,.F.);
#4525=ORIENTED_EDGE('',*,*,#6655,.F.);
#4526=ORIENTED_EDGE('',*,*,#6591,.F.);
#4527=ORIENTED_EDGE('',*,*,#6656,.F.);
#4528=ORIENTED_EDGE('',*,*,#6587,.F.);
#4529=ORIENTED_EDGE('',*,*,#6239,.T.);
#4530=ORIENTED_EDGE('',*,*,#6657,.T.);
#4531=ORIENTED_EDGE('',*,*,#6658,.T.);
#4532=ORIENTED_EDGE('',*,*,#6659,.F.);
#4533=ORIENTED_EDGE('',*,*,#6241,.T.);
#4534=ORIENTED_EDGE('',*,*,#6660,.T.);
#4535=ORIENTED_EDGE('',*,*,#6661,.F.);
#4536=ORIENTED_EDGE('',*,*,#6657,.F.);
#4537=ORIENTED_EDGE('',*,*,#6240,.T.);
#4538=ORIENTED_EDGE('',*,*,#6659,.T.);
#4539=ORIENTED_EDGE('',*,*,#6662,.F.);
#4540=ORIENTED_EDGE('',*,*,#6660,.F.);
#4541=ORIENTED_EDGE('',*,*,#6661,.T.);
#4542=ORIENTED_EDGE('',*,*,#6662,.T.);
#4543=ORIENTED_EDGE('',*,*,#6658,.F.);
#4544=ORIENTED_EDGE('',*,*,#6249,.T.);
#4545=ORIENTED_EDGE('',*,*,#6663,.T.);
#4546=ORIENTED_EDGE('',*,*,#6664,.F.);
#4547=ORIENTED_EDGE('',*,*,#6665,.F.);
#4548=ORIENTED_EDGE('',*,*,#6251,.T.);
#4549=ORIENTED_EDGE('',*,*,#6666,.T.);
#4550=ORIENTED_EDGE('',*,*,#6667,.F.);
#4551=ORIENTED_EDGE('',*,*,#6663,.F.);
#4552=ORIENTED_EDGE('',*,*,#6250,.T.);
#4553=ORIENTED_EDGE('',*,*,#6665,.T.);
#4554=ORIENTED_EDGE('',*,*,#6668,.F.);
#4555=ORIENTED_EDGE('',*,*,#6666,.F.);
#4556=ORIENTED_EDGE('',*,*,#6667,.T.);
#4557=ORIENTED_EDGE('',*,*,#6668,.T.);
#4558=ORIENTED_EDGE('',*,*,#6664,.T.);
#4559=ORIENTED_EDGE('',*,*,#6187,.T.);
#4560=ORIENTED_EDGE('',*,*,#6669,.T.);
#4561=ORIENTED_EDGE('',*,*,#6670,.T.);
#4562=ORIENTED_EDGE('',*,*,#6671,.F.);
#4563=ORIENTED_EDGE('',*,*,#6189,.T.);
#4564=ORIENTED_EDGE('',*,*,#6672,.T.);
#4565=ORIENTED_EDGE('',*,*,#6673,.T.);
#4566=ORIENTED_EDGE('',*,*,#6669,.F.);
#4567=ORIENTED_EDGE('',*,*,#6188,.T.);
#4568=ORIENTED_EDGE('',*,*,#6671,.T.);
#4569=ORIENTED_EDGE('',*,*,#6674,.T.);
#4570=ORIENTED_EDGE('',*,*,#6675,.T.);
#4571=ORIENTED_EDGE('',*,*,#6676,.T.);
#4572=ORIENTED_EDGE('',*,*,#6677,.T.);
#4573=ORIENTED_EDGE('',*,*,#6678,.T.);
#4574=ORIENTED_EDGE('',*,*,#6679,.T.);
#4575=ORIENTED_EDGE('',*,*,#6680,.T.);
#4576=ORIENTED_EDGE('',*,*,#6672,.F.);
#4577=ORIENTED_EDGE('',*,*,#6679,.F.);
#4578=ORIENTED_EDGE('',*,*,#6678,.F.);
#4579=ORIENTED_EDGE('',*,*,#6677,.F.);
#4580=ORIENTED_EDGE('',*,*,#6676,.F.);
#4581=ORIENTED_EDGE('',*,*,#6675,.F.);
#4582=ORIENTED_EDGE('',*,*,#6674,.F.);
#4583=ORIENTED_EDGE('',*,*,#6670,.F.);
#4584=ORIENTED_EDGE('',*,*,#6673,.F.);
#4585=ORIENTED_EDGE('',*,*,#6680,.F.);
#4586=ORIENTED_EDGE('',*,*,#6199,.T.);
#4587=ORIENTED_EDGE('',*,*,#6681,.T.);
#4588=ORIENTED_EDGE('',*,*,#6682,.F.);
#4589=ORIENTED_EDGE('',*,*,#6683,.F.);
#4590=ORIENTED_EDGE('',*,*,#6201,.T.);
#4591=ORIENTED_EDGE('',*,*,#6684,.T.);
#4592=ORIENTED_EDGE('',*,*,#6685,.F.);
#4593=ORIENTED_EDGE('',*,*,#6681,.F.);
#4594=ORIENTED_EDGE('',*,*,#6200,.T.);
#4595=ORIENTED_EDGE('',*,*,#6683,.T.);
#4596=ORIENTED_EDGE('',*,*,#6686,.F.);
#4597=ORIENTED_EDGE('',*,*,#6687,.F.);
#4598=ORIENTED_EDGE('',*,*,#6688,.F.);
#4599=ORIENTED_EDGE('',*,*,#6689,.F.);
#4600=ORIENTED_EDGE('',*,*,#6690,.F.);
#4601=ORIENTED_EDGE('',*,*,#6691,.F.);
#4602=ORIENTED_EDGE('',*,*,#6692,.F.);
#4603=ORIENTED_EDGE('',*,*,#6684,.F.);
#4604=ORIENTED_EDGE('',*,*,#6688,.T.);
#4605=ORIENTED_EDGE('',*,*,#6687,.T.);
#4606=ORIENTED_EDGE('',*,*,#6686,.T.);
#4607=ORIENTED_EDGE('',*,*,#6682,.T.);
#4608=ORIENTED_EDGE('',*,*,#6685,.T.);
#4609=ORIENTED_EDGE('',*,*,#6692,.T.);
#4610=ORIENTED_EDGE('',*,*,#6691,.T.);
#4611=ORIENTED_EDGE('',*,*,#6690,.T.);
#4612=ORIENTED_EDGE('',*,*,#6689,.T.);
#4613=ORIENTED_EDGE('',*,*,#6342,.T.);
#4614=ORIENTED_EDGE('',*,*,#6329,.F.);
#4615=ORIENTED_EDGE('',*,*,#5582,.T.);
#4616=ORIENTED_EDGE('',*,*,#6693,.F.);
#4617=ORIENTED_EDGE('',*,*,#6693,.T.);
#4618=ORIENTED_EDGE('',*,*,#5581,.T.);
#4619=ORIENTED_EDGE('',*,*,#5962,.T.);
#4620=ORIENTED_EDGE('',*,*,#6343,.T.);
#4621=ORIENTED_EDGE('',*,*,#5852,.F.);
#4622=ORIENTED_EDGE('',*,*,#6226,.F.);
#4623=ORIENTED_EDGE('',*,*,#6694,.F.);
#4624=ORIENTED_EDGE('',*,*,#5856,.F.);
#4625=ORIENTED_EDGE('',*,*,#5737,.F.);
#4626=ORIENTED_EDGE('',*,*,#5862,.F.);
#4627=ORIENTED_EDGE('',*,*,#5857,.T.);
#4628=ORIENTED_EDGE('',*,*,#6694,.T.);
#4629=ORIENTED_EDGE('',*,*,#5861,.T.);
#4630=ORIENTED_EDGE('',*,*,#5872,.T.);
#4631=ORIENTED_EDGE('',*,*,#5915,.T.);
#4632=ORIENTED_EDGE('',*,*,#5786,.T.);
#4633=ORIENTED_EDGE('',*,*,#5910,.F.);
#4634=ORIENTED_EDGE('',*,*,#5907,.T.);
#4635=ORIENTED_EDGE('',*,*,#6184,.T.);
#4636=ORIENTED_EDGE('',*,*,#5813,.T.);
#4637=ORIENTED_EDGE('',*,*,#5788,.T.);
#4638=ORIENTED_EDGE('',*,*,#5914,.T.);
#4639=ORIENTED_EDGE('',*,*,#6695,.F.);
#4640=ORIENTED_EDGE('',*,*,#5885,.T.);
#4641=ORIENTED_EDGE('',*,*,#6086,.T.);
#4642=ORIENTED_EDGE('',*,*,#6074,.F.);
#4643=ORIENTED_EDGE('',*,*,#6078,.T.);
#4644=ORIENTED_EDGE('',*,*,#6087,.F.);
#4645=ORIENTED_EDGE('',*,*,#5883,.T.);
#4646=ORIENTED_EDGE('',*,*,#6696,.T.);
#4647=ORIENTED_EDGE('',*,*,#5886,.T.);
#4648=ORIENTED_EDGE('',*,*,#6695,.T.);
#4649=ORIENTED_EDGE('',*,*,#6073,.F.);
#4650=ORIENTED_EDGE('',*,*,#6092,.T.);
#4651=ORIENTED_EDGE('',*,*,#6079,.F.);
#4652=ORIENTED_EDGE('',*,*,#6696,.F.);
#4653=ORIENTED_EDGE('',*,*,#5882,.T.);
#4654=ORIENTED_EDGE('',*,*,#6104,.F.);
#4655=ORIENTED_EDGE('',*,*,#5863,.T.);
#4656=ORIENTED_EDGE('',*,*,#5851,.T.);
#4657=ORIENTED_EDGE('',*,*,#6147,.T.);
#4658=ORIENTED_EDGE('',*,*,#6145,.T.);
#4659=ORIENTED_EDGE('',*,*,#6437,.F.);
#4660=ORIENTED_EDGE('',*,*,#5949,.F.);
#4661=ORIENTED_EDGE('',*,*,#6320,.T.);
#4662=ORIENTED_EDGE('',*,*,#5945,.F.);
#4663=ORIENTED_EDGE('',*,*,#6399,.F.);
#4664=ORIENTED_EDGE('',*,*,#6355,.F.);
#4665=ORIENTED_EDGE('',*,*,#6376,.F.);
#4666=ORIENTED_EDGE('',*,*,#5868,.F.);
#4667=ORIENTED_EDGE('',*,*,#6291,.T.);
#4668=ORIENTED_EDGE('',*,*,#6138,.T.);
#4669=ORIENTED_EDGE('',*,*,#6297,.T.);
#4670=ORIENTED_EDGE('',*,*,#6286,.F.);
#4671=ORIENTED_EDGE('',*,*,#5740,.T.);
#4672=ORIENTED_EDGE('',*,*,#5854,.F.);
#4673=ORIENTED_EDGE('',*,*,#5701,.F.);
#4674=ORIENTED_EDGE('',*,*,#5880,.T.);
#4675=ORIENTED_EDGE('',*,*,#5751,.T.);
#4676=ORIENTED_EDGE('',*,*,#5694,.T.);
#4677=ORIENTED_EDGE('',*,*,#5705,.F.);
#4678=ORIENTED_EDGE('',*,*,#5758,.T.);
#4679=ORIENTED_EDGE('',*,*,#5595,.F.);
#4680=ORIENTED_EDGE('',*,*,#5668,.T.);
#4681=ORIENTED_EDGE('',*,*,#5631,.T.);
#4682=ORIENTED_EDGE('',*,*,#5603,.F.);
#4683=ORIENTED_EDGE('',*,*,#5653,.T.);
#4684=ORIENTED_EDGE('',*,*,#5657,.T.);
#4685=ORIENTED_EDGE('',*,*,#6257,.T.);
#4686=ORIENTED_EDGE('',*,*,#6697,.T.);
#4687=ORIENTED_EDGE('',*,*,#6698,.F.);
#4688=ORIENTED_EDGE('',*,*,#6260,.T.);
#4689=ORIENTED_EDGE('',*,*,#6699,.F.);
#4690=ORIENTED_EDGE('',*,*,#6700,.F.);
#4691=ORIENTED_EDGE('',*,*,#6697,.F.);
#4692=ORIENTED_EDGE('',*,*,#6225,.T.);
#4693=ORIENTED_EDGE('',*,*,#6259,.T.);
#4694=ORIENTED_EDGE('',*,*,#6701,.T.);
#4695=ORIENTED_EDGE('',*,*,#6699,.T.);
#4696=ORIENTED_EDGE('',*,*,#6258,.T.);
#4697=ORIENTED_EDGE('',*,*,#6698,.T.);
#4698=ORIENTED_EDGE('',*,*,#6700,.T.);
#4699=ORIENTED_EDGE('',*,*,#6701,.F.);
#4700=ORIENTED_EDGE('',*,*,#6702,.T.);
#4701=ORIENTED_EDGE('',*,*,#6703,.F.);
#4702=ORIENTED_EDGE('',*,*,#6704,.T.);
#4703=ORIENTED_EDGE('',*,*,#6705,.T.);
#4704=ORIENTED_EDGE('',*,*,#6706,.F.);
#4705=ORIENTED_EDGE('',*,*,#6707,.F.);
#4706=ORIENTED_EDGE('',*,*,#6708,.T.);
#4707=ORIENTED_EDGE('',*,*,#6709,.T.);
#4708=ORIENTED_EDGE('',*,*,#6708,.F.);
#4709=ORIENTED_EDGE('',*,*,#6710,.T.);
#4710=ORIENTED_EDGE('',*,*,#6711,.F.);
#4711=ORIENTED_EDGE('',*,*,#6712,.F.);
#4712=ORIENTED_EDGE('',*,*,#6713,.F.);
#4713=ORIENTED_EDGE('',*,*,#6714,.F.);
#4714=ORIENTED_EDGE('',*,*,#6712,.T.);
#4715=ORIENTED_EDGE('',*,*,#6715,.F.);
#4716=ORIENTED_EDGE('',*,*,#6716,.F.);
#4717=ORIENTED_EDGE('',*,*,#6717,.F.);
#4718=ORIENTED_EDGE('',*,*,#6706,.T.);
#4719=ORIENTED_EDGE('',*,*,#6718,.T.);
#4720=ORIENTED_EDGE('',*,*,#6716,.T.);
#4721=ORIENTED_EDGE('',*,*,#6719,.T.);
#4722=ORIENTED_EDGE('',*,*,#6710,.F.);
#4723=ORIENTED_EDGE('',*,*,#6707,.T.);
#4724=ORIENTED_EDGE('',*,*,#6717,.T.);
#4725=ORIENTED_EDGE('',*,*,#6720,.T.);
#4726=ORIENTED_EDGE('',*,*,#6703,.T.);
#4727=ORIENTED_EDGE('',*,*,#6721,.T.);
#4728=ORIENTED_EDGE('',*,*,#6709,.F.);
#4729=ORIENTED_EDGE('',*,*,#6713,.T.);
#4730=ORIENTED_EDGE('',*,*,#6714,.T.);
#4731=ORIENTED_EDGE('',*,*,#6718,.F.);
#4732=ORIENTED_EDGE('',*,*,#6722,.T.);
#4733=ORIENTED_EDGE('',*,*,#6721,.F.);
#4734=ORIENTED_EDGE('',*,*,#6723,.T.);
#4735=ORIENTED_EDGE('',*,*,#6705,.F.);
#4736=ORIENTED_EDGE('',*,*,#6724,.T.);
#4737=ORIENTED_EDGE('',*,*,#6704,.F.);
#4738=ORIENTED_EDGE('',*,*,#6702,.F.);
#4739=ORIENTED_EDGE('',*,*,#6724,.F.);
#4740=ORIENTED_EDGE('',*,*,#6723,.F.);
#4741=ORIENTED_EDGE('',*,*,#6722,.F.);
#4742=ORIENTED_EDGE('',*,*,#6720,.F.);
#4743=ORIENTED_EDGE('',*,*,#6719,.F.);
#4744=ORIENTED_EDGE('',*,*,#6715,.T.);
#4745=ORIENTED_EDGE('',*,*,#6711,.T.);
#4746=VERTEX_POINT('',#11264);
#4747=VERTEX_POINT('',#11265);
#4748=VERTEX_POINT('',#11267);
#4749=VERTEX_POINT('',#11269);
#4750=VERTEX_POINT('',#11271);
#4751=VERTEX_POINT('',#11273);
#4752=VERTEX_POINT('',#11275);
#4753=VERTEX_POINT('',#11277);
#4754=VERTEX_POINT('',#11281);
#4755=VERTEX_POINT('',#11282);
#4756=VERTEX_POINT('',#11284);
#4757=VERTEX_POINT('',#11286);
#4758=VERTEX_POINT('',#11290);
#4759=VERTEX_POINT('',#11291);
#4760=VERTEX_POINT('',#11293);
#4761=VERTEX_POINT('',#11298);
#4762=VERTEX_POINT('',#11300);
#4763=VERTEX_POINT('',#11302);
#4764=VERTEX_POINT('',#11304);
#4765=VERTEX_POINT('',#11306);
#4766=VERTEX_POINT('',#11310);
#4767=VERTEX_POINT('',#11312);
#4768=VERTEX_POINT('',#11313);
#4769=VERTEX_POINT('',#11315);
#4770=VERTEX_POINT('',#11317);
#4771=VERTEX_POINT('',#11320);
#4772=VERTEX_POINT('',#11321);
#4773=VERTEX_POINT('',#11323);
#4774=VERTEX_POINT('',#11325);
#4775=VERTEX_POINT('',#11327);
#4776=VERTEX_POINT('',#11329);
#4777=VERTEX_POINT('',#11331);
#4778=VERTEX_POINT('',#11333);
#4779=VERTEX_POINT('',#11335);
#4780=VERTEX_POINT('',#11337);
#4781=VERTEX_POINT('',#11339);
#4782=VERTEX_POINT('',#11341);
#4783=VERTEX_POINT('',#11343);
#4784=VERTEX_POINT('',#11347);
#4785=VERTEX_POINT('',#11349);
#4786=VERTEX_POINT('',#11350);
#4787=VERTEX_POINT('',#11352);
#4788=VERTEX_POINT('',#11354);
#4789=VERTEX_POINT('',#11356);
#4790=VERTEX_POINT('',#11358);
#4791=VERTEX_POINT('',#11360);
#4792=VERTEX_POINT('',#11362);
#4793=VERTEX_POINT('',#11364);
#4794=VERTEX_POINT('',#11366);
#4795=VERTEX_POINT('',#11368);
#4796=VERTEX_POINT('',#11370);
#4797=VERTEX_POINT('',#11372);
#4798=VERTEX_POINT('',#11374);
#4799=VERTEX_POINT('',#11376);
#4800=VERTEX_POINT('',#11380);
#4801=VERTEX_POINT('',#11382);
#4802=VERTEX_POINT('',#11383);
#4803=VERTEX_POINT('',#11385);
#4804=VERTEX_POINT('',#11387);
#4805=VERTEX_POINT('',#11389);
#4806=VERTEX_POINT('',#11391);
#4807=VERTEX_POINT('',#11393);
#4808=VERTEX_POINT('',#11395);
#4809=VERTEX_POINT('',#11397);
#4810=VERTEX_POINT('',#11399);
#4811=VERTEX_POINT('',#11401);
#4812=VERTEX_POINT('',#11403);
#4813=VERTEX_POINT('',#11405);
#4814=VERTEX_POINT('',#11407);
#4815=VERTEX_POINT('',#11411);
#4816=VERTEX_POINT('',#11413);
#4817=VERTEX_POINT('',#11415);
#4818=VERTEX_POINT('',#11417);
#4819=VERTEX_POINT('',#11419);
#4820=VERTEX_POINT('',#11421);
#4821=VERTEX_POINT('',#11423);
#4822=VERTEX_POINT('',#11425);
#4823=VERTEX_POINT('',#11427);
#4824=VERTEX_POINT('',#11429);
#4825=VERTEX_POINT('',#11431);
#4826=VERTEX_POINT('',#11433);
#4827=VERTEX_POINT('',#11435);
#4828=VERTEX_POINT('',#11437);
#4829=VERTEX_POINT('',#11441);
#4830=VERTEX_POINT('',#11443);
#4831=VERTEX_POINT('',#11445);
#4832=VERTEX_POINT('',#11450);
#4833=VERTEX_POINT('',#11452);
#4834=VERTEX_POINT('',#11457);
#4835=VERTEX_POINT('',#11459);
#4836=VERTEX_POINT('',#11461);
#4837=VERTEX_POINT('',#11463);
#4838=VERTEX_POINT('',#11466);
#4839=VERTEX_POINT('',#11468);
#4840=VERTEX_POINT('',#11472);
#4841=VERTEX_POINT('',#11474);
#4842=VERTEX_POINT('',#11476);
#4843=VERTEX_POINT('',#11478);
#4844=VERTEX_POINT('',#11480);
#4845=VERTEX_POINT('',#11482);
#4846=VERTEX_POINT('',#11487);
#4847=VERTEX_POINT('',#11489);
#4848=VERTEX_POINT('',#11491);
#4849=VERTEX_POINT('',#11494);
#4850=VERTEX_POINT('',#11496);
#4851=VERTEX_POINT('',#11503);
#4852=VERTEX_POINT('',#11505);
#4853=VERTEX_POINT('',#11507);
#4854=VERTEX_POINT('',#11509);
#4855=VERTEX_POINT('',#11514);
#4856=VERTEX_POINT('',#11516);
#4857=VERTEX_POINT('',#11523);
#4858=VERTEX_POINT('',#11526);
#4859=VERTEX_POINT('',#11528);
#4860=VERTEX_POINT('',#11530);
#4861=VERTEX_POINT('',#11533);
#4862=VERTEX_POINT('',#11538);
#4863=VERTEX_POINT('',#11540);
#4864=VERTEX_POINT('',#11543);
#4865=VERTEX_POINT('',#11547);
#4866=VERTEX_POINT('',#11549);
#4867=VERTEX_POINT('',#11551);
#4868=VERTEX_POINT('',#11553);
#4869=VERTEX_POINT('',#11558);
#4870=VERTEX_POINT('',#11559);
#4871=VERTEX_POINT('',#11561);
#4872=VERTEX_POINT('',#11563);
#4873=VERTEX_POINT('',#11566);
#4874=VERTEX_POINT('',#11567);
#4875=VERTEX_POINT('',#11569);
#4876=VERTEX_POINT('',#11571);
#4877=VERTEX_POINT('',#11573);
#4878=VERTEX_POINT('',#11575);
#4879=VERTEX_POINT('',#11577);
#4880=VERTEX_POINT('',#11579);
#4881=VERTEX_POINT('',#11581);
#4882=VERTEX_POINT('',#11583);
#4883=VERTEX_POINT('',#11587);
#4884=VERTEX_POINT('',#11588);
#4885=VERTEX_POINT('',#11591);
#4886=VERTEX_POINT('',#11593);
#4887=VERTEX_POINT('',#11595);
#4888=VERTEX_POINT('',#11597);
#4889=VERTEX_POINT('',#11599);
#4890=VERTEX_POINT('',#11602);
#4891=VERTEX_POINT('',#11604);
#4892=VERTEX_POINT('',#11606);
#4893=VERTEX_POINT('',#11610);
#4894=VERTEX_POINT('',#11612);
#4895=VERTEX_POINT('',#11616);
#4896=VERTEX_POINT('',#11617);
#4897=VERTEX_POINT('',#11619);
#4898=VERTEX_POINT('',#11621);
#4899=VERTEX_POINT('',#11623);
#4900=VERTEX_POINT('',#11625);
#4901=VERTEX_POINT('',#11628);
#4902=VERTEX_POINT('',#11630);
#4903=VERTEX_POINT('',#11632);
#4904=VERTEX_POINT('',#11634);
#4905=VERTEX_POINT('',#11636);
#4906=VERTEX_POINT('',#11638);
#4907=VERTEX_POINT('',#11640);
#4908=VERTEX_POINT('',#11642);
#4909=VERTEX_POINT('',#11644);
#4910=VERTEX_POINT('',#11646);
#4911=VERTEX_POINT('',#11653);
#4912=VERTEX_POINT('',#11654);
#4913=VERTEX_POINT('',#11658);
#4914=VERTEX_POINT('',#11660);
#4915=VERTEX_POINT('',#11662);
#4916=VERTEX_POINT('',#11664);
#4917=VERTEX_POINT('',#11666);
#4918=VERTEX_POINT('',#11668);
#4919=VERTEX_POINT('',#11672);
#4920=VERTEX_POINT('',#11674);
#4921=VERTEX_POINT('',#11676);
#4922=VERTEX_POINT('',#11678);
#4923=VERTEX_POINT('',#11682);
#4924=VERTEX_POINT('',#11684);
#4925=VERTEX_POINT('',#11686);
#4926=VERTEX_POINT('',#11688);
#4927=VERTEX_POINT('',#11698);
#4928=VERTEX_POINT('',#11699);
#4929=VERTEX_POINT('',#11701);
#4930=VERTEX_POINT('',#11705);
#4931=VERTEX_POINT('',#11707);
#4932=VERTEX_POINT('',#11709);
#4933=VERTEX_POINT('',#11710);
#4934=VERTEX_POINT('',#11712);
#4935=VERTEX_POINT('',#11714);
#4936=VERTEX_POINT('',#11716);
#4937=VERTEX_POINT('',#11718);
#4938=VERTEX_POINT('',#11720);
#4939=VERTEX_POINT('',#11722);
#4940=VERTEX_POINT('',#11724);
#4941=VERTEX_POINT('',#11726);
#4942=VERTEX_POINT('',#11728);
#4943=VERTEX_POINT('',#11730);
#4944=VERTEX_POINT('',#11732);
#4945=VERTEX_POINT('',#11734);
#4946=VERTEX_POINT('',#11736);
#4947=VERTEX_POINT('',#11738);
#4948=VERTEX_POINT('',#11740);
#4949=VERTEX_POINT('',#11742);
#4950=VERTEX_POINT('',#11744);
#4951=VERTEX_POINT('',#11746);
#4952=VERTEX_POINT('',#11748);
#4953=VERTEX_POINT('',#11750);
#4954=VERTEX_POINT('',#11752);
#4955=VERTEX_POINT('',#11754);
#4956=VERTEX_POINT('',#11758);
#4957=VERTEX_POINT('',#11759);
#4958=VERTEX_POINT('',#11761);
#4959=VERTEX_POINT('',#11763);
#4960=VERTEX_POINT('',#11765);
#4961=VERTEX_POINT('',#11769);
#4962=VERTEX_POINT('',#11771);
#4963=VERTEX_POINT('',#11775);
#4964=VERTEX_POINT('',#11779);
#4965=VERTEX_POINT('',#11783);
#4966=VERTEX_POINT('',#11785);
#4967=VERTEX_POINT('',#11789);
#4968=VERTEX_POINT('',#11793);
#4969=VERTEX_POINT('',#11794);
#4970=VERTEX_POINT('',#11796);
#4971=VERTEX_POINT('',#11798);
#4972=VERTEX_POINT('',#11802);
#4973=VERTEX_POINT('',#11806);
#4974=VERTEX_POINT('',#11808);
#4975=VERTEX_POINT('',#11810);
#4976=VERTEX_POINT('',#11812);
#4977=VERTEX_POINT('',#11815);
#4978=VERTEX_POINT('',#11817);
#4979=VERTEX_POINT('',#11819);
#4980=VERTEX_POINT('',#11821);
#4981=VERTEX_POINT('',#11830);
#4982=VERTEX_POINT('',#11832);
#4983=VERTEX_POINT('',#11834);
#4984=VERTEX_POINT('',#11836);
#4985=VERTEX_POINT('',#11839);
#4986=VERTEX_POINT('',#11841);
#4987=VERTEX_POINT('',#11845);
#4988=VERTEX_POINT('',#11846);
#4989=VERTEX_POINT('',#11849);
#4990=VERTEX_POINT('',#11851);
#4991=VERTEX_POINT('',#11853);
#4992=VERTEX_POINT('',#11855);
#4993=VERTEX_POINT('',#11857);
#4994=VERTEX_POINT('',#11859);
#4995=VERTEX_POINT('',#11861);
#4996=VERTEX_POINT('',#11863);
#4997=VERTEX_POINT('',#11865);
#4998=VERTEX_POINT('',#11867);
#4999=VERTEX_POINT('',#11869);
#5000=VERTEX_POINT('',#11871);
#5001=VERTEX_POINT('',#11873);
#5002=VERTEX_POINT('',#11875);
#5003=VERTEX_POINT('',#11877);
#5004=VERTEX_POINT('',#11881);
#5005=VERTEX_POINT('',#11887);
#5006=VERTEX_POINT('',#11889);
#5007=VERTEX_POINT('',#11891);
#5008=VERTEX_POINT('',#11893);
#5009=VERTEX_POINT('',#11895);
#5010=VERTEX_POINT('',#11897);
#5011=VERTEX_POINT('',#11901);
#5012=VERTEX_POINT('',#11903);
#5013=VERTEX_POINT('',#11908);
#5014=VERTEX_POINT('',#11910);
#5015=VERTEX_POINT('',#11912);
#5016=VERTEX_POINT('',#11914);
#5017=VERTEX_POINT('',#11919);
#5018=VERTEX_POINT('',#11921);
#5019=VERTEX_POINT('',#11923);
#5020=VERTEX_POINT('',#11925);
#5021=VERTEX_POINT('',#11927);
#5022=VERTEX_POINT('',#11929);
#5023=VERTEX_POINT('',#11936);
#5024=VERTEX_POINT('',#11937);
#5025=VERTEX_POINT('',#11939);
#5026=VERTEX_POINT('',#11941);
#5027=VERTEX_POINT('',#11943);
#5028=VERTEX_POINT('',#11945);
#5029=VERTEX_POINT('',#11947);
#5030=VERTEX_POINT('',#11949);
#5031=VERTEX_POINT('',#11962);
#5032=VERTEX_POINT('',#11967);
#5033=VERTEX_POINT('',#11969);
#5034=VERTEX_POINT('',#11974);
#5035=VERTEX_POINT('',#11988);
#5036=VERTEX_POINT('',#11990);
#5037=VERTEX_POINT('',#11992);
#5038=VERTEX_POINT('',#11996);
#5039=VERTEX_POINT('',#11997);
#5040=VERTEX_POINT('',#11999);
#5041=VERTEX_POINT('',#12001);
#5042=VERTEX_POINT('',#12003);
#5043=VERTEX_POINT('',#12007);
#5044=VERTEX_POINT('',#12008);
#5045=VERTEX_POINT('',#12010);
#5046=VERTEX_POINT('',#12012);
#5047=VERTEX_POINT('',#12014);
#5048=VERTEX_POINT('',#12018);
#5049=VERTEX_POINT('',#12019);
#5050=VERTEX_POINT('',#12021);
#5051=VERTEX_POINT('',#12026);
#5052=VERTEX_POINT('',#12033);
#5053=VERTEX_POINT('',#12037);
#5054=VERTEX_POINT('',#12038);
#5055=VERTEX_POINT('',#12040);
#5056=VERTEX_POINT('',#12042);
#5057=VERTEX_POINT('',#12044);
#5058=VERTEX_POINT('',#12046);
#5059=VERTEX_POINT('',#12048);
#5060=VERTEX_POINT('',#12050);
#5061=VERTEX_POINT('',#12052);
#5062=VERTEX_POINT('',#12054);
#5063=VERTEX_POINT('',#12056);
#5064=VERTEX_POINT('',#12058);
#5065=VERTEX_POINT('',#12060);
#5066=VERTEX_POINT('',#12065);
#5067=VERTEX_POINT('',#12067);
#5068=VERTEX_POINT('',#12069);
#5069=VERTEX_POINT('',#12071);
#5070=VERTEX_POINT('',#12073);
#5071=VERTEX_POINT('',#12075);
#5072=VERTEX_POINT('',#12080);
#5073=VERTEX_POINT('',#12084);
#5074=VERTEX_POINT('',#12085);
#5075=VERTEX_POINT('',#12087);
#5076=VERTEX_POINT('',#12089);
#5077=VERTEX_POINT('',#12093);
#5078=VERTEX_POINT('',#12095);
#5079=VERTEX_POINT('',#12114);
#5080=VERTEX_POINT('',#12115);
#5081=VERTEX_POINT('',#12117);
#5082=VERTEX_POINT('',#12119);
#5083=VERTEX_POINT('',#12123);
#5084=VERTEX_POINT('',#12124);
#5085=VERTEX_POINT('',#12126);
#5086=VERTEX_POINT('',#12128);
#5087=VERTEX_POINT('',#12130);
#5088=VERTEX_POINT('',#12132);
#5089=VERTEX_POINT('',#12134);
#5090=VERTEX_POINT('',#12136);
#5091=VERTEX_POINT('',#12138);
#5092=VERTEX_POINT('',#12140);
#5093=VERTEX_POINT('',#12142);
#5094=VERTEX_POINT('',#12146);
#5095=VERTEX_POINT('',#12150);
#5096=VERTEX_POINT('',#12151);
#5097=VERTEX_POINT('',#12154);
#5098=VERTEX_POINT('',#12156);
#5099=VERTEX_POINT('',#12158);
#5100=VERTEX_POINT('',#12160);
#5101=VERTEX_POINT('',#12164);
#5102=VERTEX_POINT('',#12169);
#5103=VERTEX_POINT('',#12179);
#5104=VERTEX_POINT('',#12180);
#5105=VERTEX_POINT('',#12184);
#5106=VERTEX_POINT('',#12189);
#5107=VERTEX_POINT('',#12193);
#5108=VERTEX_POINT('',#12195);
#5109=VERTEX_POINT('',#12197);
#5110=VERTEX_POINT('',#12199);
#5111=VERTEX_POINT('',#12201);
#5112=VERTEX_POINT('',#12203);
#5113=VERTEX_POINT('',#12205);
#5114=VERTEX_POINT('',#12207);
#5115=VERTEX_POINT('',#12209);
#5116=VERTEX_POINT('',#12213);
#5117=VERTEX_POINT('',#12215);
#5118=VERTEX_POINT('',#12219);
#5119=VERTEX_POINT('',#12223);
#5120=VERTEX_POINT('',#12225);
#5121=VERTEX_POINT('',#12227);
#5122=VERTEX_POINT('',#12233);
#5123=VERTEX_POINT('',#12235);
#5124=VERTEX_POINT('',#12238);
#5125=VERTEX_POINT('',#12240);
#5126=VERTEX_POINT('',#12242);
#5127=VERTEX_POINT('',#12246);
#5128=VERTEX_POINT('',#12247);
#5129=VERTEX_POINT('',#12249);
#5130=VERTEX_POINT('',#12251);
#5131=VERTEX_POINT('',#12253);
#5132=VERTEX_POINT('',#12255);
#5133=VERTEX_POINT('',#12259);
#5134=VERTEX_POINT('',#12261);
#5135=VERTEX_POINT('',#12263);
#5136=VERTEX_POINT('',#12265);
#5137=VERTEX_POINT('',#12270);
#5138=VERTEX_POINT('',#12272);
#5139=VERTEX_POINT('',#12276);
#5140=VERTEX_POINT('',#12277);
#5141=VERTEX_POINT('',#12279);
#5142=VERTEX_POINT('',#12281);
#5143=VERTEX_POINT('',#12285);
#5144=VERTEX_POINT('',#12286);
#5145=VERTEX_POINT('',#12288);
#5146=VERTEX_POINT('',#12291);
#5147=VERTEX_POINT('',#12295);
#5148=VERTEX_POINT('',#12296);
#5149=VERTEX_POINT('',#12304);
#5150=VERTEX_POINT('',#12306);
#5151=VERTEX_POINT('',#12313);
#5152=VERTEX_POINT('',#12314);
#5153=VERTEX_POINT('',#12316);
#5154=VERTEX_POINT('',#12321);
#5155=VERTEX_POINT('',#12325);
#5156=VERTEX_POINT('',#12330);
#5157=VERTEX_POINT('',#12334);
#5158=VERTEX_POINT('',#12335);
#5159=VERTEX_POINT('',#12337);
#5160=VERTEX_POINT('',#12339);
#5161=VERTEX_POINT('',#12341);
#5162=VERTEX_POINT('',#12343);
#5163=VERTEX_POINT('',#12347);
#5164=VERTEX_POINT('',#12348);
#5165=VERTEX_POINT('',#12353);
#5166=VERTEX_POINT('',#12355);
#5167=VERTEX_POINT('',#12357);
#5168=VERTEX_POINT('',#12359);
#5169=VERTEX_POINT('',#12361);
#5170=VERTEX_POINT('',#12363);
#5171=VERTEX_POINT('',#12368);
#5172=VERTEX_POINT('',#12371);
#5173=VERTEX_POINT('',#12373);
#5174=VERTEX_POINT('',#12377);
#5175=VERTEX_POINT('',#12378);
#5176=VERTEX_POINT('',#12380);
#5177=VERTEX_POINT('',#12383);
#5178=VERTEX_POINT('',#12388);
#5179=VERTEX_POINT('',#12390);
#5180=VERTEX_POINT('',#12392);
#5181=VERTEX_POINT('',#12394);
#5182=VERTEX_POINT('',#12398);
#5183=VERTEX_POINT('',#12400);
#5184=VERTEX_POINT('',#12402);
#5185=VERTEX_POINT('',#12404);
#5186=VERTEX_POINT('',#12409);
#5187=VERTEX_POINT('',#12413);
#5188=VERTEX_POINT('',#12415);
#5189=VERTEX_POINT('',#12437);
#5190=VERTEX_POINT('',#12439);
#5191=VERTEX_POINT('',#12450);
#5192=VERTEX_POINT('',#12452);
#5193=VERTEX_POINT('',#12460);
#5194=VERTEX_POINT('',#12462);
#5195=VERTEX_POINT('',#12473);
#5196=VERTEX_POINT('',#12477);
#5197=VERTEX_POINT('',#12478);
#5198=VERTEX_POINT('',#12480);
#5199=VERTEX_POINT('',#12482);
#5200=VERTEX_POINT('',#12484);
#5201=VERTEX_POINT('',#12486);
#5202=VERTEX_POINT('',#12584);
#5203=VERTEX_POINT('',#12587);
#5204=VERTEX_POINT('',#12588);
#5205=VERTEX_POINT('',#12590);
#5206=VERTEX_POINT('',#12592);
#5207=VERTEX_POINT('',#12596);
#5208=VERTEX_POINT('',#12598);
#5209=VERTEX_POINT('',#12600);
#5210=VERTEX_POINT('',#12604);
#5211=VERTEX_POINT('',#12606);
#5212=VERTEX_POINT('',#12674);
#5213=VERTEX_POINT('',#12677);
#5214=VERTEX_POINT('',#12678);
#5215=VERTEX_POINT('',#12680);
#5216=VERTEX_POINT('',#12682);
#5217=VERTEX_POINT('',#12686);
#5218=VERTEX_POINT('',#12687);
#5219=VERTEX_POINT('',#12689);
#5220=VERTEX_POINT('',#12691);
#5221=VERTEX_POINT('',#12693);
#5222=VERTEX_POINT('',#12696);
#5223=VERTEX_POINT('',#12752);
#5224=VERTEX_POINT('',#12759);
#5225=VERTEX_POINT('',#12762);
#5226=VERTEX_POINT('',#12766);
#5227=VERTEX_POINT('',#12769);
#5228=VERTEX_POINT('',#12775);
#5229=VERTEX_POINT('',#12783);
#5230=VERTEX_POINT('',#12788);
#5231=VERTEX_POINT('',#12948);
#5232=VERTEX_POINT('',#12953);
#5233=VERTEX_POINT('',#12966);
#5234=VERTEX_POINT('',#12969);
#5235=VERTEX_POINT('',#12986);
#5236=VERTEX_POINT('',#12987);
#5237=VERTEX_POINT('',#13026);
#5238=VERTEX_POINT('',#13027);
#5239=VERTEX_POINT('',#13032);
#5240=VERTEX_POINT('',#13037);
#5241=VERTEX_POINT('',#13081);
#5242=VERTEX_POINT('',#13083);
#5243=VERTEX_POINT('',#13086);
#5244=VERTEX_POINT('',#13097);
#5245=VERTEX_POINT('',#13099);
#5246=VERTEX_POINT('',#13102);
#5247=VERTEX_POINT('',#13111);
#5248=VERTEX_POINT('',#13112);
#5249=VERTEX_POINT('',#13114);
#5250=VERTEX_POINT('',#13117);
#5251=VERTEX_POINT('',#13118);
#5252=VERTEX_POINT('',#13121);
#5253=VERTEX_POINT('',#13123);
#5254=VERTEX_POINT('',#13126);
#5255=VERTEX_POINT('',#13128);
#5256=VERTEX_POINT('',#13131);
#5257=VERTEX_POINT('',#13134);
#5258=VERTEX_POINT('',#13141);
#5259=VERTEX_POINT('',#13142);
#5260=VERTEX_POINT('',#13144);
#5261=VERTEX_POINT('',#13147);
#5262=VERTEX_POINT('',#13152);
#5263=VERTEX_POINT('',#13164);
#5264=VERTEX_POINT('',#13166);
#5265=VERTEX_POINT('',#13168);
#5266=VERTEX_POINT('',#13176);
#5267=VERTEX_POINT('',#13181);
#5268=VERTEX_POINT('',#13218);
#5269=VERTEX_POINT('',#13230);
#5270=VERTEX_POINT('',#13259);
#5271=VERTEX_POINT('',#13261);
#5272=VERTEX_POINT('',#13264);
#5273=VERTEX_POINT('',#13276);
#5274=VERTEX_POINT('',#13462);
#5275=VERTEX_POINT('',#13463);
#5276=VERTEX_POINT('',#13465);
#5277=VERTEX_POINT('',#13468);
#5278=VERTEX_POINT('',#13473);
#5279=VERTEX_POINT('',#13474);
#5280=VERTEX_POINT('',#13476);
#5281=VERTEX_POINT('',#13479);
#5282=VERTEX_POINT('',#13483);
#5283=VERTEX_POINT('',#13484);
#5284=VERTEX_POINT('',#13486);
#5285=VERTEX_POINT('',#13494);
#5286=VERTEX_POINT('',#13495);
#5287=VERTEX_POINT('',#13497);
#5288=VERTEX_POINT('',#13503);
#5289=VERTEX_POINT('',#13504);
#5290=VERTEX_POINT('',#13506);
#5291=VERTEX_POINT('',#13511);
#5292=VERTEX_POINT('',#13512);
#5293=VERTEX_POINT('',#13514);
#5294=VERTEX_POINT('',#13516);
#5295=VERTEX_POINT('',#13522);
#5296=VERTEX_POINT('',#13523);
#5297=VERTEX_POINT('',#13525);
#5298=VERTEX_POINT('',#13531);
#5299=VERTEX_POINT('',#13532);
#5300=VERTEX_POINT('',#13534);
#5301=VERTEX_POINT('',#13654);
#5302=VERTEX_POINT('',#13656);
#5303=VERTEX_POINT('',#13658);
#5304=VERTEX_POINT('',#13660);
#5305=VERTEX_POINT('',#13663);
#5306=VERTEX_POINT('',#13665);
#5307=VERTEX_POINT('',#13667);
#5308=VERTEX_POINT('',#13670);
#5309=VERTEX_POINT('',#13673);
#5310=VERTEX_POINT('',#13675);
#5311=VERTEX_POINT('',#13678);
#5312=VERTEX_POINT('',#13682);
#5313=VERTEX_POINT('',#13684);
#5314=VERTEX_POINT('',#13688);
#5315=VERTEX_POINT('',#13693);
#5316=VERTEX_POINT('',#13695);
#5317=VERTEX_POINT('',#13697);
#5318=VERTEX_POINT('',#13699);
#5319=VERTEX_POINT('',#13704);
#5320=VERTEX_POINT('',#13706);
#5321=VERTEX_POINT('',#13708);
#5322=VERTEX_POINT('',#13710);
#5323=VERTEX_POINT('',#13715);
#5324=VERTEX_POINT('',#13716);
#5325=VERTEX_POINT('',#13718);
#5326=VERTEX_POINT('',#13723);
#5327=VERTEX_POINT('',#13725);
#5328=VERTEX_POINT('',#13729);
#5329=VERTEX_POINT('',#13731);
#5330=VERTEX_POINT('',#13733);
#5331=VERTEX_POINT('',#13735);
#5332=VERTEX_POINT('',#13737);
#5333=VERTEX_POINT('',#13739);
#5334=VERTEX_POINT('',#13748);
#5335=VERTEX_POINT('',#13750);
#5336=VERTEX_POINT('',#13752);
#5337=VERTEX_POINT('',#13754);
#5338=VERTEX_POINT('',#13756);
#5339=VERTEX_POINT('',#13759);
#5340=VERTEX_POINT('',#13761);
#5341=VERTEX_POINT('',#13765);
#5342=VERTEX_POINT('',#13766);
#5343=VERTEX_POINT('',#13772);
#5344=VERTEX_POINT('',#13783);
#5345=VERTEX_POINT('',#13785);
#5346=VERTEX_POINT('',#13789);
#5347=VERTEX_POINT('',#13792);
#5348=VERTEX_POINT('',#13794);
#5349=VERTEX_POINT('',#13796);
#5350=VERTEX_POINT('',#13798);
#5351=VERTEX_POINT('',#13800);
#5352=VERTEX_POINT('',#13804);
#5353=VERTEX_POINT('',#13813);
#5354=VERTEX_POINT('',#13815);
#5355=VERTEX_POINT('',#13822);
#5356=VERTEX_POINT('',#13823);
#5357=VERTEX_POINT('',#13826);
#5358=VERTEX_POINT('',#13830);
#5359=VERTEX_POINT('',#13831);
#5360=VERTEX_POINT('',#13851);
#5361=VERTEX_POINT('',#13853);
#5362=VERTEX_POINT('',#13855);
#5363=VERTEX_POINT('',#13865);
#5364=VERTEX_POINT('',#13870);
#5365=VERTEX_POINT('',#13876);
#5366=VERTEX_POINT('',#13877);
#5367=VERTEX_POINT('',#13891);
#5368=VERTEX_POINT('',#13892);
#5369=VERTEX_POINT('',#13912);
#5370=VERTEX_POINT('',#13935);
#5371=VERTEX_POINT('',#13939);
#5372=VERTEX_POINT('',#13980);
#5373=VERTEX_POINT('',#13982);
#5374=VERTEX_POINT('',#13986);
#5375=VERTEX_POINT('',#13988);
#5376=VERTEX_POINT('',#13990);
#5377=VERTEX_POINT('',#13992);
#5378=VERTEX_POINT('',#13996);
#5379=VERTEX_POINT('',#13998);
#5380=VERTEX_POINT('',#14000);
#5381=VERTEX_POINT('',#14002);
#5382=VERTEX_POINT('',#14021);
#5383=VERTEX_POINT('',#14023);
#5384=VERTEX_POINT('',#14027);
#5385=VERTEX_POINT('',#14029);
#5386=VERTEX_POINT('',#14031);
#5387=VERTEX_POINT('',#14033);
#5388=VERTEX_POINT('',#14037);
#5389=VERTEX_POINT('',#14039);
#5390=VERTEX_POINT('',#14041);
#5391=VERTEX_POINT('',#14043);
#5392=VERTEX_POINT('',#14059);
#5393=VERTEX_POINT('',#14060);
#5394=VERTEX_POINT('',#14062);
#5395=VERTEX_POINT('',#14064);
#5396=VERTEX_POINT('',#14068);
#5397=VERTEX_POINT('',#14070);
#5398=VERTEX_POINT('',#14074);
#5399=VERTEX_POINT('',#14075);
#5400=VERTEX_POINT('',#14077);
#5401=VERTEX_POINT('',#14079);
#5402=VERTEX_POINT('',#14086);
#5403=VERTEX_POINT('',#14087);
#5404=VERTEX_POINT('',#14089);
#5405=VERTEX_POINT('',#14091);
#5406=VERTEX_POINT('',#14095);
#5407=VERTEX_POINT('',#14097);
#5408=VERTEX_POINT('',#14101);
#5409=VERTEX_POINT('',#14102);
#5410=VERTEX_POINT('',#14104);
#5411=VERTEX_POINT('',#14106);
#5412=VERTEX_POINT('',#14114);
#5413=VERTEX_POINT('',#14116);
#5414=VERTEX_POINT('',#14120);
#5415=VERTEX_POINT('',#14124);
#5416=VERTEX_POINT('',#14128);
#5417=VERTEX_POINT('',#14132);
#5418=VERTEX_POINT('',#14136);
#5419=VERTEX_POINT('',#14140);
#5420=VERTEX_POINT('',#14144);
#5421=VERTEX_POINT('',#14148);
#5422=VERTEX_POINT('',#14165);
#5423=VERTEX_POINT('',#14168);
#5424=VERTEX_POINT('',#14198);
#5425=VERTEX_POINT('',#14200);
#5426=VERTEX_POINT('',#14201);
#5427=VERTEX_POINT('',#14205);
#5428=VERTEX_POINT('',#14207);
#5429=VERTEX_POINT('',#14210);
#5430=VERTEX_POINT('',#14212);
#5431=VERTEX_POINT('',#14215);
#5432=VERTEX_POINT('',#14221);
#5433=VERTEX_POINT('',#14223);
#5434=VERTEX_POINT('',#14229);
#5435=VERTEX_POINT('',#14231);
#5436=VERTEX_POINT('',#14240);
#5437=VERTEX_POINT('',#14400);
#5438=VERTEX_POINT('',#14402);
#5439=VERTEX_POINT('',#14449);
#5440=VERTEX_POINT('',#14453);
#5441=VERTEX_POINT('',#14457);
#5442=VERTEX_POINT('',#14459);
#5443=VERTEX_POINT('',#14461);
#5444=VERTEX_POINT('',#14467);
#5445=VERTEX_POINT('',#14469);
#5446=VERTEX_POINT('',#14472);
#5447=VERTEX_POINT('',#14474);
#5448=VERTEX_POINT('',#14477);
#5449=VERTEX_POINT('',#14481);
#5450=VERTEX_POINT('',#14483);
#5451=VERTEX_POINT('',#14487);
#5452=VERTEX_POINT('',#14489);
#5453=VERTEX_POINT('',#14492);
#5454=VERTEX_POINT('',#14496);
#5455=VERTEX_POINT('',#14498);
#5456=VERTEX_POINT('',#14501);
#5457=VERTEX_POINT('',#14506);
#5458=VERTEX_POINT('',#14508);
#5459=VERTEX_POINT('',#14511);
#5460=VERTEX_POINT('',#14517);
#5461=VERTEX_POINT('',#14522);
#5462=VERTEX_POINT('',#14530);
#5463=VERTEX_POINT('',#14543);
#5464=VERTEX_POINT('',#14545);
#5465=VERTEX_POINT('',#14549);
#5466=VERTEX_POINT('',#14551);
#5467=VERTEX_POINT('',#14558);
#5468=VERTEX_POINT('',#14562);
#5469=VERTEX_POINT('',#14566);
#5470=VERTEX_POINT('',#14570);
#5471=VERTEX_POINT('',#14580);
#5472=VERTEX_POINT('',#14581);
#5473=VERTEX_POINT('',#14583);
#5474=VERTEX_POINT('',#14591);
#5475=VERTEX_POINT('',#14603);
#5476=VERTEX_POINT('',#14604);
#5477=VERTEX_POINT('',#14606);
#5478=VERTEX_POINT('',#14614);
#5479=VERTEX_POINT('',#14618);
#5480=VERTEX_POINT('',#14622);
#5481=VERTEX_POINT('',#14725);
#5482=VERTEX_POINT('',#14727);
#5483=VERTEX_POINT('',#14731);
#5484=VERTEX_POINT('',#14733);
#5485=VERTEX_POINT('',#14737);
#5486=VERTEX_POINT('',#14740);
#5487=VERTEX_POINT('',#14743);
#5488=VERTEX_POINT('',#14745);
#5489=VERTEX_POINT('',#14749);
#5490=VERTEX_POINT('',#14751);
#5491=VERTEX_POINT('',#14766);
#5492=VERTEX_POINT('',#14768);
#5493=VERTEX_POINT('',#14772);
#5494=VERTEX_POINT('',#14802);
#5495=VERTEX_POINT('',#14804);
#5496=VERTEX_POINT('',#14808);
#5497=VERTEX_POINT('',#14815);
#5498=VERTEX_POINT('',#14817);
#5499=VERTEX_POINT('',#14821);
#5500=VERTEX_POINT('',#14833);
#5501=VERTEX_POINT('',#14835);
#5502=VERTEX_POINT('',#14839);
#5503=VERTEX_POINT('',#14850);
#5504=VERTEX_POINT('',#14852);
#5505=VERTEX_POINT('',#14856);
#5506=VERTEX_POINT('',#14863);
#5507=VERTEX_POINT('',#14865);
#5508=VERTEX_POINT('',#14869);
#5509=VERTEX_POINT('',#14876);
#5510=VERTEX_POINT('',#14878);
#5511=VERTEX_POINT('',#14882);
#5512=VERTEX_POINT('',#14886);
#5513=VERTEX_POINT('',#14888);
#5514=VERTEX_POINT('',#14890);
#5515=VERTEX_POINT('',#14892);
#5516=VERTEX_POINT('',#14894);
#5517=VERTEX_POINT('',#14896);
#5518=VERTEX_POINT('',#14901);
#5519=VERTEX_POINT('',#14903);
#5520=VERTEX_POINT('',#14907);
#5521=VERTEX_POINT('',#14911);
#5522=VERTEX_POINT('',#14913);
#5523=VERTEX_POINT('',#14915);
#5524=VERTEX_POINT('',#14917);
#5525=VERTEX_POINT('',#14919);
#5526=VERTEX_POINT('',#14921);
#5527=VERTEX_POINT('',#14946);
#5528=VERTEX_POINT('',#14950);
#5529=VERTEX_POINT('',#14957);
#5530=VERTEX_POINT('',#14959);
#5531=VERTEX_POINT('',#14962);
#5532=VERTEX_POINT('',#14964);
#5533=VERTEX_POINT('',#14966);
#5534=VERTEX_POINT('',#14967);
#5535=VERTEX_POINT('',#14969);
#5536=VERTEX_POINT('',#14971);
#5537=VERTEX_POINT('',#14975);
#5538=VERTEX_POINT('',#14977);
#5539=VERTEX_POINT('',#14979);
#5540=VERTEX_POINT('',#14983);
#5541=VERTEX_POINT('',#14985);
#5542=VERTEX_POINT('',#14989);
#5543=VERTEX_POINT('',#14996);
#5544=VERTEX_POINT('',#14999);
#5545=VERTEX_POINT('',#15002);
#5546=VERTEX_POINT('',#15005);
#5547=EDGE_CURVE('',#4746,#4747,#6725,.T.);
#5548=EDGE_CURVE('',#4748,#4747,#6726,.T.);
#5549=EDGE_CURVE('',#4748,#4749,#6727,.T.);
#5550=EDGE_CURVE('',#4750,#4749,#6728,.T.);
#5551=EDGE_CURVE('',#4751,#4750,#6729,.T.);
#5552=EDGE_CURVE('',#4752,#4751,#6730,.T.);
#5553=EDGE_CURVE('',#4753,#4752,#6731,.T.);
#5554=EDGE_CURVE('',#4746,#4753,#6732,.T.);
#5555=EDGE_CURVE('',#4754,#4755,#6733,.T.);
#5556=EDGE_CURVE('',#4754,#4756,#6734,.T.);
#5557=EDGE_CURVE('',#4757,#4756,#6735,.T.);
#5558=EDGE_CURVE('',#4755,#4757,#6736,.T.);
#5559=EDGE_CURVE('',#4758,#4759,#6737,.T.);
#5560=EDGE_CURVE('',#4760,#4759,#6738,.T.);
#5561=EDGE_CURVE('',#4760,#4761,#609,.T.);
#5562=EDGE_CURVE('',#4762,#4761,#6739,.T.);
#5563=EDGE_CURVE('',#4762,#4763,#6740,.T.);
#5564=EDGE_CURVE('',#4764,#4763,#6741,.T.);
#5565=EDGE_CURVE('',#4765,#4764,#6742,.T.);
#5566=EDGE_CURVE('',#4758,#4765,#6743,.T.);
#5567=EDGE_CURVE('',#4766,#4766,#446,.T.);
#5568=EDGE_CURVE('',#4767,#4768,#6744,.T.);
#5569=EDGE_CURVE('',#4768,#4769,#6745,.T.);
#5570=EDGE_CURVE('',#4769,#4770,#6746,.T.);
#5571=EDGE_CURVE('',#4767,#4770,#6747,.T.);
#5572=EDGE_CURVE('',#4771,#4772,#6748,.T.);
#5573=EDGE_CURVE('',#4771,#4773,#6749,.T.);
#5574=EDGE_CURVE('',#4774,#4773,#6750,.T.);
#5575=EDGE_CURVE('',#4774,#4775,#447,.T.);
#5576=EDGE_CURVE('',#4775,#4776,#448,.T.);
#5577=EDGE_CURVE('',#4776,#4777,#449,.T.);
#5578=EDGE_CURVE('',#4778,#4777,#6751,.T.);
#5579=EDGE_CURVE('',#4778,#4779,#6752,.T.);
#5580=EDGE_CURVE('',#4779,#4780,#6753,.T.);
#5581=EDGE_CURVE('',#4781,#4780,#6754,.T.);
#5582=EDGE_CURVE('',#4782,#4781,#6755,.T.);
#5583=EDGE_CURVE('',#4782,#4783,#6756,.T.);
#5584=EDGE_CURVE('',#4772,#4783,#6757,.T.);
#5585=EDGE_CURVE('',#4784,#4784,#450,.T.);
#5586=EDGE_CURVE('',#4785,#4786,#215,.T.);
#5587=EDGE_CURVE('',#4785,#4787,#6758,.T.);
#5588=EDGE_CURVE('',#4788,#4787,#216,.T.);
#5589=EDGE_CURVE('',#4789,#4788,#217,.T.);
#5590=EDGE_CURVE('',#4790,#4789,#6759,.T.);
#5591=EDGE_CURVE('',#4790,#4791,#451,.T.);
#5592=EDGE_CURVE('',#4791,#4792,#6760,.T.);
#5593=EDGE_CURVE('',#4793,#4792,#218,.T.);
#5594=EDGE_CURVE('',#4794,#4793,#219,.T.);
#5595=EDGE_CURVE('',#4794,#4795,#6761,.T.);
#5596=EDGE_CURVE('',#4796,#4795,#220,.T.);
#5597=EDGE_CURVE('',#4796,#4797,#6762,.T.);
#5598=EDGE_CURVE('',#4797,#4798,#452,.T.);
#5599=EDGE_CURVE('',#4799,#4798,#6763,.T.);
#5600=EDGE_CURVE('',#4786,#4799,#221,.T.);
#5601=EDGE_CURVE('',#4800,#4800,#453,.T.);
#5602=EDGE_CURVE('',#4801,#4802,#222,.T.);
#5603=EDGE_CURVE('',#4801,#4803,#6764,.T.);
#5604=EDGE_CURVE('',#4804,#4803,#223,.T.);
#5605=EDGE_CURVE('',#4805,#4804,#224,.T.);
#5606=EDGE_CURVE('',#4806,#4805,#6765,.T.);
#5607=EDGE_CURVE('',#4806,#4807,#454,.T.);
#5608=EDGE_CURVE('',#4807,#4808,#6766,.T.);
#5609=EDGE_CURVE('',#4809,#4808,#225,.T.);
#5610=EDGE_CURVE('',#4810,#4809,#226,.T.);
#5611=EDGE_CURVE('',#4810,#4811,#6767,.T.);
#5612=EDGE_CURVE('',#4812,#4811,#227,.T.);
#5613=EDGE_CURVE('',#4812,#4813,#6768,.T.);
#5614=EDGE_CURVE('',#4813,#4814,#455,.T.);
#5615=EDGE_CURVE('',#4802,#4814,#6769,.T.);
#5616=EDGE_CURVE('',#4785,#4815,#6770,.T.);
#5617=EDGE_CURVE('',#4816,#4786,#6771,.T.);
#5618=EDGE_CURVE('',#4817,#4816,#228,.T.);
#5619=EDGE_CURVE('',#4818,#4817,#6772,.T.);
#5620=EDGE_CURVE('',#4819,#4818,#6773,.T.);
#5621=EDGE_CURVE('',#4820,#4819,#6774,.T.);
#5622=EDGE_CURVE('',#4820,#4821,#6775,.T.);
#5623=EDGE_CURVE('',#4822,#4821,#6776,.T.);
#5624=EDGE_CURVE('',#4823,#4822,#6777,.T.);
#5625=EDGE_CURVE('',#4824,#4823,#229,.T.);
#5626=EDGE_CURVE('',#4824,#4825,#6778,.T.);
#5627=EDGE_CURVE('',#4826,#4825,#6779,.T.);
#5628=EDGE_CURVE('',#4827,#4826,#6780,.T.);
#5629=EDGE_CURVE('',#4828,#4827,#230,.T.);
#5630=EDGE_CURVE('',#4815,#4828,#6781,.T.);
#5631=EDGE_CURVE('',#4829,#4795,#6782,.T.);
#5632=EDGE_CURVE('',#4829,#4830,#6783,.T.);
#5633=EDGE_CURVE('',#4830,#4831,#6784,.T.);
#5634=EDGE_CURVE('',#4831,#4832,#610,.T.);
#5635=EDGE_CURVE('',#4832,#4833,#6785,.T.);
#5636=EDGE_CURVE('',#4833,#4834,#611,.T.);
#5637=EDGE_CURVE('',#4834,#4835,#6786,.T.);
#5638=EDGE_CURVE('',#4835,#4836,#6787,.T.);
#5639=EDGE_CURVE('',#4836,#4837,#6788,.T.);
#5640=EDGE_CURVE('',#4816,#4837,#231,.T.);
#5641=EDGE_CURVE('',#4799,#4838,#6789,.T.);
#5642=EDGE_CURVE('',#4839,#4838,#6790,.T.);
#5643=EDGE_CURVE('',#4796,#4839,#6791,.T.);
#5644=EDGE_CURVE('',#4840,#4811,#6792,.T.);
#5645=EDGE_CURVE('',#4841,#4840,#6793,.T.);
#5646=EDGE_CURVE('',#4842,#4841,#232,.T.);
#5647=EDGE_CURVE('',#4842,#4843,#6794,.T.);
#5648=EDGE_CURVE('',#4844,#4843,#6795,.T.);
#5649=EDGE_CURVE('',#4845,#4844,#6796,.T.);
#5650=EDGE_CURVE('',#4845,#4846,#612,.T.);
#5651=EDGE_CURVE('',#4846,#4847,#6797,.T.);
#5652=EDGE_CURVE('',#4847,#4848,#6798,.T.);
#5653=EDGE_CURVE('',#4801,#4848,#6799,.T.);
#5654=EDGE_CURVE('',#4802,#4849,#6800,.T.);
#5655=EDGE_CURVE('',#4850,#4849,#6801,.T.);
#5656=EDGE_CURVE('',#4812,#4850,#6802,.T.);
#5657=EDGE_CURVE('',#4848,#4803,#6803,.T.);
#5658=EDGE_CURVE('',#4804,#4847,#6804,.T.);
#5659=EDGE_CURVE('',#4810,#4851,#6805,.T.);
#5660=EDGE_CURVE('',#4852,#4809,#6806,.T.);
#5661=EDGE_CURVE('',#4853,#4852,#6807,.T.);
#5662=EDGE_CURVE('',#4853,#4854,#6808,.T.);
#5663=EDGE_CURVE('',#4851,#4854,#6809,.T.);
#5664=EDGE_CURVE('',#4747,#4787,#6810,.T.);
#5665=EDGE_CURVE('',#4746,#4855,#6811,.T.);
#5666=EDGE_CURVE('',#4856,#4855,#6812,.T.);
#5667=EDGE_CURVE('',#4788,#4856,#6813,.T.);
#5668=EDGE_CURVE('',#4794,#4829,#6814,.T.);
#5669=EDGE_CURVE('',#4830,#4793,#6815,.T.);
#5670=EDGE_CURVE('',#4815,#4857,#6816,.T.);
#5671=EDGE_CURVE('',#4823,#4828,#233,.T.);
#5672=EDGE_CURVE('',#4822,#4858,#6817,.T.);
#5673=EDGE_CURVE('',#4859,#4858,#6818,.T.);
#5674=EDGE_CURVE('',#4860,#4859,#6819,.T.);
#5675=EDGE_CURVE('',#4860,#4750,#6820,.T.);
#5676=EDGE_CURVE('',#4861,#4749,#6821,.T.);
#5677=EDGE_CURVE('',#4857,#4861,#6822,.T.);
#5678=EDGE_CURVE('',#4857,#4840,#6823,.T.);
#5679=EDGE_CURVE('',#4862,#4861,#6824,.T.);
#5680=EDGE_CURVE('',#4862,#4863,#6825,.T.);
#5681=EDGE_CURVE('',#4863,#4860,#6826,.T.);
#5682=EDGE_CURVE('',#4859,#4864,#6827,.T.);
#5683=EDGE_CURVE('',#4841,#4864,#234,.T.);
#5684=EDGE_CURVE('',#4851,#4865,#6828,.T.);
#5685=EDGE_CURVE('',#4854,#4866,#6829,.T.);
#5686=EDGE_CURVE('',#4866,#4867,#6830,.T.);
#5687=EDGE_CURVE('',#4868,#4867,#6831,.T.);
#5688=EDGE_CURVE('',#4868,#4863,#6832,.T.);
#5689=EDGE_CURVE('',#4865,#4862,#6833,.T.);
#5690=EDGE_CURVE('',#4869,#4870,#6834,.T.);
#5691=EDGE_CURVE('',#4870,#4871,#6835,.T.);
#5692=EDGE_CURVE('',#4871,#4872,#6836,.T.);
#5693=EDGE_CURVE('',#4869,#4872,#6837,.T.);
#5694=EDGE_CURVE('',#4873,#4874,#6838,.T.);
#5695=EDGE_CURVE('',#4875,#4873,#6839,.T.);
#5696=EDGE_CURVE('',#4875,#4876,#6840,.T.);
#5697=EDGE_CURVE('',#4876,#4877,#6841,.T.);
#5698=EDGE_CURVE('',#4878,#4877,#6842,.T.);
#5699=EDGE_CURVE('',#4878,#4879,#6843,.T.);
#5700=EDGE_CURVE('',#4879,#4880,#456,.T.);
#5701=EDGE_CURVE('',#4880,#4881,#6844,.T.);
#5702=EDGE_CURVE('',#4882,#4881,#6845,.T.);
#5703=EDGE_CURVE('',#4882,#4874,#6846,.T.);
#5704=EDGE_CURVE('',#4883,#4884,#6847,.T.);
#5705=EDGE_CURVE('',#4883,#4874,#6848,.T.);
#5706=EDGE_CURVE('',#4885,#4882,#6849,.T.);
#5707=EDGE_CURVE('',#4885,#4886,#457,.T.);
#5708=EDGE_CURVE('',#4886,#4887,#6850,.T.);
#5709=EDGE_CURVE('',#4887,#4888,#458,.T.);
#5710=EDGE_CURVE('',#4889,#4888,#6851,.T.);
#5711=EDGE_CURVE('',#4889,#4856,#6852,.T.);
#5712=EDGE_CURVE('',#4855,#4890,#6853,.T.);
#5713=EDGE_CURVE('',#4891,#4890,#6854,.T.);
#5714=EDGE_CURVE('',#4891,#4892,#6855,.T.);
#5715=EDGE_CURVE('',#4884,#4892,#6856,.T.);
#5716=EDGE_CURVE('',#4893,#4771,#6857,.T.);
#5717=EDGE_CURVE('',#4894,#4893,#6858,.T.);
#5718=EDGE_CURVE('',#4773,#4894,#6859,.T.);
#5719=EDGE_CURVE('',#4895,#4896,#6860,.T.);
#5720=EDGE_CURVE('',#4895,#4897,#6861,.T.);
#5721=EDGE_CURVE('',#4898,#4897,#6862,.T.);
#5722=EDGE_CURVE('',#4898,#4899,#6863,.T.);
#5723=EDGE_CURVE('',#4900,#4899,#6864,.T.);
#5724=EDGE_CURVE('',#4853,#4900,#6865,.T.);
#5725=EDGE_CURVE('',#4852,#4901,#6866,.T.);
#5726=EDGE_CURVE('',#4901,#4902,#6867,.T.);
#5727=EDGE_CURVE('',#4902,#4903,#459,.T.);
#5728=EDGE_CURVE('',#4903,#4904,#6868,.T.);
#5729=EDGE_CURVE('',#4904,#4905,#460,.T.);
#5730=EDGE_CURVE('',#4906,#4905,#6869,.T.);
#5731=EDGE_CURVE('',#4907,#4906,#6870,.T.);
#5732=EDGE_CURVE('',#4908,#4907,#6871,.T.);
#5733=EDGE_CURVE('',#4908,#4909,#6872,.T.);
#5734=EDGE_CURVE('',#4910,#4909,#6873,.T.);
#5735=EDGE_CURVE('',#4910,#4896,#613,.T.);
#5736=EDGE_CURVE('',#4911,#4912,#461,.T.);
#5737=EDGE_CURVE('',#4912,#4911,#6874,.T.);
#5738=EDGE_CURVE('',#4754,#4759,#6875,.T.);
#5739=EDGE_CURVE('',#4758,#4913,#6876,.T.);
#5740=EDGE_CURVE('',#4914,#4913,#6877,.T.);
#5741=EDGE_CURVE('',#4914,#4915,#462,.T.);
#5742=EDGE_CURVE('',#4916,#4915,#6878,.T.);
#5743=EDGE_CURVE('',#4917,#4916,#6879,.T.);
#5744=EDGE_CURVE('',#4917,#4918,#6880,.T.);
#5745=EDGE_CURVE('',#4918,#4756,#6881,.T.);
#5746=EDGE_CURVE('',#4772,#4919,#6882,.T.);
#5747=EDGE_CURVE('',#4920,#4783,#6883,.T.);
#5748=EDGE_CURVE('',#4921,#4920,#6884,.T.);
#5749=EDGE_CURVE('',#4921,#4922,#6885,.T.);
#5750=EDGE_CURVE('',#4919,#4922,#6886,.T.);
#5751=EDGE_CURVE('',#4923,#4873,#6887,.T.);
#5752=EDGE_CURVE('',#4923,#4924,#6888,.T.);
#5753=EDGE_CURVE('',#4924,#4925,#6889,.T.);
#5754=EDGE_CURVE('',#4926,#4925,#6890,.T.);
#5755=EDGE_CURVE('',#4875,#4926,#6891,.T.);
#5756=EDGE_CURVE('',#4919,#4895,#6892,.T.);
#5757=EDGE_CURVE('',#4922,#4897,#6893,.T.);
#5758=EDGE_CURVE('',#4883,#4923,#6894,.T.);
#5759=EDGE_CURVE('',#4884,#4924,#6895,.T.);
#5760=EDGE_CURVE('',#4927,#4928,#6896,.T.);
#5761=EDGE_CURVE('',#4929,#4928,#6897,.T.);
#5762=EDGE_CURVE('',#4929,#4927,#6898,.T.);
#5763=EDGE_CURVE('',#4930,#4930,#463,.T.);
#5764=EDGE_CURVE('',#4931,#4931,#464,.T.);
#5765=EDGE_CURVE('',#4932,#4933,#6899,.T.);
#5766=EDGE_CURVE('',#4933,#4934,#6900,.T.);
#5767=EDGE_CURVE('',#4935,#4934,#465,.T.);
#5768=EDGE_CURVE('',#4935,#4936,#6901,.T.);
#5769=EDGE_CURVE('',#4936,#4937,#6902,.T.);
#5770=EDGE_CURVE('',#4937,#4938,#6903,.T.);
#5771=EDGE_CURVE('',#4939,#4938,#6904,.T.);
#5772=EDGE_CURVE('',#4939,#4940,#6905,.T.);
#5773=EDGE_CURVE('',#4940,#4941,#6906,.T.);
#5774=EDGE_CURVE('',#4942,#4941,#6907,.T.);
#5775=EDGE_CURVE('',#4943,#4942,#6908,.T.);
#5776=EDGE_CURVE('',#4944,#4943,#466,.T.);
#5777=EDGE_CURVE('',#4945,#4944,#6909,.T.);
#5778=EDGE_CURVE('',#4946,#4945,#467,.T.);
#5779=EDGE_CURVE('',#4947,#4946,#6910,.T.);
#5780=EDGE_CURVE('',#4947,#4948,#6911,.T.);
#5781=EDGE_CURVE('',#4948,#4949,#6912,.T.);
#5782=EDGE_CURVE('',#4950,#4949,#468,.T.);
#5783=EDGE_CURVE('',#4950,#4951,#6913,.T.);
#5784=EDGE_CURVE('',#4952,#4951,#469,.T.);
#5785=EDGE_CURVE('',#4952,#4953,#6914,.T.);
#5786=EDGE_CURVE('',#4954,#4953,#6915,.T.);
#5787=EDGE_CURVE('',#4955,#4954,#470,.T.);
#5788=EDGE_CURVE('',#4932,#4955,#6916,.T.);
#5789=EDGE_CURVE('',#4956,#4957,#6917,.T.);
#5790=EDGE_CURVE('',#4958,#4956,#6918,.T.);
#5791=EDGE_CURVE('',#4959,#4958,#6919,.T.);
#5792=EDGE_CURVE('',#4960,#4959,#6920,.T.);
#5793=EDGE_CURVE('',#4960,#4957,#6921,.T.);
#5794=EDGE_CURVE('',#4961,#4936,#6922,.T.);
#5795=EDGE_CURVE('',#4962,#4935,#6923,.T.);
#5796=EDGE_CURVE('',#4961,#4962,#6924,.T.);
#5797=EDGE_CURVE('',#4963,#4942,#6925,.T.);
#5798=EDGE_CURVE('',#4941,#4963,#6926,.T.);
#5799=EDGE_CURVE('',#4934,#4964,#6927,.T.);
#5800=EDGE_CURVE('',#4964,#4962,#235,.T.);
#5801=EDGE_CURVE('',#4957,#4965,#471,.T.);
#5802=EDGE_CURVE('',#4966,#4960,#6928,.T.);
#5803=EDGE_CURVE('',#4966,#4965,#6929,.T.);
#5804=EDGE_CURVE('',#4818,#4967,#6930,.T.);
#5805=EDGE_CURVE('',#4967,#4817,#236,.T.);
#5806=EDGE_CURVE('',#4968,#4969,#6931,.T.);
#5807=EDGE_CURVE('',#4969,#4970,#472,.T.);
#5808=EDGE_CURVE('',#4971,#4970,#6932,.T.);
#5809=EDGE_CURVE('',#4968,#4971,#6933,.T.);
#5810=EDGE_CURVE('',#4972,#4938,#6934,.T.);
#5811=EDGE_CURVE('',#4961,#4937,#6935,.T.);
#5812=EDGE_CURVE('',#4964,#4933,#6936,.T.);
#5813=EDGE_CURVE('',#4973,#4932,#6937,.T.);
#5814=EDGE_CURVE('',#4974,#4973,#237,.T.);
#5815=EDGE_CURVE('',#4974,#4975,#6938,.T.);
#5816=EDGE_CURVE('',#4975,#4976,#6939,.T.);
#5817=EDGE_CURVE('',#4976,#4958,#6940,.T.);
#5818=EDGE_CURVE('',#4977,#4956,#238,.T.);
#5819=EDGE_CURVE('',#4978,#4977,#6941,.T.);
#5820=EDGE_CURVE('',#4978,#4979,#6942,.T.);
#5821=EDGE_CURVE('',#4979,#4980,#6943,.T.);
#5822=EDGE_CURVE('',#4980,#4844,#6944,.T.);
#5823=EDGE_CURVE('',#4843,#4963,#6945,.T.);
#5824=EDGE_CURVE('',#4940,#4972,#6946,.T.);
#5825=EDGE_CURVE('',#4972,#4939,#6947,.T.);
#5826=EDGE_CURVE('',#4751,#4981,#6948,.T.);
#5827=EDGE_CURVE('',#4981,#4982,#6949,.T.);
#5828=EDGE_CURVE('',#4982,#4983,#6950,.T.);
#5829=EDGE_CURVE('',#4984,#4983,#6951,.T.);
#5830=EDGE_CURVE('',#4984,#4926,#6952,.T.);
#5831=EDGE_CURVE('',#4985,#4925,#6953,.T.);
#5832=EDGE_CURVE('',#4986,#4985,#6954,.T.);
#5833=EDGE_CURVE('',#4752,#4986,#6955,.T.);
#5834=EDGE_CURVE('',#4987,#4988,#6956,.T.);
#5835=EDGE_CURVE('',#4981,#4987,#6957,.T.);
#5836=EDGE_CURVE('',#4989,#4868,#6958,.T.);
#5837=EDGE_CURVE('',#4989,#4990,#6959,.T.);
#5838=EDGE_CURVE('',#4991,#4990,#6960,.T.);
#5839=EDGE_CURVE('',#4992,#4991,#6961,.T.);
#5840=EDGE_CURVE('',#4993,#4992,#6962,.T.);
#5841=EDGE_CURVE('',#4993,#4994,#473,.T.);
#5842=EDGE_CURVE('',#4994,#4995,#6963,.T.);
#5843=EDGE_CURVE('',#4995,#4996,#474,.T.);
#5844=EDGE_CURVE('',#4997,#4996,#6964,.T.);
#5845=EDGE_CURVE('',#4997,#4998,#475,.T.);
#5846=EDGE_CURVE('',#4999,#4998,#6965,.T.);
#5847=EDGE_CURVE('',#4999,#5000,#476,.T.);
#5848=EDGE_CURVE('',#5001,#5000,#6966,.T.);
#5849=EDGE_CURVE('',#5001,#5002,#6967,.T.);
#5850=EDGE_CURVE('',#5003,#5002,#6968,.T.);
#5851=EDGE_CURVE('',#4988,#5003,#477,.T.);
#5852=EDGE_CURVE('',#5004,#5004,#478,.T.);
#5853=EDGE_CURVE('',#4905,#4885,#6969,.T.);
#5854=EDGE_CURVE('',#4881,#4913,#6970,.T.);
#5855=EDGE_CURVE('',#4765,#4906,#6971,.T.);
#5856=EDGE_CURVE('',#4911,#5005,#6972,.T.);
#5857=EDGE_CURVE('',#5006,#5005,#479,.T.);
#5858=EDGE_CURVE('',#5006,#5007,#6973,.T.);
#5859=EDGE_CURVE('',#5008,#5007,#480,.T.);
#5860=EDGE_CURVE('',#5008,#5009,#6974,.T.);
#5861=EDGE_CURVE('',#5010,#5009,#481,.T.);
#5862=EDGE_CURVE('',#5010,#4912,#6975,.T.);
#5863=EDGE_CURVE('',#5011,#4988,#6976,.T.);
#5864=EDGE_CURVE('',#5011,#5012,#6977,.T.);
#5865=EDGE_CURVE('',#4987,#5012,#6978,.T.);
#5866=EDGE_CURVE('',#4917,#4877,#6979,.T.);
#5867=EDGE_CURVE('',#4876,#5013,#6980,.T.);
#5868=EDGE_CURVE('',#5013,#5014,#6981,.T.);
#5869=EDGE_CURVE('',#5014,#5015,#6982,.T.);
#5870=EDGE_CURVE('',#5016,#5015,#6983,.T.);
#5871=EDGE_CURVE('',#5016,#4918,#6984,.T.);
#5872=EDGE_CURVE('',#5009,#5006,#482,.T.);
#5873=EDGE_CURVE('',#5017,#5008,#483,.T.);
#5874=EDGE_CURVE('',#5018,#5017,#6985,.T.);
#5875=EDGE_CURVE('',#5019,#5018,#484,.T.);
#5876=EDGE_CURVE('',#5019,#5020,#6986,.T.);
#5877=EDGE_CURVE('',#5020,#5021,#485,.T.);
#5878=EDGE_CURVE('',#5022,#5021,#6987,.T.);
#5879=EDGE_CURVE('',#5007,#5022,#486,.T.);
#5880=EDGE_CURVE('',#4880,#4914,#6988,.T.);
#5881=EDGE_CURVE('',#4879,#4915,#6989,.T.);
#5882=EDGE_CURVE('',#5023,#5024,#6990,.T.);
#5883=EDGE_CURVE('',#5025,#5023,#487,.T.);
#5884=EDGE_CURVE('',#5025,#5026,#6991,.T.);
#5885=EDGE_CURVE('',#5027,#5026,#488,.T.);
#5886=EDGE_CURVE('',#5028,#5027,#6992,.T.);
#5887=EDGE_CURVE('',#5028,#5029,#6993,.T.);
#5888=EDGE_CURVE('',#5030,#5029,#6994,.T.);
#5889=EDGE_CURVE('',#5031,#5030,#614,.T.);
#5890=EDGE_CURVE('',#5032,#5031,#615,.T.);
#5891=EDGE_CURVE('',#5033,#5032,#489,.T.);
#5892=EDGE_CURVE('',#5034,#5033,#616,.T.);
#5893=EDGE_CURVE('',#5034,#5035,#617,.T.);
#5894=EDGE_CURVE('',#5035,#5036,#6995,.T.);
#5895=EDGE_CURVE('',#5037,#5036,#6996,.T.);
#5896=EDGE_CURVE('',#5037,#5024,#6997,.T.);
#5897=EDGE_CURVE('',#5038,#5039,#6998,.T.);
#5898=EDGE_CURVE('',#5039,#5040,#6999,.T.);
#5899=EDGE_CURVE('',#5040,#5041,#7000,.T.);
#5900=EDGE_CURVE('',#5042,#5041,#7001,.T.);
#5901=EDGE_CURVE('',#5042,#5038,#7002,.T.);
#5902=EDGE_CURVE('',#5043,#5044,#7003,.T.);
#5903=EDGE_CURVE('',#5044,#5045,#7004,.T.);
#5904=EDGE_CURVE('',#5045,#5046,#7005,.T.);
#5905=EDGE_CURVE('',#5046,#5047,#7006,.T.);
#5906=EDGE_CURVE('',#5043,#5047,#7007,.T.);
#5907=EDGE_CURVE('',#5048,#5049,#7008,.T.);
#5908=EDGE_CURVE('',#5050,#5048,#7009,.T.);
#5909=EDGE_CURVE('',#5050,#5049,#7010,.T.);
#5910=EDGE_CURVE('',#5048,#4953,#7011,.T.);
#5911=EDGE_CURVE('',#4952,#5051,#7012,.T.);
#5912=EDGE_CURVE('',#5051,#5050,#7013,.T.);
#5913=EDGE_CURVE('',#4943,#4842,#7014,.T.);
#5914=EDGE_CURVE('',#4955,#4973,#7015,.T.);
#5915=EDGE_CURVE('',#5052,#4954,#7016,.T.);
#5916=EDGE_CURVE('',#5052,#4974,#239,.T.);
#5917=EDGE_CURVE('',#5053,#5054,#7017,.T.);
#5918=EDGE_CURVE('',#5054,#5055,#7018,.T.);
#5919=EDGE_CURVE('',#5055,#5056,#490,.T.);
#5920=EDGE_CURVE('',#5057,#5056,#7019,.T.);
#5921=EDGE_CURVE('',#5057,#5058,#7020,.T.);
#5922=EDGE_CURVE('',#5059,#5058,#7021,.T.);
#5923=EDGE_CURVE('',#5060,#5059,#7022,.T.);
#5924=EDGE_CURVE('',#5061,#5060,#7023,.T.);
#5925=EDGE_CURVE('',#5061,#5062,#491,.T.);
#5926=EDGE_CURVE('',#5062,#5063,#7024,.T.);
#5927=EDGE_CURVE('',#5064,#5063,#7025,.T.);
#5928=EDGE_CURVE('',#5064,#5065,#7026,.T.);
#5929=EDGE_CURVE('',#5066,#5065,#618,.T.);
#5930=EDGE_CURVE('',#5066,#5067,#7027,.T.);
#5931=EDGE_CURVE('',#5067,#5068,#7028,.T.);
#5932=EDGE_CURVE('',#5068,#5069,#7029,.T.);
#5933=EDGE_CURVE('',#5069,#5070,#7030,.T.);
#5934=EDGE_CURVE('',#5070,#5071,#7031,.T.);
#5935=EDGE_CURVE('',#5072,#5071,#619,.T.);
#5936=EDGE_CURVE('',#5072,#5053,#7032,.T.);
#5937=EDGE_CURVE('',#5073,#5074,#7033,.T.);
#5938=EDGE_CURVE('',#5075,#5074,#7034,.T.);
#5939=EDGE_CURVE('',#5075,#5076,#7035,.T.);
#5940=EDGE_CURVE('',#5073,#5076,#7036,.T.);
#5941=EDGE_CURVE('',#5077,#5073,#7037,.T.);
#5942=EDGE_CURVE('',#5077,#5078,#7038,.T.);
#5943=EDGE_CURVE('',#5078,#5074,#620,.T.);
#5944=EDGE_CURVE('',#5079,#5080,#7039,.T.);
#5945=EDGE_CURVE('',#5079,#5081,#240,.T.);
#5946=EDGE_CURVE('',#5082,#5081,#7040,.T.);
#5947=EDGE_CURVE('',#5082,#5080,#7041,.T.);
#5948=EDGE_CURVE('',#5083,#5084,#7042,.T.);
#5949=EDGE_CURVE('',#5083,#5085,#241,.T.);
#5950=EDGE_CURVE('',#5086,#5085,#7043,.T.);
#5951=EDGE_CURVE('',#5087,#5086,#7044,.T.);
#5952=EDGE_CURVE('',#5088,#5087,#7045,.T.);
#5953=EDGE_CURVE('',#5089,#5088,#7046,.T.);
#5954=EDGE_CURVE('',#5089,#5090,#7047,.T.);
#5955=EDGE_CURVE('',#5090,#5091,#7048,.T.);
#5956=EDGE_CURVE('',#5091,#5092,#7049,.T.);
#5957=EDGE_CURVE('',#5093,#5092,#7050,.T.);
#5958=EDGE_CURVE('',#5093,#5084,#7051,.T.);
#5959=EDGE_CURVE('',#5094,#5084,#7052,.T.);
#5960=EDGE_CURVE('',#5094,#5093,#7053,.T.);
#5961=EDGE_CURVE('',#5095,#5096,#7054,.T.);
#5962=EDGE_CURVE('',#4780,#5095,#7055,.T.);
#5963=EDGE_CURVE('',#4779,#5097,#7056,.T.);
#5964=EDGE_CURVE('',#5098,#5097,#7057,.T.);
#5965=EDGE_CURVE('',#5099,#5098,#7058,.T.);
#5966=EDGE_CURVE('',#5099,#5100,#7059,.T.);
#5967=EDGE_CURVE('',#5096,#5100,#7060,.T.);
#5968=EDGE_CURVE('',#5101,#4792,#7061,.T.);
#5969=EDGE_CURVE('',#5102,#5101,#621,.T.);
#5970=EDGE_CURVE('',#5102,#4831,#622,.T.);
#5971=EDGE_CURVE('',#5103,#5104,#623,.T.);
#5972=EDGE_CURVE('',#5103,#4789,#7062,.T.);
#5973=EDGE_CURVE('',#4901,#4889,#7063,.T.);
#5974=EDGE_CURVE('',#5105,#4808,#7064,.T.);
#5975=EDGE_CURVE('',#5106,#5105,#624,.T.);
#5976=EDGE_CURVE('',#5104,#5106,#242,.T.);
#5977=EDGE_CURVE('',#5107,#4819,#7065,.T.);
#5978=EDGE_CURVE('',#5107,#5108,#7066,.T.);
#5979=EDGE_CURVE('',#5109,#5108,#7067,.T.);
#5980=EDGE_CURVE('',#5109,#5110,#7068,.T.);
#5981=EDGE_CURVE('',#5111,#5110,#243,.T.);
#5982=EDGE_CURVE('',#5112,#5111,#7069,.T.);
#5983=EDGE_CURVE('',#5113,#5112,#7070,.T.);
#5984=EDGE_CURVE('',#5113,#5114,#7071,.T.);
#5985=EDGE_CURVE('',#5115,#5114,#244,.T.);
#5986=EDGE_CURVE('',#5115,#4820,#7072,.T.);
#5987=EDGE_CURVE('',#5116,#5107,#7073,.T.);
#5988=EDGE_CURVE('',#5116,#5117,#7074,.T.);
#5989=EDGE_CURVE('',#5108,#5117,#7075,.T.);
#5990=EDGE_CURVE('',#5118,#4978,#7076,.T.);
#5991=EDGE_CURVE('',#5118,#4979,#7077,.T.);
#5992=EDGE_CURVE('',#5054,#5119,#7078,.T.);
#5993=EDGE_CURVE('',#5120,#5053,#7079,.T.);
#5994=EDGE_CURVE('',#5120,#5121,#7080,.T.);
#5995=EDGE_CURVE('',#5121,#4980,#7081,.T.);
#5996=EDGE_CURVE('',#4966,#5118,#7082,.T.);
#5997=EDGE_CURVE('',#5119,#4959,#7083,.T.);
#5998=EDGE_CURVE('',#4976,#5122,#7084,.T.);
#5999=EDGE_CURVE('',#5123,#5122,#245,.T.);
#6000=EDGE_CURVE('',#4948,#5123,#7085,.T.);
#6001=EDGE_CURVE('',#4947,#5124,#7086,.T.);
#6002=EDGE_CURVE('',#5125,#5124,#246,.T.);
#6003=EDGE_CURVE('',#5125,#5126,#7087,.T.);
#6004=EDGE_CURVE('',#5119,#5126,#7088,.T.);
#6005=EDGE_CURVE('',#5127,#5128,#7089,.T.);
#6006=EDGE_CURVE('',#5127,#5129,#7090,.T.);
#6007=EDGE_CURVE('',#5130,#5129,#247,.T.);
#6008=EDGE_CURVE('',#5130,#5131,#7091,.T.);
#6009=EDGE_CURVE('',#5132,#5131,#7092,.T.);
#6010=EDGE_CURVE('',#5132,#5128,#7093,.T.);
#6011=EDGE_CURVE('',#5131,#5133,#7094,.T.);
#6012=EDGE_CURVE('',#5134,#5133,#248,.T.);
#6013=EDGE_CURVE('',#5134,#5135,#7095,.T.);
#6014=EDGE_CURVE('',#5136,#5135,#7096,.T.);
#6015=EDGE_CURVE('',#5136,#5137,#625,.T.);
#6016=EDGE_CURVE('',#5137,#5138,#7097,.T.);
#6017=EDGE_CURVE('',#5132,#5138,#7098,.T.);
#6018=EDGE_CURVE('',#5139,#5140,#7099,.T.);
#6019=EDGE_CURVE('',#5140,#5141,#7100,.T.);
#6020=EDGE_CURVE('',#5141,#5142,#7101,.T.);
#6021=EDGE_CURVE('',#5142,#5139,#7102,.T.);
#6022=EDGE_CURVE('',#5143,#5144,#7103,.T.);
#6023=EDGE_CURVE('',#5143,#5145,#7104,.T.);
#6024=EDGE_CURVE('',#5110,#5145,#249,.T.);
#6025=EDGE_CURVE('',#5146,#5109,#7105,.T.);
#6026=EDGE_CURVE('',#5144,#5146,#250,.T.);
#6027=EDGE_CURVE('',#5147,#5148,#7106,.T.);
#6028=EDGE_CURVE('',#5148,#5140,#7107,.T.);
#6029=EDGE_CURVE('',#5147,#5139,#7108,.T.);
#6030=EDGE_CURVE('',#5117,#5063,#7109,.T.);
#6031=EDGE_CURVE('',#4968,#5116,#7110,.T.);
#6032=EDGE_CURVE('',#4971,#5148,#7111,.T.);
#6033=EDGE_CURVE('',#5149,#5147,#7112,.T.);
#6034=EDGE_CURVE('',#5150,#5149,#7113,.T.);
#6035=EDGE_CURVE('',#5150,#5064,#7114,.T.);
#6036=EDGE_CURVE('',#5141,#4836,#7115,.T.);
#6037=EDGE_CURVE('',#4835,#5142,#7116,.T.);
#6038=EDGE_CURVE('',#5151,#5152,#7117,.T.);
#6039=EDGE_CURVE('',#5151,#5153,#492,.T.);
#6040=EDGE_CURVE('',#5111,#5153,#7118,.T.);
#6041=EDGE_CURVE('',#5145,#5152,#251,.T.);
#6042=EDGE_CURVE('',#5135,#5154,#7119,.T.);
#6043=EDGE_CURVE('',#5154,#5136,#7120,.T.);
#6044=EDGE_CURVE('',#4950,#5155,#7121,.T.);
#6045=EDGE_CURVE('',#5123,#4949,#7122,.T.);
#6046=EDGE_CURVE('',#5122,#5155,#252,.T.);
#6047=EDGE_CURVE('',#5128,#5156,#7123,.T.);
#6048=EDGE_CURVE('',#5156,#5127,#7124,.T.);
#6049=EDGE_CURVE('',#5157,#5158,#7125,.T.);
#6050=EDGE_CURVE('',#5158,#5159,#7126,.T.);
#6051=EDGE_CURVE('',#5160,#5159,#7127,.T.);
#6052=EDGE_CURVE('',#5160,#5161,#7128,.T.);
#6053=EDGE_CURVE('',#5161,#5162,#7129,.T.);
#6054=EDGE_CURVE('',#5162,#5157,#7130,.T.);
#6055=EDGE_CURVE('',#5163,#5164,#7131,.T.);
#6056=EDGE_CURVE('',#5165,#5163,#626,.T.);
#6057=EDGE_CURVE('',#5165,#5166,#7132,.T.);
#6058=EDGE_CURVE('',#5166,#5167,#7133,.T.);
#6059=EDGE_CURVE('',#5168,#5167,#7134,.T.);
#6060=EDGE_CURVE('',#5169,#5168,#7135,.T.);
#6061=EDGE_CURVE('',#5169,#5170,#7136,.T.);
#6062=EDGE_CURVE('',#5171,#5170,#627,.T.);
#6063=EDGE_CURVE('',#5171,#5157,#493,.T.);
#6064=EDGE_CURVE('',#5162,#5172,#7137,.T.);
#6065=EDGE_CURVE('',#5172,#5173,#7138,.T.);
#6066=EDGE_CURVE('',#5164,#5173,#7139,.T.);
#6067=EDGE_CURVE('',#5174,#5175,#494,.T.);
#6068=EDGE_CURVE('',#5176,#5175,#7140,.T.);
#6069=EDGE_CURVE('',#5159,#5176,#495,.T.);
#6070=EDGE_CURVE('',#5158,#5177,#496,.T.);
#6071=EDGE_CURVE('',#5178,#5177,#628,.T.);
#6072=EDGE_CURVE('',#5178,#5179,#7141,.T.);
#6073=EDGE_CURVE('',#5179,#5180,#7142,.T.);
#6074=EDGE_CURVE('',#5180,#5181,#497,.T.);
#6075=EDGE_CURVE('',#5181,#5045,#7143,.T.);
#6076=EDGE_CURVE('',#5044,#5040,#7144,.T.);
#6077=EDGE_CURVE('',#5039,#5182,#7145,.T.);
#6078=EDGE_CURVE('',#5183,#5182,#498,.T.);
#6079=EDGE_CURVE('',#5183,#5184,#7146,.T.);
#6080=EDGE_CURVE('',#5184,#5185,#7147,.T.);
#6081=EDGE_CURVE('',#5186,#5185,#629,.T.);
#6082=EDGE_CURVE('',#5174,#5186,#7148,.T.);
#6083=EDGE_CURVE('',#5187,#5176,#7149,.T.);
#6084=EDGE_CURVE('',#5188,#5175,#7150,.T.);
#6085=EDGE_CURVE('',#5188,#5187,#630,.T.);
#6086=EDGE_CURVE('',#5026,#5181,#7151,.T.);
#6087=EDGE_CURVE('',#5025,#5182,#7152,.T.);
#6088=EDGE_CURVE('',#5046,#5038,#7153,.T.);
#6089=EDGE_CURVE('',#5043,#5041,#7154,.T.);
#6090=EDGE_CURVE('',#5042,#5047,#7155,.T.);
#6091=EDGE_CURVE('',#5187,#5160,#499,.T.);
#6092=EDGE_CURVE('',#5179,#5028,#7156,.T.);
#6093=EDGE_CURVE('',#5065,#5178,#7157,.T.);
#6094=EDGE_CURVE('',#5029,#5150,#7158,.T.);
#6095=EDGE_CURVE('',#5170,#5189,#7159,.T.);
#6096=EDGE_CURVE('',#5190,#5169,#7160,.T.);
#6097=EDGE_CURVE('',#5190,#5189,#7161,.T.);
#6098=EDGE_CURVE('',#5066,#5189,#631,.T.);
#6099=EDGE_CURVE('',#5067,#5190,#7162,.T.);
#6100=EDGE_CURVE('',#5186,#5163,#7163,.T.);
#6101=EDGE_CURVE('',#5191,#5164,#7164,.T.);
#6102=EDGE_CURVE('',#5191,#5192,#7165,.T.);
#6103=EDGE_CURVE('',#5192,#5174,#7166,.T.);
#6104=EDGE_CURVE('',#5184,#5024,#7167,.T.);
#6105=EDGE_CURVE('',#5120,#5037,#7168,.T.);
#6106=EDGE_CURVE('',#5185,#5072,#7169,.T.);
#6107=EDGE_CURVE('',#5193,#5165,#7170,.T.);
#6108=EDGE_CURVE('',#5193,#5194,#7171,.T.);
#6109=EDGE_CURVE('',#5194,#5166,#7172,.T.);
#6110=EDGE_CURVE('',#5193,#5071,#632,.T.);
#6111=EDGE_CURVE('',#5070,#5194,#7173,.T.);
#6112=EDGE_CURVE('',#5057,#5156,#7174,.T.);
#6113=EDGE_CURVE('',#5195,#5138,#7175,.T.);
#6114=EDGE_CURVE('',#5195,#5058,#7176,.T.);
#6115=EDGE_CURVE('',#5196,#5197,#500,.T.);
#6116=EDGE_CURVE('',#5198,#5196,#7177,.T.);
#6117=EDGE_CURVE('',#5199,#5198,#501,.T.);
#6118=EDGE_CURVE('',#5199,#5200,#7178,.T.);
#6119=EDGE_CURVE('',#5201,#5200,#502,.T.);
#6120=EDGE_CURVE('',#5088,#5201,#253,.T.);
#6121=EDGE_CURVE('',#5087,#5088,#254,.T.);
#6122=EDGE_CURVE('',#5197,#5087,#255,.T.);
#6123=EDGE_CURVE('',#5202,#5202,#633,.T.);
#6124=EDGE_CURVE('',#5203,#5204,#7179,.T.);
#6125=EDGE_CURVE('',#5205,#5204,#7180,.T.);
#6126=EDGE_CURVE('',#5205,#5206,#7181,.T.);
#6127=EDGE_CURVE('',#5203,#5206,#7182,.T.);
#6128=EDGE_CURVE('',#5207,#5091,#7183,.T.);
#6129=EDGE_CURVE('',#5207,#5208,#7184,.T.);
#6130=EDGE_CURVE('',#5209,#5208,#7185,.T.);
#6131=EDGE_CURVE('',#5209,#5092,#7186,.T.);
#6132=EDGE_CURVE('',#5210,#5210,#503,.T.);
#6133=EDGE_CURVE('',#5211,#5211,#504,.T.);
#6134=EDGE_CURVE('',#5212,#5212,#634,.T.);
#6135=EDGE_CURVE('',#5213,#5214,#7187,.T.);
#6136=EDGE_CURVE('',#5214,#5215,#7188,.T.);
#6137=EDGE_CURVE('',#5215,#5216,#7189,.T.);
#6138=EDGE_CURVE('',#5213,#5216,#7190,.T.);
#6139=EDGE_CURVE('',#5217,#5218,#7191,.T.);
#6140=EDGE_CURVE('',#5219,#5218,#505,.T.);
#6141=EDGE_CURVE('',#5220,#5219,#7192,.T.);
#6142=EDGE_CURVE('',#5221,#5220,#506,.T.);
#6143=EDGE_CURVE('',#5086,#5221,#256,.T.);
#6144=EDGE_CURVE('',#5222,#5086,#257,.T.);
#6145=EDGE_CURVE('',#5223,#5222,#635,.T.);
#6146=EDGE_CURVE('',#5217,#5223,#507,.T.);
#6147=EDGE_CURVE('',#5003,#5223,#7193,.T.);
#6148=EDGE_CURVE('',#5002,#5217,#7194,.T.);
#6149=EDGE_CURVE('',#5196,#5224,#7195,.T.);
#6150=EDGE_CURVE('',#5197,#5221,#7196,.T.);
#6151=EDGE_CURVE('',#5225,#5220,#7197,.T.);
#6152=EDGE_CURVE('',#5224,#5225,#7198,.T.);
#6153=EDGE_CURVE('',#5226,#5226,#508,.T.);
#6154=EDGE_CURVE('',#5227,#5227,#509,.T.);
#6155=EDGE_CURVE('',#5228,#5188,#636,.T.);
#6156=EDGE_CURVE('',#5229,#5228,#637,.T.);
#6157=EDGE_CURVE('',#5230,#5229,#638,.T.);
#6158=EDGE_CURVE('',#5230,#5187,#639,.T.);
#6159=EDGE_CURVE('',#5231,#5033,#640,.T.);
#6160=EDGE_CURVE('',#5232,#5231,#641,.T.);
#6161=EDGE_CURVE('',#5034,#5232,#642,.T.);
#6162=EDGE_CURVE('',#5032,#5233,#643,.T.);
#6163=EDGE_CURVE('',#5031,#5234,#644,.T.);
#6164=EDGE_CURVE('',#5233,#5234,#645,.T.);
#6165=EDGE_CURVE('',#5235,#5236,#646,.T.);
#6166=EDGE_CURVE('',#5235,#5103,#647,.T.);
#6167=EDGE_CURVE('',#5233,#5104,#648,.T.);
#6168=EDGE_CURVE('',#5102,#5234,#649,.T.);
#6169=EDGE_CURVE('',#5236,#5101,#650,.T.);
#6170=EDGE_CURVE('',#5237,#5238,#651,.T.);
#6171=EDGE_CURVE('',#5237,#5239,#652,.T.);
#6172=EDGE_CURVE('',#5239,#5240,#653,.T.);
#6173=EDGE_CURVE('',#5240,#5232,#654,.T.);
#6174=EDGE_CURVE('',#5106,#5231,#655,.T.);
#6175=EDGE_CURVE('',#5238,#5105,#656,.T.);
#6176=EDGE_CURVE('',#5241,#5075,#657,.T.);
#6177=EDGE_CURVE('',#5242,#5241,#7199,.T.);
#6178=EDGE_CURVE('',#5076,#5242,#7200,.T.);
#6179=EDGE_CURVE('',#5228,#5243,#7201,.T.);
#6180=EDGE_CURVE('',#5244,#5228,#658,.T.);
#6181=EDGE_CURVE('',#5244,#5245,#7202,.T.);
#6182=EDGE_CURVE('',#5245,#5246,#659,.T.);
#6183=EDGE_CURVE('',#5246,#5243,#660,.T.);
#6184=EDGE_CURVE('',#5049,#5052,#7203,.T.);
#6185=EDGE_CURVE('',#4864,#5051,#258,.T.);
#6186=EDGE_CURVE('',#4858,#4975,#7204,.T.);
#6187=EDGE_CURVE('',#5247,#5248,#7205,.T.);
#6188=EDGE_CURVE('',#5249,#5247,#7206,.T.);
#6189=EDGE_CURVE('',#5248,#5249,#7207,.T.);
#6190=EDGE_CURVE('',#5250,#5251,#7208,.T.);
#6191=EDGE_CURVE('',#5251,#5252,#661,.T.);
#6192=EDGE_CURVE('',#5252,#5253,#7209,.T.);
#6193=EDGE_CURVE('',#5253,#5254,#662,.T.);
#6194=EDGE_CURVE('',#5254,#5255,#7210,.T.);
#6195=EDGE_CURVE('',#5255,#5256,#663,.T.);
#6196=EDGE_CURVE('',#5256,#5257,#664,.T.);
#6197=EDGE_CURVE('',#5257,#5161,#665,.T.);
#6198=EDGE_CURVE('',#5161,#5250,#666,.T.);
#6199=EDGE_CURVE('',#5258,#5259,#7211,.T.);
#6200=EDGE_CURVE('',#5260,#5258,#7212,.T.);
#6201=EDGE_CURVE('',#5259,#5260,#7213,.T.);
#6202=EDGE_CURVE('',#5261,#5161,#7214,.T.);
#6203=EDGE_CURVE('',#5261,#5262,#667,.T.);
#6204=EDGE_CURVE('',#5229,#5262,#668,.T.);
#6205=EDGE_CURVE('',#5256,#5229,#7215,.T.);
#6206=EDGE_CURVE('',#4755,#4764,#7216,.T.);
#6207=EDGE_CURVE('',#5017,#4757,#7217,.T.);
#6208=EDGE_CURVE('',#5263,#5022,#7218,.T.);
#6209=EDGE_CURVE('',#5263,#5264,#510,.T.);
#6210=EDGE_CURVE('',#5264,#5265,#511,.T.);
#6211=EDGE_CURVE('',#4894,#5265,#7219,.T.);
#6212=EDGE_CURVE('',#4907,#4893,#7220,.T.);
#6213=EDGE_CURVE('',#4910,#5266,#669,.T.);
#6214=EDGE_CURVE('',#5267,#5266,#670,.T.);
#6215=EDGE_CURVE('',#4896,#5267,#671,.T.);
#6216=EDGE_CURVE('',#5268,#4760,#672,.T.);
#6217=EDGE_CURVE('',#4763,#5268,#7221,.T.);
#6218=EDGE_CURVE('',#5267,#4908,#7222,.T.);
#6219=EDGE_CURVE('',#5239,#4805,#7223,.T.);
#6220=EDGE_CURVE('',#4846,#5240,#673,.T.);
#6221=EDGE_CURVE('',#4762,#5269,#7224,.T.);
#6222=EDGE_CURVE('',#5269,#5268,#674,.T.);
#6223=EDGE_CURVE('',#5266,#4909,#7225,.T.);
#6224=EDGE_CURVE('',#5269,#4761,#675,.T.);
#6225=EDGE_CURVE('',#5270,#5270,#512,.T.);
#6226=EDGE_CURVE('',#5271,#5271,#513,.T.);
#6227=EDGE_CURVE('',#4865,#5272,#7226,.T.);
#6228=EDGE_CURVE('',#5272,#4748,#7227,.T.);
#6229=EDGE_CURVE('',#4833,#4832,#676,.T.);
#6230=EDGE_CURVE('',#5188,#5273,#677,.T.);
#6231=EDGE_CURVE('',#5273,#5244,#678,.T.);
#6232=EDGE_CURVE('',#5230,#5262,#679,.T.);
#6233=EDGE_CURVE('',#5274,#5275,#7228,.T.);
#6234=EDGE_CURVE('',#5276,#5274,#7229,.T.);
#6235=EDGE_CURVE('',#5275,#5276,#7230,.T.);
#6236=EDGE_CURVE('',#5246,#5277,#7231,.T.);
#6237=EDGE_CURVE('',#5277,#5257,#7232,.T.);
#6238=EDGE_CURVE('',#5257,#5246,#7233,.T.);
#6239=EDGE_CURVE('',#5278,#5279,#7234,.T.);
#6240=EDGE_CURVE('',#5280,#5278,#7235,.T.);
#6241=EDGE_CURVE('',#5279,#5280,#7236,.T.);
#6242=EDGE_CURVE('',#5281,#5277,#7237,.T.);
#6243=EDGE_CURVE('',#5281,#5257,#7238,.T.);
#6244=EDGE_CURVE('',#5282,#5283,#7239,.T.);
#6245=EDGE_CURVE('',#5284,#5282,#7240,.T.);
#6246=EDGE_CURVE('',#5283,#5284,#7241,.T.);
#6247=EDGE_CURVE('',#5245,#5191,#680,.T.);
#6248=EDGE_CURVE('',#5277,#5191,#681,.T.);
#6249=EDGE_CURVE('',#5285,#5286,#7242,.T.);
#6250=EDGE_CURVE('',#5287,#5285,#7243,.T.);
#6251=EDGE_CURVE('',#5286,#5287,#7244,.T.);
#6252=EDGE_CURVE('',#5161,#5281,#682,.T.);
#6253=EDGE_CURVE('',#5288,#5289,#7245,.T.);
#6254=EDGE_CURVE('',#5290,#5288,#7246,.T.);
#6255=EDGE_CURVE('',#5289,#5290,#7247,.T.);
#6256=EDGE_CURVE('',#5191,#5244,#7248,.T.);
#6257=EDGE_CURVE('',#5291,#5292,#7249,.T.);
#6258=EDGE_CURVE('',#5293,#5291,#7250,.T.);
#6259=EDGE_CURVE('',#5294,#5293,#7251,.T.);
#6260=EDGE_CURVE('',#5292,#5294,#7252,.T.);
#6261=EDGE_CURVE('',#5243,#5256,#683,.T.);
#6262=EDGE_CURVE('',#5295,#5296,#7253,.T.);
#6263=EDGE_CURVE('',#5297,#5295,#7254,.T.);
#6264=EDGE_CURVE('',#5296,#5297,#7255,.T.);
#6265=EDGE_CURVE('',#5256,#5246,#684,.T.);
#6266=EDGE_CURVE('',#5298,#5299,#7256,.T.);
#6267=EDGE_CURVE('',#5300,#5298,#7257,.T.);
#6268=EDGE_CURVE('',#5299,#5300,#7258,.T.);
#6269=EDGE_CURVE('',#5232,#4845,#685,.T.);
#6270=EDGE_CURVE('',#5234,#4834,#686,.T.);
#6271=EDGE_CURVE('',#5126,#5301,#7259,.T.);
#6272=EDGE_CURVE('',#5302,#5125,#259,.T.);
#6273=EDGE_CURVE('',#5302,#5303,#7260,.T.);
#6274=EDGE_CURVE('',#5304,#5303,#7261,.T.);
#6275=EDGE_CURVE('',#5155,#5304,#7262,.T.);
#6276=EDGE_CURVE('',#5305,#4821,#7263,.T.);
#6277=EDGE_CURVE('',#5305,#5306,#7264,.T.);
#6278=EDGE_CURVE('',#5307,#5306,#7265,.T.);
#6279=EDGE_CURVE('',#5152,#5307,#7266,.T.);
#6280=EDGE_CURVE('',#5308,#5143,#7267,.T.);
#6281=EDGE_CURVE('',#5301,#5308,#260,.T.);
#6282=EDGE_CURVE('',#5309,#5309,#261,.T.);
#6283=EDGE_CURVE('',#5310,#5310,#262,.T.);
#6284=EDGE_CURVE('',#5311,#5115,#263,.T.);
#6285=EDGE_CURVE('',#5311,#5305,#7268,.T.);
#6286=EDGE_CURVE('',#5011,#5312,#264,.T.);
#6287=EDGE_CURVE('',#5312,#5313,#7269,.T.);
#6288=EDGE_CURVE('',#5012,#5313,#7270,.T.);
#6289=EDGE_CURVE('',#5314,#4892,#7271,.T.);
#6290=EDGE_CURVE('',#5314,#4985,#7272,.T.);
#6291=EDGE_CURVE('',#5013,#5213,#514,.T.);
#6292=EDGE_CURVE('',#4984,#5315,#7273,.T.);
#6293=EDGE_CURVE('',#5316,#5315,#7274,.T.);
#6294=EDGE_CURVE('',#5316,#5317,#515,.T.);
#6295=EDGE_CURVE('',#5317,#5318,#7275,.T.);
#6296=EDGE_CURVE('',#5318,#5214,#516,.T.);
#6297=EDGE_CURVE('',#5216,#5312,#517,.T.);
#6298=EDGE_CURVE('',#5215,#5319,#518,.T.);
#6299=EDGE_CURVE('',#5319,#5320,#7276,.T.);
#6300=EDGE_CURVE('',#5320,#5321,#519,.T.);
#6301=EDGE_CURVE('',#5322,#5321,#7277,.T.);
#6302=EDGE_CURVE('',#5322,#4983,#7278,.T.);
#6303=EDGE_CURVE('',#4982,#5313,#7279,.T.);
#6304=EDGE_CURVE('',#5323,#5324,#7280,.T.);
#6305=EDGE_CURVE('',#5323,#5325,#7281,.T.);
#6306=EDGE_CURVE('',#5089,#5325,#7282,.T.);
#6307=EDGE_CURVE('',#5324,#5201,#7283,.T.);
#6308=EDGE_CURVE('',#4921,#5326,#7284,.T.);
#6309=EDGE_CURVE('',#5327,#5326,#7285,.T.);
#6310=EDGE_CURVE('',#4898,#5327,#7286,.T.);
#6311=EDGE_CURVE('',#5323,#5328,#7287,.T.);
#6312=EDGE_CURVE('',#5329,#5328,#7288,.T.);
#6313=EDGE_CURVE('',#5329,#5330,#7289,.T.);
#6314=EDGE_CURVE('',#5331,#5330,#7290,.T.);
#6315=EDGE_CURVE('',#5331,#5332,#520,.T.);
#6316=EDGE_CURVE('',#5332,#5333,#7291,.T.);
#6317=EDGE_CURVE('',#5333,#5205,#521,.T.);
#6318=EDGE_CURVE('',#5204,#5207,#522,.T.);
#6319=EDGE_CURVE('',#5325,#5090,#7292,.T.);
#6320=EDGE_CURVE('',#5083,#5081,#523,.T.);
#6321=EDGE_CURVE('',#5209,#5094,#7293,.T.);
#6322=EDGE_CURVE('',#5208,#5203,#524,.T.);
#6323=EDGE_CURVE('',#5206,#5334,#525,.T.);
#6324=EDGE_CURVE('',#5334,#5335,#7294,.T.);
#6325=EDGE_CURVE('',#5335,#5336,#526,.T.);
#6326=EDGE_CURVE('',#5337,#5336,#7295,.T.);
#6327=EDGE_CURVE('',#5338,#5337,#7296,.T.);
#6328=EDGE_CURVE('',#4920,#5338,#7297,.T.);
#6329=EDGE_CURVE('',#4782,#5339,#7298,.T.);
#6330=EDGE_CURVE('',#5340,#5339,#7299,.T.);
#6331=EDGE_CURVE('',#5082,#5340,#7300,.T.);
#6332=EDGE_CURVE('',#5341,#5342,#7301,.T.);
#6333=EDGE_CURVE('',#5341,#4867,#7302,.T.);
#6334=EDGE_CURVE('',#4866,#4900,#7303,.T.);
#6335=EDGE_CURVE('',#5342,#4899,#7304,.T.);
#6336=EDGE_CURVE('',#5343,#4986,#7305,.T.);
#6337=EDGE_CURVE('',#4891,#5343,#7306,.T.);
#6338=EDGE_CURVE('',#4890,#4753,#7307,.T.);
#6339=EDGE_CURVE('',#5344,#4777,#687,.T.);
#6340=EDGE_CURVE('',#4776,#5345,#7308,.T.);
#6341=EDGE_CURVE('',#5345,#5344,#527,.T.);
#6342=EDGE_CURVE('',#5346,#5339,#7309,.T.);
#6343=EDGE_CURVE('',#5095,#5346,#7310,.T.);
#6344=EDGE_CURVE('',#5347,#5096,#7311,.T.);
#6345=EDGE_CURVE('',#5347,#5348,#7312,.T.);
#6346=EDGE_CURVE('',#5348,#5349,#7313,.T.);
#6347=EDGE_CURVE('',#5349,#5350,#7314,.T.);
#6348=EDGE_CURVE('',#5351,#5350,#7315,.T.);
#6349=EDGE_CURVE('',#5351,#5340,#7316,.T.);
#6350=EDGE_CURVE('',#5352,#5263,#7317,.T.);
#6351=EDGE_CURVE('',#5021,#5352,#7318,.T.);
#6352=EDGE_CURVE('',#5265,#4774,#7319,.T.);
#6353=EDGE_CURVE('',#5343,#5314,#7320,.T.);
#6354=EDGE_CURVE('',#5351,#5353,#7321,.T.);
#6355=EDGE_CURVE('',#5353,#5354,#7322,.T.);
#6356=EDGE_CURVE('',#5080,#5354,#7323,.T.);
#6357=EDGE_CURVE('',#4878,#4916,#7324,.T.);
#6358=EDGE_CURVE('',#5355,#5356,#7325,.T.);
#6359=EDGE_CURVE('',#4778,#5356,#7326,.T.);
#6360=EDGE_CURVE('',#5357,#5344,#7327,.T.);
#6361=EDGE_CURVE('',#5357,#5355,#7328,.T.);
#6362=EDGE_CURVE('',#5358,#5359,#7329,.T.);
#6363=EDGE_CURVE('',#5359,#5360,#688,.T.);
#6364=EDGE_CURVE('',#5361,#5360,#528,.T.);
#6365=EDGE_CURVE('',#5362,#5361,#7330,.T.);
#6366=EDGE_CURVE('',#5362,#5358,#529,.T.);
#6367=EDGE_CURVE('',#5326,#5341,#7331,.T.);
#6368=EDGE_CURVE('',#5327,#5342,#7332,.T.);
#6369=EDGE_CURVE('',#5018,#5016,#7333,.T.);
#6370=EDGE_CURVE('',#5019,#5363,#7334,.T.);
#6371=EDGE_CURVE('',#5363,#5015,#7335,.T.);
#6372=EDGE_CURVE('',#5352,#5345,#530,.T.);
#6373=EDGE_CURVE('',#5364,#5020,#7336,.T.);
#6374=EDGE_CURVE('',#5364,#5357,#7337,.T.);
#6375=EDGE_CURVE('',#5350,#5363,#7338,.T.);
#6376=EDGE_CURVE('',#5014,#5353,#531,.T.);
#6377=EDGE_CURVE('',#5365,#5366,#532,.T.);
#6378=EDGE_CURVE('',#5366,#5365,#533,.T.);
#6379=EDGE_CURVE('',#5356,#5097,#7339,.T.);
#6380=EDGE_CURVE('',#5098,#5355,#7340,.T.);
#6381=EDGE_CURVE('',#5100,#5347,#7341,.T.);
#6382=EDGE_CURVE('',#5099,#5348,#7342,.T.);
#6383=EDGE_CURVE('',#5349,#5364,#7343,.T.);
#6384=EDGE_CURVE('',#5367,#5368,#534,.T.);
#6385=EDGE_CURVE('',#5367,#5369,#689,.T.);
#6386=EDGE_CURVE('',#5365,#5369,#7344,.T.);
#6387=EDGE_CURVE('',#5366,#5368,#7345,.T.);
#6388=EDGE_CURVE('',#5369,#5370,#690,.T.);
#6389=EDGE_CURVE('',#5368,#5370,#535,.T.);
#6390=EDGE_CURVE('',#5371,#5361,#536,.T.);
#6391=EDGE_CURVE('',#5371,#5359,#691,.T.);
#6392=EDGE_CURVE('',#5358,#5362,#537,.T.);
#6393=EDGE_CURVE('',#5367,#5370,#7346,.T.);
#6394=EDGE_CURVE('',#5371,#5360,#7347,.T.);
#6395=EDGE_CURVE('',#5322,#5315,#7348,.T.);
#6396=EDGE_CURVE('',#5320,#5317,#7349,.T.);
#6397=EDGE_CURVE('',#5318,#5319,#7350,.T.);
#6398=EDGE_CURVE('',#5321,#5316,#7351,.T.);
#6399=EDGE_CURVE('',#5354,#5079,#265,.T.);
#6400=EDGE_CURVE('',#5372,#4870,#7352,.T.);
#6401=EDGE_CURVE('',#5372,#5373,#7353,.T.);
#6402=EDGE_CURVE('',#5373,#4871,#7354,.T.);
#6403=EDGE_CURVE('',#5374,#4869,#7355,.T.);
#6404=EDGE_CURVE('',#5375,#5374,#7356,.T.);
#6405=EDGE_CURVE('',#5375,#5376,#538,.T.);
#6406=EDGE_CURVE('',#5376,#5377,#7357,.T.);
#6407=EDGE_CURVE('',#5377,#5372,#539,.T.);
#6408=EDGE_CURVE('',#5373,#5378,#540,.T.);
#6409=EDGE_CURVE('',#5378,#5379,#7358,.T.);
#6410=EDGE_CURVE('',#5379,#5380,#541,.T.);
#6411=EDGE_CURVE('',#5381,#5380,#7359,.T.);
#6412=EDGE_CURVE('',#5381,#4872,#7360,.T.);
#6413=EDGE_CURVE('',#5381,#5374,#7361,.T.);
#6414=EDGE_CURVE('',#5377,#5378,#7362,.T.);
#6415=EDGE_CURVE('',#5379,#5376,#7363,.T.);
#6416=EDGE_CURVE('',#5380,#5375,#7364,.T.);
#6417=EDGE_CURVE('',#4887,#4903,#7365,.T.);
#6418=EDGE_CURVE('',#4904,#4886,#7366,.T.);
#6419=EDGE_CURVE('',#4888,#4902,#7367,.T.);
#6420=EDGE_CURVE('',#5382,#4768,#7368,.T.);
#6421=EDGE_CURVE('',#5382,#5383,#7369,.T.);
#6422=EDGE_CURVE('',#5383,#4769,#7370,.T.);
#6423=EDGE_CURVE('',#5383,#5384,#542,.T.);
#6424=EDGE_CURVE('',#5384,#5385,#7371,.T.);
#6425=EDGE_CURVE('',#5385,#5386,#543,.T.);
#6426=EDGE_CURVE('',#5387,#5386,#7372,.T.);
#6427=EDGE_CURVE('',#4770,#5387,#7373,.T.);
#6428=EDGE_CURVE('',#4767,#5388,#7374,.T.);
#6429=EDGE_CURVE('',#5389,#5388,#7375,.T.);
#6430=EDGE_CURVE('',#5389,#5390,#544,.T.);
#6431=EDGE_CURVE('',#5390,#5391,#7376,.T.);
#6432=EDGE_CURVE('',#5391,#5382,#545,.T.);
#6433=EDGE_CURVE('',#5387,#5388,#7377,.T.);
#6434=EDGE_CURVE('',#5385,#5390,#7378,.T.);
#6435=EDGE_CURVE('',#5391,#5384,#7379,.T.);
#6436=EDGE_CURVE('',#5386,#5389,#7380,.T.);
#6437=EDGE_CURVE('',#5085,#5222,#266,.T.);
#6438=EDGE_CURVE('',#5392,#5393,#7381,.T.);
#6439=EDGE_CURVE('',#5394,#5392,#546,.T.);
#6440=EDGE_CURVE('',#5394,#5395,#7382,.T.);
#6441=EDGE_CURVE('',#5393,#5395,#547,.T.);
#6442=EDGE_CURVE('',#5393,#5396,#7383,.T.);
#6443=EDGE_CURVE('',#5396,#5397,#7384,.T.);
#6444=EDGE_CURVE('',#5392,#5397,#7385,.T.);
#6445=EDGE_CURVE('',#5398,#5399,#7386,.T.);
#6446=EDGE_CURVE('',#5400,#5398,#548,.T.);
#6447=EDGE_CURVE('',#5400,#5401,#7387,.T.);
#6448=EDGE_CURVE('',#5399,#5401,#549,.T.);
#6449=EDGE_CURVE('',#5401,#5394,#7388,.T.);
#6450=EDGE_CURVE('',#5395,#5400,#7389,.T.);
#6451=EDGE_CURVE('',#5402,#5403,#7390,.T.);
#6452=EDGE_CURVE('',#5404,#5402,#550,.T.);
#6453=EDGE_CURVE('',#5404,#5405,#7391,.T.);
#6454=EDGE_CURVE('',#5403,#5405,#551,.T.);
#6455=EDGE_CURVE('',#5403,#5406,#7392,.T.);
#6456=EDGE_CURVE('',#5406,#5407,#7393,.T.);
#6457=EDGE_CURVE('',#5402,#5407,#7394,.T.);
#6458=EDGE_CURVE('',#5408,#5409,#7395,.T.);
#6459=EDGE_CURVE('',#5410,#5408,#552,.T.);
#6460=EDGE_CURVE('',#5410,#5411,#7396,.T.);
#6461=EDGE_CURVE('',#5409,#5411,#553,.T.);
#6462=EDGE_CURVE('',#5411,#5404,#7397,.T.);
#6463=EDGE_CURVE('',#5405,#5410,#7398,.T.);
#6464=EDGE_CURVE('',#5398,#4992,#7399,.T.);
#6465=EDGE_CURVE('',#5399,#5412,#7400,.T.);
#6466=EDGE_CURVE('',#5412,#5413,#7401,.T.);
#6467=EDGE_CURVE('',#5413,#4993,#7402,.T.);
#6468=EDGE_CURVE('',#5414,#5413,#554,.T.);
#6469=EDGE_CURVE('',#5414,#4994,#7403,.T.);
#6470=EDGE_CURVE('',#5415,#4995,#7404,.T.);
#6471=EDGE_CURVE('',#5414,#5415,#7405,.T.);
#6472=EDGE_CURVE('',#5416,#5415,#555,.T.);
#6473=EDGE_CURVE('',#5416,#4996,#7406,.T.);
#6474=EDGE_CURVE('',#5417,#5416,#7407,.T.);
#6475=EDGE_CURVE('',#4997,#5417,#7408,.T.);
#6476=EDGE_CURVE('',#5418,#5417,#556,.T.);
#6477=EDGE_CURVE('',#4998,#5418,#7409,.T.);
#6478=EDGE_CURVE('',#5419,#5418,#7410,.T.);
#6479=EDGE_CURVE('',#4999,#5419,#7411,.T.);
#6480=EDGE_CURVE('',#5000,#5420,#7412,.T.);
#6481=EDGE_CURVE('',#5420,#5419,#557,.T.);
#6482=EDGE_CURVE('',#5420,#5421,#7413,.T.);
#6483=EDGE_CURVE('',#5421,#5408,#7414,.T.);
#6484=EDGE_CURVE('',#5001,#5409,#7415,.T.);
#6485=EDGE_CURVE('',#5224,#5412,#7416,.T.);
#6486=EDGE_CURVE('',#5225,#5421,#7417,.T.);
#6487=EDGE_CURVE('',#5406,#5219,#7418,.T.);
#6488=EDGE_CURVE('',#5407,#5218,#7419,.T.);
#6489=EDGE_CURVE('',#5200,#4991,#7420,.T.);
#6490=EDGE_CURVE('',#5396,#5199,#7421,.T.);
#6491=EDGE_CURVE('',#5397,#5198,#7422,.T.);
#6492=EDGE_CURVE('',#5422,#5422,#558,.T.);
#6493=EDGE_CURVE('',#5423,#5423,#559,.T.);
#6494=EDGE_CURVE('',#5329,#5338,#7423,.T.);
#6495=EDGE_CURVE('',#5337,#5330,#7424,.T.);
#6496=EDGE_CURVE('',#5333,#5334,#7425,.T.);
#6497=EDGE_CURVE('',#5335,#5332,#7426,.T.);
#6498=EDGE_CURVE('',#5336,#5331,#7427,.T.);
#6499=EDGE_CURVE('',#5264,#4775,#7428,.T.);
#6500=EDGE_CURVE('',#5324,#4990,#7429,.T.);
#6501=EDGE_CURVE('',#5328,#4989,#7430,.T.);
#6502=EDGE_CURVE('',#4945,#5302,#7431,.T.);
#6503=EDGE_CURVE('',#5124,#4946,#7432,.T.);
#6504=EDGE_CURVE('',#5424,#5424,#560,.T.);
#6505=EDGE_CURVE('',#5425,#5426,#561,.T.);
#6506=EDGE_CURVE('',#5113,#5425,#7433,.T.);
#6507=EDGE_CURVE('',#5112,#5153,#7434,.T.);
#6508=EDGE_CURVE('',#5151,#5427,#7435,.T.);
#6509=EDGE_CURVE('',#5428,#5427,#562,.T.);
#6510=EDGE_CURVE('',#5428,#4826,#7436,.T.);
#6511=EDGE_CURVE('',#5429,#4825,#7437,.T.);
#6512=EDGE_CURVE('',#5430,#5429,#563,.T.);
#6513=EDGE_CURVE('',#5426,#5430,#7438,.T.);
#6514=EDGE_CURVE('',#5431,#5431,#564,.T.);
#6515=EDGE_CURVE('',#5426,#5311,#7439,.T.);
#6516=EDGE_CURVE('',#5114,#5425,#7440,.T.);
#6517=EDGE_CURVE('',#5432,#4951,#7441,.T.);
#6518=EDGE_CURVE('',#5433,#5432,#565,.T.);
#6519=EDGE_CURVE('',#5433,#4944,#7442,.T.);
#6520=EDGE_CURVE('',#5429,#4824,#7443,.T.);
#6521=EDGE_CURVE('',#5428,#4827,#7444,.T.);
#6522=EDGE_CURVE('',#5434,#5427,#7445,.T.);
#6523=EDGE_CURVE('',#5435,#5434,#566,.T.);
#6524=EDGE_CURVE('',#5435,#5430,#7446,.T.);
#6525=EDGE_CURVE('',#5192,#5188,#567,.T.);
#6526=EDGE_CURVE('',#5436,#5261,#692,.T.);
#6527=EDGE_CURVE('',#5187,#5436,#693,.T.);
#6528=EDGE_CURVE('',#5281,#5172,#7447,.T.);
#6529=EDGE_CURVE('',#5277,#5173,#7448,.T.);
#6530=EDGE_CURVE('',#5030,#4834,#694,.T.);
#6531=EDGE_CURVE('',#5437,#5139,#7449,.T.);
#6532=EDGE_CURVE('',#5438,#4835,#7450,.T.);
#6533=EDGE_CURVE('',#5438,#5437,#7451,.T.);
#6534=EDGE_CURVE('',#5121,#5037,#7452,.T.);
#6535=EDGE_CURVE('',#5036,#4844,#7453,.T.);
#6536=EDGE_CURVE('',#5035,#4845,#695,.T.);
#6537=EDGE_CURVE('',#5029,#5438,#7454,.T.);
#6538=EDGE_CURVE('',#5272,#4861,#696,.T.);
#6539=EDGE_CURVE('',#5439,#5439,#568,.T.);
#6540=EDGE_CURVE('',#5440,#5440,#569,.T.);
#6541=EDGE_CURVE('',#5441,#5441,#570,.T.);
#6542=EDGE_CURVE('',#5133,#5442,#7455,.T.);
#6543=EDGE_CURVE('',#5443,#5442,#571,.T.);
#6544=EDGE_CURVE('',#5144,#5443,#7456,.T.);
#6545=EDGE_CURVE('',#5062,#5146,#7457,.T.);
#6546=EDGE_CURVE('',#5061,#5134,#7458,.T.);
#6547=EDGE_CURVE('',#5444,#5444,#572,.T.);
#6548=EDGE_CURVE('',#5445,#5445,#573,.T.);
#6549=EDGE_CURVE('',#5446,#5446,#574,.T.);
#6550=EDGE_CURVE('',#5447,#5447,#575,.T.);
#6551=EDGE_CURVE('',#5448,#5448,#576,.T.);
#6552=EDGE_CURVE('',#5129,#5056,#7459,.T.);
#6553=EDGE_CURVE('',#5301,#5055,#7460,.T.);
#6554=EDGE_CURVE('',#5449,#5308,#7461,.T.);
#6555=EDGE_CURVE('',#5450,#5449,#577,.T.);
#6556=EDGE_CURVE('',#5450,#5130,#7462,.T.);
#6557=EDGE_CURVE('',#5451,#5451,#578,.T.);
#6558=EDGE_CURVE('',#5452,#5452,#579,.T.);
#6559=EDGE_CURVE('',#5453,#5453,#580,.T.);
#6560=EDGE_CURVE('',#4977,#4965,#7463,.T.);
#6561=EDGE_CURVE('',#5454,#5454,#581,.T.);
#6562=EDGE_CURVE('',#5455,#5455,#582,.T.);
#6563=EDGE_CURVE('',#5456,#5456,#583,.T.);
#6564=EDGE_CURVE('',#4967,#4969,#7464,.T.);
#6565=EDGE_CURVE('',#4837,#4970,#7465,.T.);
#6566=EDGE_CURVE('',#5457,#5457,#584,.T.);
#6567=EDGE_CURVE('',#5458,#5458,#585,.T.);
#6568=EDGE_CURVE('',#5459,#5459,#586,.T.);
#6569=EDGE_CURVE('',#5149,#5437,#7466,.T.);
#6570=EDGE_CURVE('',#5460,#5137,#697,.T.);
#6571=EDGE_CURVE('',#5461,#5136,#698,.T.);
#6572=EDGE_CURVE('',#5461,#5460,#699,.T.);
#6573=EDGE_CURVE('',#5154,#5462,#7467,.T.);
#6574=EDGE_CURVE('',#5462,#5461,#7468,.T.);
#6575=EDGE_CURVE('',#5460,#5195,#7469,.T.);
#6576=EDGE_CURVE('',#5460,#5059,#7470,.T.);
#6577=EDGE_CURVE('',#5462,#5060,#7471,.T.);
#6578=EDGE_CURVE('',#5463,#5463,#587,.T.);
#6579=EDGE_CURVE('',#5464,#5464,#588,.T.);
#6580=EDGE_CURVE('',#5465,#5465,#589,.T.);
#6581=EDGE_CURVE('',#5466,#5466,#590,.T.);
#6582=EDGE_CURVE('',#5467,#5467,#591,.T.);
#6583=EDGE_CURVE('',#5468,#5468,#592,.T.);
#6584=EDGE_CURVE('',#5469,#5469,#593,.T.);
#6585=EDGE_CURVE('',#5470,#5470,#594,.T.);
#6586=EDGE_CURVE('',#5471,#5472,#700,.T.);
#6587=EDGE_CURVE('',#5471,#5473,#267,.T.);
#6588=EDGE_CURVE('',#5474,#5473,#701,.T.);
#6589=EDGE_CURVE('',#5472,#5474,#268,.T.);
#6590=EDGE_CURVE('',#5475,#5476,#702,.T.);
#6591=EDGE_CURVE('',#5475,#5477,#269,.T.);
#6592=EDGE_CURVE('',#5478,#5477,#703,.T.);
#6593=EDGE_CURVE('',#5476,#5478,#270,.T.);
#6594=EDGE_CURVE('',#5479,#5168,#7472,.T.);
#6595=EDGE_CURVE('',#5479,#5190,#7473,.T.);
#6596=EDGE_CURVE('',#5480,#5167,#7474,.T.);
#6597=EDGE_CURVE('',#5480,#5479,#7475,.T.);
#6598=EDGE_CURVE('',#5194,#5480,#7476,.T.);
#6599=EDGE_CURVE('',#5068,#5479,#7477,.T.);
#6600=EDGE_CURVE('',#5069,#5480,#7478,.T.);
#6601=EDGE_CURVE('',#5177,#5171,#7479,.T.);
#6602=EDGE_CURVE('',#5303,#5433,#7480,.T.);
#6603=EDGE_CURVE('',#5304,#5432,#7481,.T.);
#6604=EDGE_CURVE('',#5306,#5435,#7482,.T.);
#6605=EDGE_CURVE('',#5307,#5434,#7483,.T.);
#6606=EDGE_CURVE('',#5450,#5442,#7484,.T.);
#6607=EDGE_CURVE('',#5449,#5443,#7485,.T.);
#6608=EDGE_CURVE('',#4814,#4849,#7486,.T.);
#6609=EDGE_CURVE('',#4813,#4850,#7487,.T.);
#6610=EDGE_CURVE('',#5238,#4807,#7488,.T.);
#6611=EDGE_CURVE('',#5237,#4806,#7489,.T.);
#6612=EDGE_CURVE('',#4798,#4838,#7490,.T.);
#6613=EDGE_CURVE('',#4797,#4839,#7491,.T.);
#6614=EDGE_CURVE('',#5236,#4791,#7492,.T.);
#6615=EDGE_CURVE('',#5235,#4790,#7493,.T.);
#6616=EDGE_CURVE('',#5481,#5481,#595,.T.);
#6617=EDGE_CURVE('',#5482,#5482,#596,.T.);
#6618=EDGE_CURVE('',#5483,#5483,#597,.T.);
#6619=EDGE_CURVE('',#5484,#5484,#598,.T.);
#6620=EDGE_CURVE('',#5485,#5485,#599,.T.);
#6621=EDGE_CURVE('',#5486,#5486,#600,.T.);
#6622=EDGE_CURVE('',#5487,#5487,#601,.T.);
#6623=EDGE_CURVE('',#5488,#5488,#602,.T.);
#6624=EDGE_CURVE('',#5489,#5489,#603,.T.);
#6625=EDGE_CURVE('',#5490,#5490,#604,.T.);
#6626=EDGE_CURVE('',#5295,#4928,#7494,.T.);
#6627=EDGE_CURVE('',#5297,#4927,#7495,.T.);
#6628=EDGE_CURVE('',#5296,#4929,#7496,.T.);
#6629=EDGE_CURVE('',#5299,#5491,#7497,.T.);
#6630=EDGE_CURVE('',#5492,#5491,#7498,.T.);
#6631=EDGE_CURVE('',#5298,#5492,#7499,.T.);
#6632=EDGE_CURVE('',#5300,#5493,#7500,.T.);
#6633=EDGE_CURVE('',#5491,#5493,#7501,.T.);
#6634=EDGE_CURVE('',#5493,#5492,#7502,.T.);
#6635=EDGE_CURVE('',#5242,#5077,#7503,.T.);
#6636=EDGE_CURVE('',#5241,#5078,#704,.T.);
#6637=EDGE_CURVE('',#5289,#5494,#7504,.T.);
#6638=EDGE_CURVE('',#5495,#5494,#7505,.T.);
#6639=EDGE_CURVE('',#5288,#5495,#7506,.T.);
#6640=EDGE_CURVE('',#5290,#5496,#7507,.T.);
#6641=EDGE_CURVE('',#5494,#5496,#7508,.T.);
#6642=EDGE_CURVE('',#5496,#5495,#7509,.T.);
#6643=EDGE_CURVE('',#5283,#5497,#7510,.T.);
#6644=EDGE_CURVE('',#5498,#5497,#7511,.T.);
#6645=EDGE_CURVE('',#5282,#5498,#7512,.T.);
#6646=EDGE_CURVE('',#5284,#5499,#7513,.T.);
#6647=EDGE_CURVE('',#5497,#5499,#7514,.T.);
#6648=EDGE_CURVE('',#5499,#5498,#7515,.T.);
#6649=EDGE_CURVE('',#5275,#5500,#7516,.T.);
#6650=EDGE_CURVE('',#5500,#5501,#7517,.T.);
#6651=EDGE_CURVE('',#5274,#5501,#7518,.T.);
#6652=EDGE_CURVE('',#5276,#5502,#7519,.T.);
#6653=EDGE_CURVE('',#5502,#5500,#7520,.T.);
#6654=EDGE_CURVE('',#5501,#5502,#7521,.T.);
#6655=EDGE_CURVE('',#5477,#5475,#271,.T.);
#6656=EDGE_CURVE('',#5473,#5471,#273,.T.);
#6657=EDGE_CURVE('',#5279,#5503,#7522,.T.);
#6658=EDGE_CURVE('',#5503,#5504,#7523,.T.);
#6659=EDGE_CURVE('',#5278,#5504,#7524,.T.);
#6660=EDGE_CURVE('',#5280,#5505,#7525,.T.);
#6661=EDGE_CURVE('',#5503,#5505,#7526,.T.);
#6662=EDGE_CURVE('',#5505,#5504,#7527,.T.);
#6663=EDGE_CURVE('',#5286,#5506,#7528,.T.);
#6664=EDGE_CURVE('',#5507,#5506,#7529,.T.);
#6665=EDGE_CURVE('',#5285,#5507,#7530,.T.);
#6666=EDGE_CURVE('',#5287,#5508,#7531,.T.);
#6667=EDGE_CURVE('',#5506,#5508,#7532,.T.);
#6668=EDGE_CURVE('',#5508,#5507,#7533,.T.);
#6669=EDGE_CURVE('',#5248,#5509,#7534,.T.);
#6670=EDGE_CURVE('',#5509,#5510,#7535,.T.);
#6671=EDGE_CURVE('',#5247,#5510,#7536,.T.);
#6672=EDGE_CURVE('',#5249,#5511,#7537,.T.);
#6673=EDGE_CURVE('',#5511,#5509,#7538,.T.);
#6674=EDGE_CURVE('',#5510,#5512,#7539,.T.);
#6675=EDGE_CURVE('',#5512,#5513,#7540,.T.);
#6676=EDGE_CURVE('',#5513,#5514,#7541,.T.);
#6677=EDGE_CURVE('',#5514,#5515,#7542,.T.);
#6678=EDGE_CURVE('',#5515,#5516,#7543,.T.);
#6679=EDGE_CURVE('',#5516,#5517,#7544,.T.);
#6680=EDGE_CURVE('',#5517,#5511,#7545,.T.);
#6681=EDGE_CURVE('',#5259,#5518,#7546,.T.);
#6682=EDGE_CURVE('',#5519,#5518,#7547,.T.);
#6683=EDGE_CURVE('',#5258,#5519,#7548,.T.);
#6684=EDGE_CURVE('',#5260,#5520,#7549,.T.);
#6685=EDGE_CURVE('',#5518,#5520,#7550,.T.);
#6686=EDGE_CURVE('',#5521,#5519,#7551,.T.);
#6687=EDGE_CURVE('',#5522,#5521,#7552,.T.);
#6688=EDGE_CURVE('',#5523,#5522,#7553,.T.);
#6689=EDGE_CURVE('',#5524,#5523,#7554,.T.);
#6690=EDGE_CURVE('',#5525,#5524,#7555,.T.);
#6691=EDGE_CURVE('',#5526,#5525,#7556,.T.);
#6692=EDGE_CURVE('',#5520,#5526,#7557,.T.);
#6693=EDGE_CURVE('',#5346,#4781,#7558,.T.);
#6694=EDGE_CURVE('',#5005,#5010,#7559,.T.);
#6695=EDGE_CURVE('',#5027,#5180,#7560,.T.);
#6696=EDGE_CURVE('',#5023,#5183,#7561,.T.);
#6697=EDGE_CURVE('',#5292,#5527,#7562,.T.);
#6698=EDGE_CURVE('',#5291,#5527,#7563,.T.);
#6699=EDGE_CURVE('',#5528,#5294,#7564,.T.);
#6700=EDGE_CURVE('',#5527,#5528,#7565,.T.);
#6701=EDGE_CURVE('',#5293,#5528,#7566,.T.);
#6702=EDGE_CURVE('',#5529,#5529,#605,.T.);
#6703=EDGE_CURVE('',#5530,#5530,#275,.T.);
#6704=EDGE_CURVE('',#5531,#5531,#276,.T.);
#6705=EDGE_CURVE('',#5532,#5532,#277,.T.);
#6706=EDGE_CURVE('',#5533,#5534,#7567,.T.);
#6707=EDGE_CURVE('',#5535,#5533,#7568,.T.);
#6708=EDGE_CURVE('',#5535,#5536,#7569,.T.);
#6709=EDGE_CURVE('',#5536,#5534,#7570,.T.);
#6710=EDGE_CURVE('',#5535,#5537,#7571,.T.);
#6711=EDGE_CURVE('',#5538,#5537,#7572,.T.);
#6712=EDGE_CURVE('',#5539,#5538,#7573,.T.);
#6713=EDGE_CURVE('',#5536,#5539,#7574,.T.);
#6714=EDGE_CURVE('',#5539,#5540,#7575,.T.);
#6715=EDGE_CURVE('',#5541,#5538,#7576,.T.);
#6716=EDGE_CURVE('',#5540,#5541,#7577,.T.);
#6717=EDGE_CURVE('',#5533,#5542,#7578,.T.);
#6718=EDGE_CURVE('',#5534,#5540,#7579,.T.);
#6719=EDGE_CURVE('',#5541,#5542,#7580,.T.);
#6720=EDGE_CURVE('',#5542,#5537,#7581,.T.);
#6721=EDGE_CURVE('',#5543,#5543,#278,.T.);
#6722=EDGE_CURVE('',#5544,#5544,#606,.T.);
#6723=EDGE_CURVE('',#5545,#5545,#607,.T.);
#6724=EDGE_CURVE('',#5546,#5546,#608,.T.);
#6725=LINE('',#11263,#7582);
#6726=LINE('',#11266,#7583);
#6727=LINE('',#11268,#7584);
#6728=LINE('',#11270,#7585);
#6729=LINE('',#11272,#7586);
#6730=LINE('',#11274,#7587);
#6731=LINE('',#11276,#7588);
#6732=LINE('',#11278,#7589);
#6733=LINE('',#11280,#7590);
#6734=LINE('',#11283,#7591);
#6735=LINE('',#11285,#7592);
#6736=LINE('',#11287,#7593);
#6737=LINE('',#11289,#7594);
#6738=LINE('',#11292,#7595);
#6739=LINE('',#11299,#7596);
#6740=LINE('',#11301,#7597);
#6741=LINE('',#11303,#7598);
#6742=LINE('',#11305,#7599);
#6743=LINE('',#11307,#7600);
#6744=LINE('',#11311,#7601);
#6745=LINE('',#11314,#7602);
#6746=LINE('',#11316,#7603);
#6747=LINE('',#11318,#7604);
#6748=LINE('',#11319,#7605);
#6749=LINE('',#11322,#7606);
#6750=LINE('',#11324,#7607);
#6751=LINE('',#11332,#7608);
#6752=LINE('',#11334,#7609);
#6753=LINE('',#11336,#7610);
#6754=LINE('',#11338,#7611);
#6755=LINE('',#11340,#7612);
#6756=LINE('',#11342,#7613);
#6757=LINE('',#11344,#7614);
#6758=LINE('',#11351,#7615);
#6759=LINE('',#11357,#7616);
#6760=LINE('',#11361,#7617);
#6761=LINE('',#11367,#7618);
#6762=LINE('',#11371,#7619);
#6763=LINE('',#11375,#7620);
#6764=LINE('',#11384,#7621);
#6765=LINE('',#11390,#7622);
#6766=LINE('',#11394,#7623);
#6767=LINE('',#11400,#7624);
#6768=LINE('',#11404,#7625);
#6769=LINE('',#11408,#7626);
#6770=LINE('',#11410,#7627);
#6771=LINE('',#11412,#7628);
#6772=LINE('',#11416,#7629);
#6773=LINE('',#11418,#7630);
#6774=LINE('',#11420,#7631);
#6775=LINE('',#11422,#7632);
#6776=LINE('',#11424,#7633);
#6777=LINE('',#11426,#7634);
#6778=LINE('',#11430,#7635);
#6779=LINE('',#11432,#7636);
#6780=LINE('',#11434,#7637);
#6781=LINE('',#11438,#7638);
#6782=LINE('',#11440,#7639);
#6783=LINE('',#11442,#7640);
#6784=LINE('',#11444,#7641);
#6785=LINE('',#11451,#7642);
#6786=LINE('',#11458,#7643);
#6787=LINE('',#11460,#7644);
#6788=LINE('',#11462,#7645);
#6789=LINE('',#11465,#7646);
#6790=LINE('',#11467,#7647);
#6791=LINE('',#11469,#7648);
#6792=LINE('',#11471,#7649);
#6793=LINE('',#11473,#7650);
#6794=LINE('',#11477,#7651);
#6795=LINE('',#11479,#7652);
#6796=LINE('',#11481,#7653);
#6797=LINE('',#11488,#7654);
#6798=LINE('',#11490,#7655);
#6799=LINE('',#11492,#7656);
#6800=LINE('',#11493,#7657);
#6801=LINE('',#11495,#7658);
#6802=LINE('',#11497,#7659);
#6803=LINE('',#11499,#7660);
#6804=LINE('',#11500,#7661);
#6805=LINE('',#11502,#7662);
#6806=LINE('',#11504,#7663);
#6807=LINE('',#11506,#7664);
#6808=LINE('',#11508,#7665);
#6809=LINE('',#11510,#7666);
#6810=LINE('',#11512,#7667);
#6811=LINE('',#11513,#7668);
#6812=LINE('',#11515,#7669);
#6813=LINE('',#11517,#7670);
#6814=LINE('',#11519,#7671);
#6815=LINE('',#11520,#7672);
#6816=LINE('',#11522,#7673);
#6817=LINE('',#11525,#7674);
#6818=LINE('',#11527,#7675);
#6819=LINE('',#11529,#7676);
#6820=LINE('',#11531,#7677);
#6821=LINE('',#11532,#7678);
#6822=LINE('',#11534,#7679);
#6823=LINE('',#11536,#7680);
#6824=LINE('',#11537,#7681);
#6825=LINE('',#11539,#7682);
#6826=LINE('',#11541,#7683);
#6827=LINE('',#11542,#7684);
#6828=LINE('',#11546,#7685);
#6829=LINE('',#11548,#7686);
#6830=LINE('',#11550,#7687);
#6831=LINE('',#11552,#7688);
#6832=LINE('',#11554,#7689);
#6833=LINE('',#11555,#7690);
#6834=LINE('',#11557,#7691);
#6835=LINE('',#11560,#7692);
#6836=LINE('',#11562,#7693);
#6837=LINE('',#11564,#7694);
#6838=LINE('',#11565,#7695);
#6839=LINE('',#11568,#7696);
#6840=LINE('',#11570,#7697);
#6841=LINE('',#11572,#7698);
#6842=LINE('',#11574,#7699);
#6843=LINE('',#11576,#7700);
#6844=LINE('',#11580,#7701);
#6845=LINE('',#11582,#7702);
#6846=LINE('',#11584,#7703);
#6847=LINE('',#11586,#7704);
#6848=LINE('',#11589,#7705);
#6849=LINE('',#11590,#7706);
#6850=LINE('',#11594,#7707);
#6851=LINE('',#11598,#7708);
#6852=LINE('',#11600,#7709);
#6853=LINE('',#11601,#7710);
#6854=LINE('',#11603,#7711);
#6855=LINE('',#11605,#7712);
#6856=LINE('',#11607,#7713);
#6857=LINE('',#11609,#7714);
#6858=LINE('',#11611,#7715);
#6859=LINE('',#11613,#7716);
#6860=LINE('',#11615,#7717);
#6861=LINE('',#11618,#7718);
#6862=LINE('',#11620,#7719);
#6863=LINE('',#11622,#7720);
#6864=LINE('',#11624,#7721);
#6865=LINE('',#11626,#7722);
#6866=LINE('',#11627,#7723);
#6867=LINE('',#11629,#7724);
#6868=LINE('',#11633,#7725);
#6869=LINE('',#11637,#7726);
#6870=LINE('',#11639,#7727);
#6871=LINE('',#11641,#7728);
#6872=LINE('',#11643,#7729);
#6873=LINE('',#11645,#7730);
#6874=LINE('',#11655,#7731);
#6875=LINE('',#11656,#7732);
#6876=LINE('',#11657,#7733);
#6877=LINE('',#11659,#7734);
#6878=LINE('',#11663,#7735);
#6879=LINE('',#11665,#7736);
#6880=LINE('',#11667,#7737);
#6881=LINE('',#11669,#7738);
#6882=LINE('',#11671,#7739);
#6883=LINE('',#11673,#7740);
#6884=LINE('',#11675,#7741);
#6885=LINE('',#11677,#7742);
#6886=LINE('',#11679,#7743);
#6887=LINE('',#11681,#7744);
#6888=LINE('',#11683,#7745);
#6889=LINE('',#11685,#7746);
#6890=LINE('',#11687,#7747);
#6891=LINE('',#11689,#7748);
#6892=LINE('',#11691,#7749);
#6893=LINE('',#11692,#7750);
#6894=LINE('',#11694,#7751);
#6895=LINE('',#11695,#7752);
#6896=LINE('',#11697,#7753);
#6897=LINE('',#11700,#7754);
#6898=LINE('',#11702,#7755);
#6899=LINE('',#11708,#7756);
#6900=LINE('',#11711,#7757);
#6901=LINE('',#11715,#7758);
#6902=LINE('',#11717,#7759);
#6903=LINE('',#11719,#7760);
#6904=LINE('',#11721,#7761);
#6905=LINE('',#11723,#7762);
#6906=LINE('',#11725,#7763);
#6907=LINE('',#11727,#7764);
#6908=LINE('',#11729,#7765);
#6909=LINE('',#11733,#7766);
#6910=LINE('',#11737,#7767);
#6911=LINE('',#11739,#7768);
#6912=LINE('',#11741,#7769);
#6913=LINE('',#11745,#7770);
#6914=LINE('',#11749,#7771);
#6915=LINE('',#11751,#7772);
#6916=LINE('',#11755,#7773);
#6917=LINE('',#11757,#7774);
#6918=LINE('',#11760,#7775);
#6919=LINE('',#11762,#7776);
#6920=LINE('',#11764,#7777);
#6921=LINE('',#11766,#7778);
#6922=LINE('',#11768,#7779);
#6923=LINE('',#11770,#7780);
#6924=LINE('',#11772,#7781);
#6925=LINE('',#11774,#7782);
#6926=LINE('',#11776,#7783);
#6927=LINE('',#11778,#7784);
#6928=LINE('',#11784,#7785);
#6929=LINE('',#11786,#7786);
#6930=LINE('',#11788,#7787);
#6931=LINE('',#11792,#7788);
#6932=LINE('',#11797,#7789);
#6933=LINE('',#11799,#7790);
#6934=LINE('',#11801,#7791);
#6935=LINE('',#11803,#7792);
#6936=LINE('',#11804,#7793);
#6937=LINE('',#11805,#7794);
#6938=LINE('',#11809,#7795);
#6939=LINE('',#11811,#7796);
#6940=LINE('',#11813,#7797);
#6941=LINE('',#11816,#7798);
#6942=LINE('',#11818,#7799);
#6943=LINE('',#11820,#7800);
#6944=LINE('',#11822,#7801);
#6945=LINE('',#11823,#7802);
#6946=LINE('',#11824,#7803);
#6947=LINE('',#11827,#7804);
#6948=LINE('',#11829,#7805);
#6949=LINE('',#11831,#7806);
#6950=LINE('',#11833,#7807);
#6951=LINE('',#11835,#7808);
#6952=LINE('',#11837,#7809);
#6953=LINE('',#11838,#7810);
#6954=LINE('',#11840,#7811);
#6955=LINE('',#11842,#7812);
#6956=LINE('',#11844,#7813);
#6957=LINE('',#11847,#7814);
#6958=LINE('',#11848,#7815);
#6959=LINE('',#11850,#7816);
#6960=LINE('',#11852,#7817);
#6961=LINE('',#11854,#7818);
#6962=LINE('',#11856,#7819);
#6963=LINE('',#11860,#7820);
#6964=LINE('',#11864,#7821);
#6965=LINE('',#11868,#7822);
#6966=LINE('',#11872,#7823);
#6967=LINE('',#11874,#7824);
#6968=LINE('',#11876,#7825);
#6969=LINE('',#11882,#7826);
#6970=LINE('',#11883,#7827);
#6971=LINE('',#11884,#7828);
#6972=LINE('',#11886,#7829);
#6973=LINE('',#11890,#7830);
#6974=LINE('',#11894,#7831);
#6975=LINE('',#11898,#7832);
#6976=LINE('',#11900,#7833);
#6977=LINE('',#11902,#7834);
#6978=LINE('',#11904,#7835);
#6979=LINE('',#11906,#7836);
#6980=LINE('',#11907,#7837);
#6981=LINE('',#11909,#7838);
#6982=LINE('',#11911,#7839);
#6983=LINE('',#11913,#7840);
#6984=LINE('',#11915,#7841);
#6985=LINE('',#11920,#7842);
#6986=LINE('',#11924,#7843);
#6987=LINE('',#11928,#7844);
#6988=LINE('',#11932,#7845);
#6989=LINE('',#11933,#7846);
#6990=LINE('',#11935,#7847);
#6991=LINE('',#11940,#7848);
#6992=LINE('',#11944,#7849);
#6993=LINE('',#11946,#7850);
#6994=LINE('',#11948,#7851);
#6995=LINE('',#11989,#7852);
#6996=LINE('',#11991,#7853);
#6997=LINE('',#11993,#7854);
#6998=LINE('',#11995,#7855);
#6999=LINE('',#11998,#7856);
#7000=LINE('',#12000,#7857);
#7001=LINE('',#12002,#7858);
#7002=LINE('',#12004,#7859);
#7003=LINE('',#12006,#7860);
#7004=LINE('',#12009,#7861);
#7005=LINE('',#12011,#7862);
#7006=LINE('',#12013,#7863);
#7007=LINE('',#12015,#7864);
#7008=LINE('',#12017,#7865);
#7009=LINE('',#12020,#7866);
#7010=LINE('',#12022,#7867);
#7011=LINE('',#12024,#7868);
#7012=LINE('',#12025,#7869);
#7013=LINE('',#12027,#7870);
#7014=LINE('',#12029,#7871);
#7015=LINE('',#12031,#7872);
#7016=LINE('',#12032,#7873);
#7017=LINE('',#12036,#7874);
#7018=LINE('',#12039,#7875);
#7019=LINE('',#12043,#7876);
#7020=LINE('',#12045,#7877);
#7021=LINE('',#12047,#7878);
#7022=LINE('',#12049,#7879);
#7023=LINE('',#12051,#7880);
#7024=LINE('',#12055,#7881);
#7025=LINE('',#12057,#7882);
#7026=LINE('',#12059,#7883);
#7027=LINE('',#12066,#7884);
#7028=LINE('',#12068,#7885);
#7029=LINE('',#12070,#7886);
#7030=LINE('',#12072,#7887);
#7031=LINE('',#12074,#7888);
#7032=LINE('',#12081,#7889);
#7033=LINE('',#12083,#7890);
#7034=LINE('',#12086,#7891);
#7035=LINE('',#12088,#7892);
#7036=LINE('',#12090,#7893);
#7037=LINE('',#12092,#7894);
#7038=LINE('',#12094,#7895);
#7039=LINE('',#12113,#7896);
#7040=LINE('',#12118,#7897);
#7041=LINE('',#12120,#7898);
#7042=LINE('',#12122,#7899);
#7043=LINE('',#12127,#7900);
#7044=LINE('',#12129,#7901);
#7045=LINE('',#12131,#7902);
#7046=LINE('',#12133,#7903);
#7047=LINE('',#12135,#7904);
#7048=LINE('',#12137,#7905);
#7049=LINE('',#12139,#7906);
#7050=LINE('',#12141,#7907);
#7051=LINE('',#12143,#7908);
#7052=LINE('',#12145,#7909);
#7053=LINE('',#12147,#7910);
#7054=LINE('',#12149,#7911);
#7055=LINE('',#12152,#7912);
#7056=LINE('',#12153,#7913);
#7057=LINE('',#12155,#7914);
#7058=LINE('',#12157,#7915);
#7059=LINE('',#12159,#7916);
#7060=LINE('',#12161,#7917);
#7061=LINE('',#12163,#7918);
#7062=LINE('',#12181,#7919);
#7063=LINE('',#12182,#7920);
#7064=LINE('',#12183,#7921);
#7065=LINE('',#12192,#7922);
#7066=LINE('',#12194,#7923);
#7067=LINE('',#12196,#7924);
#7068=LINE('',#12198,#7925);
#7069=LINE('',#12202,#7926);
#7070=LINE('',#12204,#7927);
#7071=LINE('',#12206,#7928);
#7072=LINE('',#12210,#7929);
#7073=LINE('',#12212,#7930);
#7074=LINE('',#12214,#7931);
#7075=LINE('',#12216,#7932);
#7076=LINE('',#12218,#7933);
#7077=LINE('',#12220,#7934);
#7078=LINE('',#12222,#7935);
#7079=LINE('',#12224,#7936);
#7080=LINE('',#12226,#7937);
#7081=LINE('',#12228,#7938);
#7082=LINE('',#12229,#7939);
#7083=LINE('',#12230,#7940);
#7084=LINE('',#12232,#7941);
#7085=LINE('',#12236,#7942);
#7086=LINE('',#12237,#7943);
#7087=LINE('',#12241,#7944);
#7088=LINE('',#12243,#7945);
#7089=LINE('',#12245,#7946);
#7090=LINE('',#12248,#7947);
#7091=LINE('',#12252,#7948);
#7092=LINE('',#12254,#7949);
#7093=LINE('',#12256,#7950);
#7094=LINE('',#12258,#7951);
#7095=LINE('',#12262,#7952);
#7096=LINE('',#12264,#7953);
#7097=LINE('',#12271,#7954);
#7098=LINE('',#12273,#7955);
#7099=LINE('',#12275,#7956);
#7100=LINE('',#12278,#7957);
#7101=LINE('',#12280,#7958);
#7102=LINE('',#12282,#7959);
#7103=LINE('',#12284,#7960);
#7104=LINE('',#12287,#7961);
#7105=LINE('',#12290,#7962);
#7106=LINE('',#12294,#7963);
#7107=LINE('',#12297,#7964);
#7108=LINE('',#12298,#7965);
#7109=LINE('',#12300,#7966);
#7110=LINE('',#12301,#7967);
#7111=LINE('',#12302,#7968);
#7112=LINE('',#12303,#7969);
#7113=LINE('',#12305,#7970);
#7114=LINE('',#12307,#7971);
#7115=LINE('',#12309,#7972);
#7116=LINE('',#12310,#7973);
#7117=LINE('',#12312,#7974);
#7118=LINE('',#12317,#7975);
#7119=LINE('',#12320,#7976);
#7120=LINE('',#12322,#7977);
#7121=LINE('',#12324,#7978);
#7122=LINE('',#12326,#7979);
#7123=LINE('',#12329,#7980);
#7124=LINE('',#12331,#7981);
#7125=LINE('',#12333,#7982);
#7126=LINE('',#12336,#7983);
#7127=LINE('',#12338,#7984);
#7128=LINE('',#12340,#7985);
#7129=LINE('',#12342,#7986);
#7130=LINE('',#12344,#7987);
#7131=LINE('',#12346,#7988);
#7132=LINE('',#12354,#7989);
#7133=LINE('',#12356,#7990);
#7134=LINE('',#12358,#7991);
#7135=LINE('',#12360,#7992);
#7136=LINE('',#12362,#7993);
#7137=LINE('',#12370,#7994);
#7138=LINE('',#12372,#7995);
#7139=LINE('',#12374,#7996);
#7140=LINE('',#12379,#7997);
#7141=LINE('',#12389,#7998);
#7142=LINE('',#12391,#7999);
#7143=LINE('',#12395,#8000);
#7144=LINE('',#12396,#8001);
#7145=LINE('',#12397,#8002);
#7146=LINE('',#12401,#8003);
#7147=LINE('',#12403,#8004);
#7148=LINE('',#12410,#8005);
#7149=LINE('',#12412,#8006);
#7150=LINE('',#12414,#8007);
#7151=LINE('',#12421,#8008);
#7152=LINE('',#12422,#8009);
#7153=LINE('',#12423,#8010);
#7154=LINE('',#12425,#8011);
#7155=LINE('',#12427,#8012);
#7156=LINE('',#12432,#8013);
#7157=LINE('',#12433,#8014);
#7158=LINE('',#12434,#8015);
#7159=LINE('',#12436,#8016);
#7160=LINE('',#12438,#8017);
#7161=LINE('',#12440,#8018);
#7162=LINE('',#12446,#8019);
#7163=LINE('',#12448,#8020);
#7164=LINE('',#12449,#8021);
#7165=LINE('',#12451,#8022);
#7166=LINE('',#12453,#8023);
#7167=LINE('',#12455,#8024);
#7168=LINE('',#12456,#8025);
#7169=LINE('',#12457,#8026);
#7170=LINE('',#12459,#8027);
#7171=LINE('',#12461,#8028);
#7172=LINE('',#12463,#8029);
#7173=LINE('',#12469,#8030);
#7174=LINE('',#12471,#8031);
#7175=LINE('',#12472,#8032);
#7176=LINE('',#12474,#8033);
#7177=LINE('',#12479,#8034);
#7178=LINE('',#12483,#8035);
#7179=LINE('',#12586,#8036);
#7180=LINE('',#12589,#8037);
#7181=LINE('',#12591,#8038);
#7182=LINE('',#12593,#8039);
#7183=LINE('',#12595,#8040);
#7184=LINE('',#12597,#8041);
#7185=LINE('',#12599,#8042);
#7186=LINE('',#12601,#8043);
#7187=LINE('',#12676,#8044);
#7188=LINE('',#12679,#8045);
#7189=LINE('',#12681,#8046);
#7190=LINE('',#12683,#8047);
#7191=LINE('',#12685,#8048);
#7192=LINE('',#12690,#8049);
#7193=LINE('',#12755,#8050);
#7194=LINE('',#12756,#8051);
#7195=LINE('',#12758,#8052);
#7196=LINE('',#12760,#8053);
#7197=LINE('',#12761,#8054);
#7198=LINE('',#12763,#8055);
#7199=LINE('',#13082,#8056);
#7200=LINE('',#13084,#8057);
#7201=LINE('',#13085,#8058);
#7202=LINE('',#13098,#8059);
#7203=LINE('',#13106,#8060);
#7204=LINE('',#13108,#8061);
#7205=LINE('',#13110,#8062);
#7206=LINE('',#13113,#8063);
#7207=LINE('',#13115,#8064);
#7208=LINE('',#13116,#8065);
#7209=LINE('',#13122,#8066);
#7210=LINE('',#13127,#8067);
#7211=LINE('',#13140,#8068);
#7212=LINE('',#13143,#8069);
#7213=LINE('',#13145,#8070);
#7214=LINE('',#13146,#8071);
#7215=LINE('',#13159,#8072);
#7216=LINE('',#13161,#8073);
#7217=LINE('',#13162,#8074);
#7218=LINE('',#13163,#8075);
#7219=LINE('',#13169,#8076);
#7220=LINE('',#13170,#8077);
#7221=LINE('',#13219,#8078);
#7222=LINE('',#13221,#8079);
#7223=LINE('',#13223,#8080);
#7224=LINE('',#13229,#8081);
#7225=LINE('',#13236,#8082);
#7226=LINE('',#13263,#8083);
#7227=LINE('',#13265,#8084);
#7228=LINE('',#13461,#8085);
#7229=LINE('',#13464,#8086);
#7230=LINE('',#13466,#8087);
#7231=LINE('',#13467,#8088);
#7232=LINE('',#13469,#8089);
#7233=LINE('',#13470,#8090);
#7234=LINE('',#13472,#8091);
#7235=LINE('',#13475,#8092);
#7236=LINE('',#13477,#8093);
#7237=LINE('',#13478,#8094);
#7238=LINE('',#13480,#8095);
#7239=LINE('',#13482,#8096);
#7240=LINE('',#13485,#8097);
#7241=LINE('',#13487,#8098);
#7242=LINE('',#13493,#8099);
#7243=LINE('',#13496,#8100);
#7244=LINE('',#13498,#8101);
#7245=LINE('',#13502,#8102);
#7246=LINE('',#13505,#8103);
#7247=LINE('',#13507,#8104);
#7248=LINE('',#13508,#8105);
#7249=LINE('',#13510,#8106);
#7250=LINE('',#13513,#8107);
#7251=LINE('',#13515,#8108);
#7252=LINE('',#13517,#8109);
#7253=LINE('',#13521,#8110);
#7254=LINE('',#13524,#8111);
#7255=LINE('',#13526,#8112);
#7256=LINE('',#13530,#8113);
#7257=LINE('',#13533,#8114);
#7258=LINE('',#13535,#8115);
#7259=LINE('',#13653,#8116);
#7260=LINE('',#13657,#8117);
#7261=LINE('',#13659,#8118);
#7262=LINE('',#13661,#8119);
#7263=LINE('',#13662,#8120);
#7264=LINE('',#13664,#8121);
#7265=LINE('',#13666,#8122);
#7266=LINE('',#13668,#8123);
#7267=LINE('',#13669,#8124);
#7268=LINE('',#13679,#8125);
#7269=LINE('',#13683,#8126);
#7270=LINE('',#13685,#8127);
#7271=LINE('',#13687,#8128);
#7272=LINE('',#13689,#8129);
#7273=LINE('',#13692,#8130);
#7274=LINE('',#13694,#8131);
#7275=LINE('',#13698,#8132);
#7276=LINE('',#13705,#8133);
#7277=LINE('',#13709,#8134);
#7278=LINE('',#13711,#8135);
#7279=LINE('',#13712,#8136);
#7280=LINE('',#13714,#8137);
#7281=LINE('',#13717,#8138);
#7282=LINE('',#13719,#8139);
#7283=LINE('',#13720,#8140);
#7284=LINE('',#13722,#8141);
#7285=LINE('',#13724,#8142);
#7286=LINE('',#13726,#8143);
#7287=LINE('',#13728,#8144);
#7288=LINE('',#13730,#8145);
#7289=LINE('',#13732,#8146);
#7290=LINE('',#13734,#8147);
#7291=LINE('',#13738,#8148);
#7292=LINE('',#13742,#8149);
#7293=LINE('',#13745,#8150);
#7294=LINE('',#13749,#8151);
#7295=LINE('',#13753,#8152);
#7296=LINE('',#13755,#8153);
#7297=LINE('',#13757,#8154);
#7298=LINE('',#13758,#8155);
#7299=LINE('',#13760,#8156);
#7300=LINE('',#13762,#8157);
#7301=LINE('',#13764,#8158);
#7302=LINE('',#13767,#8159);
#7303=LINE('',#13768,#8160);
#7304=LINE('',#13769,#8161);
#7305=LINE('',#13771,#8162);
#7306=LINE('',#13773,#8163);
#7307=LINE('',#13774,#8164);
#7308=LINE('',#13784,#8165);
#7309=LINE('',#13788,#8166);
#7310=LINE('',#13790,#8167);
#7311=LINE('',#13791,#8168);
#7312=LINE('',#13793,#8169);
#7313=LINE('',#13795,#8170);
#7314=LINE('',#13797,#8171);
#7315=LINE('',#13799,#8172);
#7316=LINE('',#13801,#8173);
#7317=LINE('',#13803,#8174);
#7318=LINE('',#13805,#8175);
#7319=LINE('',#13807,#8176);
#7320=LINE('',#13810,#8177);
#7321=LINE('',#13812,#8178);
#7322=LINE('',#13814,#8179);
#7323=LINE('',#13816,#8180);
#7324=LINE('',#13819,#8181);
#7325=LINE('',#13821,#8182);
#7326=LINE('',#13824,#8183);
#7327=LINE('',#13825,#8184);
#7328=LINE('',#13827,#8185);
#7329=LINE('',#13829,#8186);
#7330=LINE('',#13854,#8187);
#7331=LINE('',#13859,#8188);
#7332=LINE('',#13860,#8189);
#7333=LINE('',#13862,#8190);
#7334=LINE('',#13864,#8191);
#7335=LINE('',#13866,#8192);
#7336=LINE('',#13869,#8193);
#7337=LINE('',#13871,#8194);
#7338=LINE('',#13873,#8195);
#7339=LINE('',#13880,#8196);
#7340=LINE('',#13881,#8197);
#7341=LINE('',#13883,#8198);
#7342=LINE('',#13885,#8199);
#7343=LINE('',#13887,#8200);
#7344=LINE('',#13913,#8201);
#7345=LINE('',#13914,#8202);
#7346=LINE('',#13961,#8203);
#7347=LINE('',#13963,#8204);
#7348=LINE('',#13968,#8205);
#7349=LINE('',#13970,#8206);
#7350=LINE('',#13971,#8207);
#7351=LINE('',#13974,#8208);
#7352=LINE('',#13979,#8209);
#7353=LINE('',#13981,#8210);
#7354=LINE('',#13983,#8211);
#7355=LINE('',#13985,#8212);
#7356=LINE('',#13987,#8213);
#7357=LINE('',#13991,#8214);
#7358=LINE('',#13997,#8215);
#7359=LINE('',#14001,#8216);
#7360=LINE('',#14003,#8217);
#7361=LINE('',#14005,#8218);
#7362=LINE('',#14007,#8219);
#7363=LINE('',#14009,#8220);
#7364=LINE('',#14011,#8221);
#7365=LINE('',#14014,#8222);
#7366=LINE('',#14015,#8223);
#7367=LINE('',#14018,#8224);
#7368=LINE('',#14020,#8225);
#7369=LINE('',#14022,#8226);
#7370=LINE('',#14024,#8227);
#7371=LINE('',#14028,#8228);
#7372=LINE('',#14032,#8229);
#7373=LINE('',#14034,#8230);
#7374=LINE('',#14036,#8231);
#7375=LINE('',#14038,#8232);
#7376=LINE('',#14042,#8233);
#7377=LINE('',#14046,#8234);
#7378=LINE('',#14048,#8235);
#7379=LINE('',#14049,#8236);
#7380=LINE('',#14052,#8237);
#7381=LINE('',#14058,#8238);
#7382=LINE('',#14063,#8239);
#7383=LINE('',#14067,#8240);
#7384=LINE('',#14069,#8241);
#7385=LINE('',#14071,#8242);
#7386=LINE('',#14073,#8243);
#7387=LINE('',#14078,#8244);
#7388=LINE('',#14082,#8245);
#7389=LINE('',#14083,#8246);
#7390=LINE('',#14085,#8247);
#7391=LINE('',#14090,#8248);
#7392=LINE('',#14094,#8249);
#7393=LINE('',#14096,#8250);
#7394=LINE('',#14098,#8251);
#7395=LINE('',#14100,#8252);
#7396=LINE('',#14105,#8253);
#7397=LINE('',#14109,#8254);
#7398=LINE('',#14110,#8255);
#7399=LINE('',#14112,#8256);
#7400=LINE('',#14113,#8257);
#7401=LINE('',#14115,#8258);
#7402=LINE('',#14117,#8259);
#7403=LINE('',#14121,#8260);
#7404=LINE('',#14123,#8261);
#7405=LINE('',#14125,#8262);
#7406=LINE('',#14129,#8263);
#7407=LINE('',#14131,#8264);
#7408=LINE('',#14133,#8265);
#7409=LINE('',#14137,#8266);
#7410=LINE('',#14139,#8267);
#7411=LINE('',#14141,#8268);
#7412=LINE('',#14143,#8269);
#7413=LINE('',#14147,#8270);
#7414=LINE('',#14149,#8271);
#7415=LINE('',#14150,#8272);
#7416=LINE('',#14152,#8273);
#7417=LINE('',#14153,#8274);
#7418=LINE('',#14155,#8275);
#7419=LINE('',#14157,#8276);
#7420=LINE('',#14159,#8277);
#7421=LINE('',#14160,#8278);
#7422=LINE('',#14162,#8279);
#7423=LINE('',#14171,#8280);
#7424=LINE('',#14172,#8281);
#7425=LINE('',#14174,#8282);
#7426=LINE('',#14176,#8283);
#7427=LINE('',#14178,#8284);
#7428=LINE('',#14183,#8285);
#7429=LINE('',#14186,#8286);
#7430=LINE('',#14188,#8287);
#7431=LINE('',#14194,#8288);
#7432=LINE('',#14195,#8289);
#7433=LINE('',#14202,#8290);
#7434=LINE('',#14203,#8291);
#7435=LINE('',#14204,#8292);
#7436=LINE('',#14208,#8293);
#7437=LINE('',#14209,#8294);
#7438=LINE('',#14213,#8295);
#7439=LINE('',#14217,#8296);
#7440=LINE('',#14218,#8297);
#7441=LINE('',#14220,#8298);
#7442=LINE('',#14224,#8299);
#7443=LINE('',#14226,#8300);
#7444=LINE('',#14227,#8301);
#7445=LINE('',#14228,#8302);
#7446=LINE('',#14232,#8303);
#7447=LINE('',#14246,#8304);
#7448=LINE('',#14247,#8305);
#7449=LINE('',#14399,#8306);
#7450=LINE('',#14401,#8307);
#7451=LINE('',#14403,#8308);
#7452=LINE('',#14405,#8309);
#7453=LINE('',#14406,#8310);
#7454=LINE('',#14437,#8311);
#7455=LINE('',#14458,#8312);
#7456=LINE('',#14462,#8313);
#7457=LINE('',#14463,#8314);
#7458=LINE('',#14464,#8315);
#7459=LINE('',#14478,#8316);
#7460=LINE('',#14479,#8317);
#7461=LINE('',#14480,#8318);
#7462=LINE('',#14484,#8319);
#7463=LINE('',#14493,#8320);
#7464=LINE('',#14502,#8321);
#7465=LINE('',#14503,#8322);
#7466=LINE('',#14513,#8323);
#7467=LINE('',#14529,#8324);
#7468=LINE('',#14531,#8325);
#7469=LINE('',#14535,#8326);
#7470=LINE('',#14537,#8327);
#7471=LINE('',#14539,#8328);
#7472=LINE('',#14617,#8329);
#7473=LINE('',#14619,#8330);
#7474=LINE('',#14621,#8331);
#7475=LINE('',#14623,#8332);
#7476=LINE('',#14625,#8333);
#7477=LINE('',#14627,#8334);
#7478=LINE('',#14629,#8335);
#7479=LINE('',#14652,#8336);
#7480=LINE('',#14676,#8337);
#7481=LINE('',#14678,#8338);
#7482=LINE('',#14685,#8339);
#7483=LINE('',#14687,#8340);
#7484=LINE('',#14694,#8341);
#7485=LINE('',#14696,#8342);
#7486=LINE('',#14704,#8343);
#7487=LINE('',#14706,#8344);
#7488=LINE('',#14709,#8345);
#7489=LINE('',#14711,#8346);
#7490=LINE('',#14714,#8347);
#7491=LINE('',#14716,#8348);
#7492=LINE('',#14719,#8349);
#7493=LINE('',#14721,#8350);
#7494=LINE('',#14759,#8351);
#7495=LINE('',#14760,#8352);
#7496=LINE('',#14762,#8353);
#7497=LINE('',#14765,#8354);
#7498=LINE('',#14767,#8355);
#7499=LINE('',#14769,#8356);
#7500=LINE('',#14771,#8357);
#7501=LINE('',#14773,#8358);
#7502=LINE('',#14775,#8359);
#7503=LINE('',#14778,#8360);
#7504=LINE('',#14801,#8361);
#7505=LINE('',#14803,#8362);
#7506=LINE('',#14805,#8363);
#7507=LINE('',#14807,#8364);
#7508=LINE('',#14809,#8365);
#7509=LINE('',#14811,#8366);
#7510=LINE('',#14814,#8367);
#7511=LINE('',#14816,#8368);
#7512=LINE('',#14818,#8369);
#7513=LINE('',#14820,#8370);
#7514=LINE('',#14822,#8371);
#7515=LINE('',#14824,#8372);
#7516=LINE('',#14832,#8373);
#7517=LINE('',#14834,#8374);
#7518=LINE('',#14836,#8375);
#7519=LINE('',#14838,#8376);
#7520=LINE('',#14840,#8377);
#7521=LINE('',#14842,#8378);
#7522=LINE('',#14849,#8381);
#7523=LINE('',#14851,#8382);
#7524=LINE('',#14853,#8383);
#7525=LINE('',#14855,#8384);
#7526=LINE('',#14857,#8385);
#7527=LINE('',#14859,#8386);
#7528=LINE('',#14862,#8387);
#7529=LINE('',#14864,#8388);
#7530=LINE('',#14866,#8389);
#7531=LINE('',#14868,#8390);
#7532=LINE('',#14870,#8391);
#7533=LINE('',#14872,#8392);
#7534=LINE('',#14875,#8393);
#7535=LINE('',#14877,#8394);
#7536=LINE('',#14879,#8395);
#7537=LINE('',#14881,#8396);
#7538=LINE('',#14883,#8397);
#7539=LINE('',#14885,#8398);
#7540=LINE('',#14887,#8399);
#7541=LINE('',#14889,#8400);
#7542=LINE('',#14891,#8401);
#7543=LINE('',#14893,#8402);
#7544=LINE('',#14895,#8403);
#7545=LINE('',#14897,#8404);
#7546=LINE('',#14900,#8405);
#7547=LINE('',#14902,#8406);
#7548=LINE('',#14904,#8407);
#7549=LINE('',#14906,#8408);
#7550=LINE('',#14908,#8409);
#7551=LINE('',#14910,#8410);
#7552=LINE('',#14912,#8411);
#7553=LINE('',#14914,#8412);
#7554=LINE('',#14916,#8413);
#7555=LINE('',#14918,#8414);
#7556=LINE('',#14920,#8415);
#7557=LINE('',#14922,#8416);
#7558=LINE('',#14925,#8417);
#7559=LINE('',#14929,#8418);
#7560=LINE('',#14934,#8419);
#7561=LINE('',#14936,#8420);
#7562=LINE('',#14945,#8421);
#7563=LINE('',#14947,#8422);
#7564=LINE('',#14949,#8423);
#7565=LINE('',#14951,#8424);
#7566=LINE('',#14953,#8425);
#7567=LINE('',#14965,#8426);
#7568=LINE('',#14968,#8427);
#7569=LINE('',#14970,#8428);
#7570=LINE('',#14972,#8429);
#7571=LINE('',#14974,#8430);
#7572=LINE('',#14976,#8431);
#7573=LINE('',#14978,#8432);
#7574=LINE('',#14980,#8433);
#7575=LINE('',#14982,#8434);
#7576=LINE('',#14984,#8435);
#7577=LINE('',#14986,#8436);
#7578=LINE('',#14988,#8437);
#7579=LINE('',#14990,#8438);
#7580=LINE('',#14991,#8439);
#7581=LINE('',#14993,#8440);
#7582=VECTOR('',#9097,1.);
#7583=VECTOR('',#9098,1.);
#7584=VECTOR('',#9099,1.);
#7585=VECTOR('',#9100,1.);
#7586=VECTOR('',#9101,1.);
#7587=VECTOR('',#9102,1.);
#7588=VECTOR('',#9103,1.);
#7589=VECTOR('',#9104,1.);
#7590=VECTOR('',#9107,1.);
#7591=VECTOR('',#9108,1.);
#7592=VECTOR('',#9109,1.);
#7593=VECTOR('',#9110,1.);
#7594=VECTOR('',#9113,1.);
#7595=VECTOR('',#9114,1.);
#7596=VECTOR('',#9115,1.);
#7597=VECTOR('',#9116,1.);
#7598=VECTOR('',#9117,1.);
#7599=VECTOR('',#9118,1.);
#7600=VECTOR('',#9119,1.);
#7601=VECTOR('',#9124,1.);
#7602=VECTOR('',#9125,1.);
#7603=VECTOR('',#9126,1.);
#7604=VECTOR('',#9127,1.);
#7605=VECTOR('',#9128,1.);
#7606=VECTOR('',#9129,1.);
#7607=VECTOR('',#9130,1.);
#7608=VECTOR('',#9137,1.);
#7609=VECTOR('',#9138,1.);
#7610=VECTOR('',#9139,1.);
#7611=VECTOR('',#9140,1.);
#7612=VECTOR('',#9141,1.);
#7613=VECTOR('',#9142,1.);
#7614=VECTOR('',#9143,1.);
#7615=VECTOR('',#9150,1.);
#7616=VECTOR('',#9155,1.);
#7617=VECTOR('',#9158,1.);
#7618=VECTOR('',#9163,1.);
#7619=VECTOR('',#9166,1.);
#7620=VECTOR('',#9169,1.);
#7621=VECTOR('',#9178,1.);
#7622=VECTOR('',#9183,1.);
#7623=VECTOR('',#9186,1.);
#7624=VECTOR('',#9191,1.);
#7625=VECTOR('',#9194,1.);
#7626=VECTOR('',#9197,1.);
#7627=VECTOR('',#9200,1.);
#7628=VECTOR('',#9201,1.);
#7629=VECTOR('',#9204,1.);
#7630=VECTOR('',#9205,1.);
#7631=VECTOR('',#9206,1.);
#7632=VECTOR('',#9207,1.);
#7633=VECTOR('',#9208,1.);
#7634=VECTOR('',#9209,1.);
#7635=VECTOR('',#9212,1.);
#7636=VECTOR('',#9213,1.);
#7637=VECTOR('',#9214,1.);
#7638=VECTOR('',#9217,1.);
#7639=VECTOR('',#9220,1.);
#7640=VECTOR('',#9221,1.);
#7641=VECTOR('',#9222,1.);
#7642=VECTOR('',#9223,1.);
#7643=VECTOR('',#9224,1.);
#7644=VECTOR('',#9225,1.);
#7645=VECTOR('',#9226,1.);
#7646=VECTOR('',#9229,1.);
#7647=VECTOR('',#9230,1.);
#7648=VECTOR('',#9231,1.);
#7649=VECTOR('',#9234,1.);
#7650=VECTOR('',#9235,1.);
#7651=VECTOR('',#9238,1.);
#7652=VECTOR('',#9239,1.);
#7653=VECTOR('',#9240,1.);
#7654=VECTOR('',#9241,1.);
#7655=VECTOR('',#9242,1.);
#7656=VECTOR('',#9243,1.);
#7657=VECTOR('',#9244,1.);
#7658=VECTOR('',#9245,1.);
#7659=VECTOR('',#9246,1.);
#7660=VECTOR('',#9249,1.);
#7661=VECTOR('',#9250,1.);
#7662=VECTOR('',#9253,1.);
#7663=VECTOR('',#9254,1.);
#7664=VECTOR('',#9255,1.);
#7665=VECTOR('',#9256,1.);
#7666=VECTOR('',#9257,1.);
#7667=VECTOR('',#9260,1.);
#7668=VECTOR('',#9261,1.);
#7669=VECTOR('',#9262,1.);
#7670=VECTOR('',#9263,1.);
#7671=VECTOR('',#9266,1.);
#7672=VECTOR('',#9267,1.);
#7673=VECTOR('',#9270,1.);
#7674=VECTOR('',#9273,1.);
#7675=VECTOR('',#9274,1.);
#7676=VECTOR('',#9275,1.);
#7677=VECTOR('',#9276,1.);
#7678=VECTOR('',#9277,1.);
#7679=VECTOR('',#9278,1.);
#7680=VECTOR('',#9281,1.);
#7681=VECTOR('',#9282,1.);
#7682=VECTOR('',#9283,1.);
#7683=VECTOR('',#9284,1.);
#7684=VECTOR('',#9285,1.);
#7685=VECTOR('',#9290,1.);
#7686=VECTOR('',#9291,1.);
#7687=VECTOR('',#9292,1.);
#7688=VECTOR('',#9293,1.);
#7689=VECTOR('',#9294,1.);
#7690=VECTOR('',#9295,1.);
#7691=VECTOR('',#9298,1.);
#7692=VECTOR('',#9299,1.);
#7693=VECTOR('',#9300,1.);
#7694=VECTOR('',#9301,1.);
#7695=VECTOR('',#9302,1.);
#7696=VECTOR('',#9303,1.);
#7697=VECTOR('',#9304,1.);
#7698=VECTOR('',#9305,1.);
#7699=VECTOR('',#9306,1.);
#7700=VECTOR('',#9307,1.);
#7701=VECTOR('',#9310,1.);
#7702=VECTOR('',#9311,1.);
#7703=VECTOR('',#9312,1.);
#7704=VECTOR('',#9315,1.);
#7705=VECTOR('',#9316,1.);
#7706=VECTOR('',#9317,1.);
#7707=VECTOR('',#9320,1.);
#7708=VECTOR('',#9323,1.);
#7709=VECTOR('',#9324,1.);
#7710=VECTOR('',#9325,1.);
#7711=VECTOR('',#9326,1.);
#7712=VECTOR('',#9327,1.);
#7713=VECTOR('',#9328,1.);
#7714=VECTOR('',#9331,1.);
#7715=VECTOR('',#9332,1.);
#7716=VECTOR('',#9333,1.);
#7717=VECTOR('',#9336,1.);
#7718=VECTOR('',#9337,1.);
#7719=VECTOR('',#9338,1.);
#7720=VECTOR('',#9339,1.);
#7721=VECTOR('',#9340,1.);
#7722=VECTOR('',#9341,1.);
#7723=VECTOR('',#9342,1.);
#7724=VECTOR('',#9343,1.);
#7725=VECTOR('',#9346,1.);
#7726=VECTOR('',#9349,1.);
#7727=VECTOR('',#9350,1.);
#7728=VECTOR('',#9351,1.);
#7729=VECTOR('',#9352,1.);
#7730=VECTOR('',#9353,1.);
#7731=VECTOR('',#9358,1.);
#7732=VECTOR('',#9359,1.);
#7733=VECTOR('',#9360,1.);
#7734=VECTOR('',#9361,1.);
#7735=VECTOR('',#9364,1.);
#7736=VECTOR('',#9365,1.);
#7737=VECTOR('',#9366,1.);
#7738=VECTOR('',#9367,1.);
#7739=VECTOR('',#9370,1.);
#7740=VECTOR('',#9371,1.);
#7741=VECTOR('',#9372,1.);
#7742=VECTOR('',#9373,1.);
#7743=VECTOR('',#9374,1.);
#7744=VECTOR('',#9377,1.);
#7745=VECTOR('',#9378,1.);
#7746=VECTOR('',#9379,1.);
#7747=VECTOR('',#9380,1.);
#7748=VECTOR('',#9381,1.);
#7749=VECTOR('',#9384,1.);
#7750=VECTOR('',#9385,1.);
#7751=VECTOR('',#9388,1.);
#7752=VECTOR('',#9389,1.);
#7753=VECTOR('',#9392,1.);
#7754=VECTOR('',#9393,1.);
#7755=VECTOR('',#9394,1.);
#7756=VECTOR('',#9401,1.);
#7757=VECTOR('',#9402,1.);
#7758=VECTOR('',#9405,1.);
#7759=VECTOR('',#9406,1.);
#7760=VECTOR('',#9407,1.);
#7761=VECTOR('',#9408,1.);
#7762=VECTOR('',#9409,1.);
#7763=VECTOR('',#9410,1.);
#7764=VECTOR('',#9411,1.);
#7765=VECTOR('',#9412,1.);
#7766=VECTOR('',#9415,1.);
#7767=VECTOR('',#9418,1.);
#7768=VECTOR('',#9419,1.);
#7769=VECTOR('',#9420,1.);
#7770=VECTOR('',#9423,1.);
#7771=VECTOR('',#9426,1.);
#7772=VECTOR('',#9427,1.);
#7773=VECTOR('',#9430,1.);
#7774=VECTOR('',#9433,1.);
#7775=VECTOR('',#9434,1.);
#7776=VECTOR('',#9435,1.);
#7777=VECTOR('',#9436,1.);
#7778=VECTOR('',#9437,1.);
#7779=VECTOR('',#9440,1.);
#7780=VECTOR('',#9441,1.);
#7781=VECTOR('',#9442,1.);
#7782=VECTOR('',#9445,1.);
#7783=VECTOR('',#9446,1.);
#7784=VECTOR('',#9449,1.);
#7785=VECTOR('',#9456,1.);
#7786=VECTOR('',#9457,1.);
#7787=VECTOR('',#9460,1.);
#7788=VECTOR('',#9465,1.);
#7789=VECTOR('',#9468,1.);
#7790=VECTOR('',#9469,1.);
#7791=VECTOR('',#9472,1.);
#7792=VECTOR('',#9473,1.);
#7793=VECTOR('',#9474,1.);
#7794=VECTOR('',#9475,1.);
#7795=VECTOR('',#9478,1.);
#7796=VECTOR('',#9479,1.);
#7797=VECTOR('',#9480,1.);
#7798=VECTOR('',#9483,1.);
#7799=VECTOR('',#9484,1.);
#7800=VECTOR('',#9485,1.);
#7801=VECTOR('',#9486,1.);
#7802=VECTOR('',#9487,1.);
#7803=VECTOR('',#9488,1.);
#7804=VECTOR('',#9493,1.);
#7805=VECTOR('',#9496,1.);
#7806=VECTOR('',#9497,1.);
#7807=VECTOR('',#9498,1.);
#7808=VECTOR('',#9499,1.);
#7809=VECTOR('',#9500,1.);
#7810=VECTOR('',#9501,1.);
#7811=VECTOR('',#9502,1.);
#7812=VECTOR('',#9503,1.);
#7813=VECTOR('',#9506,1.);
#7814=VECTOR('',#9507,1.);
#7815=VECTOR('',#9508,1.);
#7816=VECTOR('',#9509,1.);
#7817=VECTOR('',#9510,1.);
#7818=VECTOR('',#9511,1.);
#7819=VECTOR('',#9512,1.);
#7820=VECTOR('',#9515,1.);
#7821=VECTOR('',#9518,1.);
#7822=VECTOR('',#9521,1.);
#7823=VECTOR('',#9524,1.);
#7824=VECTOR('',#9525,1.);
#7825=VECTOR('',#9526,1.);
#7826=VECTOR('',#9533,1.);
#7827=VECTOR('',#9534,1.);
#7828=VECTOR('',#9535,1.);
#7829=VECTOR('',#9538,1.);
#7830=VECTOR('',#9541,1.);
#7831=VECTOR('',#9544,1.);
#7832=VECTOR('',#9547,1.);
#7833=VECTOR('',#9550,1.);
#7834=VECTOR('',#9551,1.);
#7835=VECTOR('',#9552,1.);
#7836=VECTOR('',#9555,1.);
#7837=VECTOR('',#9556,1.);
#7838=VECTOR('',#9557,1.);
#7839=VECTOR('',#9558,1.);
#7840=VECTOR('',#9559,1.);
#7841=VECTOR('',#9560,1.);
#7842=VECTOR('',#9567,1.);
#7843=VECTOR('',#9570,1.);
#7844=VECTOR('',#9573,1.);
#7845=VECTOR('',#9578,1.);
#7846=VECTOR('',#9579,1.);
#7847=VECTOR('',#9582,1.);
#7848=VECTOR('',#9585,1.);
#7849=VECTOR('',#9588,1.);
#7850=VECTOR('',#9589,1.);
#7851=VECTOR('',#9590,1.);
#7852=VECTOR('',#9593,1.);
#7853=VECTOR('',#9594,1.);
#7854=VECTOR('',#9595,1.);
#7855=VECTOR('',#9598,1.);
#7856=VECTOR('',#9599,1.);
#7857=VECTOR('',#9600,1.);
#7858=VECTOR('',#9601,1.);
#7859=VECTOR('',#9602,1.);
#7860=VECTOR('',#9605,1.);
#7861=VECTOR('',#9606,1.);
#7862=VECTOR('',#9607,1.);
#7863=VECTOR('',#9608,1.);
#7864=VECTOR('',#9609,1.);
#7865=VECTOR('',#9612,1.);
#7866=VECTOR('',#9613,1.);
#7867=VECTOR('',#9614,1.);
#7868=VECTOR('',#9617,1.);
#7869=VECTOR('',#9618,1.);
#7870=VECTOR('',#9619,1.);
#7871=VECTOR('',#9622,1.);
#7872=VECTOR('',#9625,1.);
#7873=VECTOR('',#9626,1.);
#7874=VECTOR('',#9631,1.);
#7875=VECTOR('',#9632,1.);
#7876=VECTOR('',#9635,1.);
#7877=VECTOR('',#9636,1.);
#7878=VECTOR('',#9637,1.);
#7879=VECTOR('',#9638,1.);
#7880=VECTOR('',#9639,1.);
#7881=VECTOR('',#9642,1.);
#7882=VECTOR('',#9643,1.);
#7883=VECTOR('',#9644,1.);
#7884=VECTOR('',#9645,1.);
#7885=VECTOR('',#9646,1.);
#7886=VECTOR('',#9647,1.);
#7887=VECTOR('',#9648,1.);
#7888=VECTOR('',#9649,1.);
#7889=VECTOR('',#9650,1.);
#7890=VECTOR('',#9653,1.);
#7891=VECTOR('',#9654,1.);
#7892=VECTOR('',#9655,1.);
#7893=VECTOR('',#9656,1.);
#7894=VECTOR('',#9659,1.);
#7895=VECTOR('',#9660,1.);
#7896=VECTOR('',#9663,1.);
#7897=VECTOR('',#9666,1.);
#7898=VECTOR('',#9667,1.);
#7899=VECTOR('',#9670,1.);
#7900=VECTOR('',#9673,1.);
#7901=VECTOR('',#9674,1.);
#7902=VECTOR('',#9675,1.);
#7903=VECTOR('',#9676,1.);
#7904=VECTOR('',#9677,1.);
#7905=VECTOR('',#9678,1.);
#7906=VECTOR('',#9679,1.);
#7907=VECTOR('',#9680,1.);
#7908=VECTOR('',#9681,1.);
#7909=VECTOR('',#9684,1.);
#7910=VECTOR('',#9685,1.);
#7911=VECTOR('',#9688,1.);
#7912=VECTOR('',#9689,1.);
#7913=VECTOR('',#9690,1.);
#7914=VECTOR('',#9691,1.);
#7915=VECTOR('',#9692,1.);
#7916=VECTOR('',#9693,1.);
#7917=VECTOR('',#9694,1.);
#7918=VECTOR('',#9697,1.);
#7919=VECTOR('',#9700,1.);
#7920=VECTOR('',#9701,1.);
#7921=VECTOR('',#9702,1.);
#7922=VECTOR('',#9707,1.);
#7923=VECTOR('',#9708,1.);
#7924=VECTOR('',#9709,1.);
#7925=VECTOR('',#9710,1.);
#7926=VECTOR('',#9713,1.);
#7927=VECTOR('',#9714,1.);
#7928=VECTOR('',#9715,1.);
#7929=VECTOR('',#9718,1.);
#7930=VECTOR('',#9721,1.);
#7931=VECTOR('',#9722,1.);
#7932=VECTOR('',#9723,1.);
#7933=VECTOR('',#9726,1.);
#7934=VECTOR('',#9727,1.);
#7935=VECTOR('',#9730,1.);
#7936=VECTOR('',#9731,1.);
#7937=VECTOR('',#9732,1.);
#7938=VECTOR('',#9733,1.);
#7939=VECTOR('',#9734,1.);
#7940=VECTOR('',#9735,1.);
#7941=VECTOR('',#9738,1.);
#7942=VECTOR('',#9741,1.);
#7943=VECTOR('',#9742,1.);
#7944=VECTOR('',#9745,1.);
#7945=VECTOR('',#9746,1.);
#7946=VECTOR('',#9749,1.);
#7947=VECTOR('',#9750,1.);
#7948=VECTOR('',#9753,1.);
#7949=VECTOR('',#9754,1.);
#7950=VECTOR('',#9755,1.);
#7951=VECTOR('',#9758,1.);
#7952=VECTOR('',#9761,1.);
#7953=VECTOR('',#9762,1.);
#7954=VECTOR('',#9763,1.);
#7955=VECTOR('',#9764,1.);
#7956=VECTOR('',#9767,1.);
#7957=VECTOR('',#9768,1.);
#7958=VECTOR('',#9769,1.);
#7959=VECTOR('',#9770,1.);
#7960=VECTOR('',#9773,1.);
#7961=VECTOR('',#9774,1.);
#7962=VECTOR('',#9777,1.);
#7963=VECTOR('',#9782,1.);
#7964=VECTOR('',#9783,1.);
#7965=VECTOR('',#9784,1.);
#7966=VECTOR('',#9787,1.);
#7967=VECTOR('',#9788,1.);
#7968=VECTOR('',#9789,1.);
#7969=VECTOR('',#9790,1.);
#7970=VECTOR('',#9791,1.);
#7971=VECTOR('',#9792,1.);
#7972=VECTOR('',#9795,1.);
#7973=VECTOR('',#9796,1.);
#7974=VECTOR('',#9799,1.);
#7975=VECTOR('',#9802,1.);
#7976=VECTOR('',#9807,1.);
#7977=VECTOR('',#9808,1.);
#7978=VECTOR('',#9811,1.);
#7979=VECTOR('',#9812,1.);
#7980=VECTOR('',#9817,1.);
#7981=VECTOR('',#9818,1.);
#7982=VECTOR('',#9821,1.);
#7983=VECTOR('',#9822,1.);
#7984=VECTOR('',#9823,1.);
#7985=VECTOR('',#9824,1.);
#7986=VECTOR('',#9825,1.);
#7987=VECTOR('',#9826,1.);
#7988=VECTOR('',#9829,1.);
#7989=VECTOR('',#9830,1.);
#7990=VECTOR('',#9831,1.);
#7991=VECTOR('',#9832,1.);
#7992=VECTOR('',#9833,1.);
#7993=VECTOR('',#9834,1.);
#7994=VECTOR('',#9837,1.);
#7995=VECTOR('',#9838,1.);
#7996=VECTOR('',#9839,1.);
#7997=VECTOR('',#9844,1.);
#7998=VECTOR('',#9849,1.);
#7999=VECTOR('',#9850,1.);
#8000=VECTOR('',#9853,1.);
#8001=VECTOR('',#9854,1.);
#8002=VECTOR('',#9855,1.);
#8003=VECTOR('',#9858,1.);
#8004=VECTOR('',#9859,1.);
#8005=VECTOR('',#9860,1.);
#8006=VECTOR('',#9863,1.);
#8007=VECTOR('',#9864,1.);
#8008=VECTOR('',#9867,1.);
#8009=VECTOR('',#9868,1.);
#8010=VECTOR('',#9869,1.);
#8011=VECTOR('',#9872,1.);
#8012=VECTOR('',#9875,1.);
#8013=VECTOR('',#9884,1.);
#8014=VECTOR('',#9885,1.);
#8015=VECTOR('',#9886,1.);
#8016=VECTOR('',#9889,1.);
#8017=VECTOR('',#9890,1.);
#8018=VECTOR('',#9891,1.);
#8019=VECTOR('',#9894,1.);
#8020=VECTOR('',#9897,1.);
#8021=VECTOR('',#9898,1.);
#8022=VECTOR('',#9899,1.);
#8023=VECTOR('',#9900,1.);
#8024=VECTOR('',#9903,1.);
#8025=VECTOR('',#9904,1.);
#8026=VECTOR('',#9905,1.);
#8027=VECTOR('',#9908,1.);
#8028=VECTOR('',#9909,1.);
#8029=VECTOR('',#9910,1.);
#8030=VECTOR('',#9913,1.);
#8031=VECTOR('',#9916,1.);
#8032=VECTOR('',#9917,1.);
#8033=VECTOR('',#9918,1.);
#8034=VECTOR('',#9923,1.);
#8035=VECTOR('',#9926,1.);
#8036=VECTOR('',#9937,1.);
#8037=VECTOR('',#9938,1.);
#8038=VECTOR('',#9939,1.);
#8039=VECTOR('',#9940,1.);
#8040=VECTOR('',#9943,1.);
#8041=VECTOR('',#9944,1.);
#8042=VECTOR('',#9945,1.);
#8043=VECTOR('',#9946,1.);
#8044=VECTOR('',#9955,1.);
#8045=VECTOR('',#9956,1.);
#8046=VECTOR('',#9957,1.);
#8047=VECTOR('',#9958,1.);
#8048=VECTOR('',#9961,1.);
#8049=VECTOR('',#9964,1.);
#8050=VECTOR('',#9975,1.);
#8051=VECTOR('',#9976,1.);
#8052=VECTOR('',#9979,1.);
#8053=VECTOR('',#9980,1.);
#8054=VECTOR('',#9981,1.);
#8055=VECTOR('',#9982,1.);
#8056=VECTOR('',#9993,1.);
#8057=VECTOR('',#9994,1.);
#8058=VECTOR('',#9995,1.);
#8059=VECTOR('',#9996,1.);
#8060=VECTOR('',#9999,1.);
#8061=VECTOR('',#10002,1.);
#8062=VECTOR('',#10005,1.);
#8063=VECTOR('',#10006,1.);
#8064=VECTOR('',#10007,1.);
#8065=VECTOR('',#10008,1.);
#8066=VECTOR('',#10009,1.);
#8067=VECTOR('',#10010,1.);
#8068=VECTOR('',#10013,1.);
#8069=VECTOR('',#10014,1.);
#8070=VECTOR('',#10015,1.);
#8071=VECTOR('',#10016,1.);
#8072=VECTOR('',#10017,1.);
#8073=VECTOR('',#10020,1.);
#8074=VECTOR('',#10021,1.);
#8075=VECTOR('',#10022,1.);
#8076=VECTOR('',#10027,1.);
#8077=VECTOR('',#10028,1.);
#8078=VECTOR('',#10031,1.);
#8079=VECTOR('',#10034,1.);
#8080=VECTOR('',#10037,1.);
#8081=VECTOR('',#10040,1.);
#8082=VECTOR('',#10043,1.);
#8083=VECTOR('',#10052,1.);
#8084=VECTOR('',#10053,1.);
#8085=VECTOR('',#10058,1.);
#8086=VECTOR('',#10059,1.);
#8087=VECTOR('',#10060,1.);
#8088=VECTOR('',#10061,1.);
#8089=VECTOR('',#10062,1.);
#8090=VECTOR('',#10063,1.);
#8091=VECTOR('',#10066,1.);
#8092=VECTOR('',#10067,1.);
#8093=VECTOR('',#10068,1.);
#8094=VECTOR('',#10069,1.);
#8095=VECTOR('',#10070,1.);
#8096=VECTOR('',#10073,1.);
#8097=VECTOR('',#10074,1.);
#8098=VECTOR('',#10075,1.);
#8099=VECTOR('',#10078,1.);
#8100=VECTOR('',#10079,1.);
#8101=VECTOR('',#10080,1.);
#8102=VECTOR('',#10083,1.);
#8103=VECTOR('',#10084,1.);
#8104=VECTOR('',#10085,1.);
#8105=VECTOR('',#10086,1.);
#8106=VECTOR('',#10089,1.);
#8107=VECTOR('',#10090,1.);
#8108=VECTOR('',#10091,1.);
#8109=VECTOR('',#10092,1.);
#8110=VECTOR('',#10095,1.);
#8111=VECTOR('',#10096,1.);
#8112=VECTOR('',#10097,1.);
#8113=VECTOR('',#10100,1.);
#8114=VECTOR('',#10101,1.);
#8115=VECTOR('',#10102,1.);
#8116=VECTOR('',#10105,1.);
#8117=VECTOR('',#10108,1.);
#8118=VECTOR('',#10109,1.);
#8119=VECTOR('',#10110,1.);
#8120=VECTOR('',#10111,1.);
#8121=VECTOR('',#10112,1.);
#8122=VECTOR('',#10113,1.);
#8123=VECTOR('',#10114,1.);
#8124=VECTOR('',#10115,1.);
#8125=VECTOR('',#10126,1.);
#8126=VECTOR('',#10131,1.);
#8127=VECTOR('',#10132,1.);
#8128=VECTOR('',#10135,1.);
#8129=VECTOR('',#10136,1.);
#8130=VECTOR('',#10141,1.);
#8131=VECTOR('',#10142,1.);
#8132=VECTOR('',#10145,1.);
#8133=VECTOR('',#10154,1.);
#8134=VECTOR('',#10157,1.);
#8135=VECTOR('',#10158,1.);
#8136=VECTOR('',#10159,1.);
#8137=VECTOR('',#10162,1.);
#8138=VECTOR('',#10163,1.);
#8139=VECTOR('',#10164,1.);
#8140=VECTOR('',#10165,1.);
#8141=VECTOR('',#10168,1.);
#8142=VECTOR('',#10169,1.);
#8143=VECTOR('',#10170,1.);
#8144=VECTOR('',#10173,1.);
#8145=VECTOR('',#10174,1.);
#8146=VECTOR('',#10175,1.);
#8147=VECTOR('',#10176,1.);
#8148=VECTOR('',#10179,1.);
#8149=VECTOR('',#10184,1.);
#8150=VECTOR('',#10189,1.);
#8151=VECTOR('',#10194,1.);
#8152=VECTOR('',#10197,1.);
#8153=VECTOR('',#10198,1.);
#8154=VECTOR('',#10199,1.);
#8155=VECTOR('',#10200,1.);
#8156=VECTOR('',#10201,1.);
#8157=VECTOR('',#10202,1.);
#8158=VECTOR('',#10205,1.);
#8159=VECTOR('',#10206,1.);
#8160=VECTOR('',#10207,1.);
#8161=VECTOR('',#10208,1.);
#8162=VECTOR('',#10211,1.);
#8163=VECTOR('',#10212,1.);
#8164=VECTOR('',#10213,1.);
#8165=VECTOR('',#10216,1.);
#8166=VECTOR('',#10221,1.);
#8167=VECTOR('',#10222,1.);
#8168=VECTOR('',#10223,1.);
#8169=VECTOR('',#10224,1.);
#8170=VECTOR('',#10225,1.);
#8171=VECTOR('',#10226,1.);
#8172=VECTOR('',#10227,1.);
#8173=VECTOR('',#10228,1.);
#8174=VECTOR('',#10231,1.);
#8175=VECTOR('',#10232,1.);
#8176=VECTOR('',#10235,1.);
#8177=VECTOR('',#10240,1.);
#8178=VECTOR('',#10243,1.);
#8179=VECTOR('',#10244,1.);
#8180=VECTOR('',#10245,1.);
#8181=VECTOR('',#10250,1.);
#8182=VECTOR('',#10253,1.);
#8183=VECTOR('',#10254,1.);
#8184=VECTOR('',#10255,1.);
#8185=VECTOR('',#10256,1.);
#8186=VECTOR('',#10259,1.);
#8187=VECTOR('',#10262,1.);
#8188=VECTOR('',#10269,1.);
#8189=VECTOR('',#10270,1.);
#8190=VECTOR('',#10273,1.);
#8191=VECTOR('',#10276,1.);
#8192=VECTOR('',#10277,1.);
#8193=VECTOR('',#10282,1.);
#8194=VECTOR('',#10283,1.);
#8195=VECTOR('',#10286,1.);
#8196=VECTOR('',#10295,1.);
#8197=VECTOR('',#10296,1.);
#8198=VECTOR('',#10299,1.);
#8199=VECTOR('',#10302,1.);
#8200=VECTOR('',#10305,1.);
#8201=VECTOR('',#10312,1.);
#8202=VECTOR('',#10313,1.);
#8203=VECTOR('',#10326,1.);
#8204=VECTOR('',#10329,1.);
#8205=VECTOR('',#10338,1.);
#8206=VECTOR('',#10341,1.);
#8207=VECTOR('',#10342,1.);
#8208=VECTOR('',#10347,1.);
#8209=VECTOR('',#10356,1.);
#8210=VECTOR('',#10357,1.);
#8211=VECTOR('',#10358,1.);
#8212=VECTOR('',#10361,1.);
#8213=VECTOR('',#10362,1.);
#8214=VECTOR('',#10365,1.);
#8215=VECTOR('',#10372,1.);
#8216=VECTOR('',#10375,1.);
#8217=VECTOR('',#10376,1.);
#8218=VECTOR('',#10379,1.);
#8219=VECTOR('',#10382,1.);
#8220=VECTOR('',#10385,1.);
#8221=VECTOR('',#10388,1.);
#8222=VECTOR('',#10393,1.);
#8223=VECTOR('',#10394,1.);
#8224=VECTOR('',#10399,1.);
#8225=VECTOR('',#10402,1.);
#8226=VECTOR('',#10403,1.);
#8227=VECTOR('',#10404,1.);
#8228=VECTOR('',#10409,1.);
#8229=VECTOR('',#10412,1.);
#8230=VECTOR('',#10413,1.);
#8231=VECTOR('',#10416,1.);
#8232=VECTOR('',#10417,1.);
#8233=VECTOR('',#10420,1.);
#8234=VECTOR('',#10425,1.);
#8235=VECTOR('',#10428,1.);
#8236=VECTOR('',#10429,1.);
#8237=VECTOR('',#10434,1.);
#8238=VECTOR('',#10445,1.);
#8239=VECTOR('',#10448,1.);
#8240=VECTOR('',#10453,1.);
#8241=VECTOR('',#10454,1.);
#8242=VECTOR('',#10455,1.);
#8243=VECTOR('',#10458,1.);
#8244=VECTOR('',#10461,1.);
#8245=VECTOR('',#10466,1.);
#8246=VECTOR('',#10467,1.);
#8247=VECTOR('',#10470,1.);
#8248=VECTOR('',#10473,1.);
#8249=VECTOR('',#10478,1.);
#8250=VECTOR('',#10479,1.);
#8251=VECTOR('',#10480,1.);
#8252=VECTOR('',#10483,1.);
#8253=VECTOR('',#10486,1.);
#8254=VECTOR('',#10491,1.);
#8255=VECTOR('',#10492,1.);
#8256=VECTOR('',#10495,1.);
#8257=VECTOR('',#10496,1.);
#8258=VECTOR('',#10497,1.);
#8259=VECTOR('',#10498,1.);
#8260=VECTOR('',#10503,1.);
#8261=VECTOR('',#10506,1.);
#8262=VECTOR('',#10507,1.);
#8263=VECTOR('',#10512,1.);
#8264=VECTOR('',#10515,1.);
#8265=VECTOR('',#10516,1.);
#8266=VECTOR('',#10521,1.);
#8267=VECTOR('',#10524,1.);
#8268=VECTOR('',#10525,1.);
#8269=VECTOR('',#10528,1.);
#8270=VECTOR('',#10533,1.);
#8271=VECTOR('',#10534,1.);
#8272=VECTOR('',#10535,1.);
#8273=VECTOR('',#10538,1.);
#8274=VECTOR('',#10539,1.);
#8275=VECTOR('',#10542,1.);
#8276=VECTOR('',#10545,1.);
#8277=VECTOR('',#10548,1.);
#8278=VECTOR('',#10549,1.);
#8279=VECTOR('',#10552,1.);
#8280=VECTOR('',#10565,1.);
#8281=VECTOR('',#10566,1.);
#8282=VECTOR('',#10569,1.);
#8283=VECTOR('',#10572,1.);
#8284=VECTOR('',#10575,1.);
#8285=VECTOR('',#10584,1.);
#8286=VECTOR('',#10589,1.);
#8287=VECTOR('',#10592,1.);
#8288=VECTOR('',#10603,1.);
#8289=VECTOR('',#10604,1.);
#8290=VECTOR('',#10611,1.);
#8291=VECTOR('',#10612,1.);
#8292=VECTOR('',#10613,1.);
#8293=VECTOR('',#10616,1.);
#8294=VECTOR('',#10617,1.);
#8295=VECTOR('',#10620,1.);
#8296=VECTOR('',#10625,1.);
#8297=VECTOR('',#10626,1.);
#8298=VECTOR('',#10629,1.);
#8299=VECTOR('',#10632,1.);
#8300=VECTOR('',#10635,1.);
#8301=VECTOR('',#10636,1.);
#8302=VECTOR('',#10637,1.);
#8303=VECTOR('',#10640,1.);
#8304=VECTOR('',#10649,1.);
#8305=VECTOR('',#10650,1.);
#8306=VECTOR('',#10659,1.);
#8307=VECTOR('',#10660,1.);
#8308=VECTOR('',#10661,1.);
#8309=VECTOR('',#10664,1.);
#8310=VECTOR('',#10665,1.);
#8311=VECTOR('',#10670,1.);
#8312=VECTOR('',#10697,1.);
#8313=VECTOR('',#10700,1.);
#8314=VECTOR('',#10701,1.);
#8315=VECTOR('',#10702,1.);
#8316=VECTOR('',#10719,1.);
#8317=VECTOR('',#10720,1.);
#8318=VECTOR('',#10721,1.);
#8319=VECTOR('',#10724,1.);
#8320=VECTOR('',#10735,1.);
#8321=VECTOR('',#10746,1.);
#8322=VECTOR('',#10747,1.);
#8323=VECTOR('',#10760,1.);
#8324=VECTOR('',#10763,1.);
#8325=VECTOR('',#10764,1.);
#8326=VECTOR('',#10771,1.);
#8327=VECTOR('',#10774,1.);
#8328=VECTOR('',#10777,1.);
#8329=VECTOR('',#10844,1.);
#8330=VECTOR('',#10845,1.);
#8331=VECTOR('',#10848,1.);
#8332=VECTOR('',#10849,1.);
#8333=VECTOR('',#10852,1.);
#8334=VECTOR('',#10855,1.);
#8335=VECTOR('',#10858,1.);
#8336=VECTOR('',#10863,1.);
#8337=VECTOR('',#10870,1.);
#8338=VECTOR('',#10873,1.);
#8339=VECTOR('',#10886,1.);
#8340=VECTOR('',#10889,1.);
#8341=VECTOR('',#10902,1.);
#8342=VECTOR('',#10905,1.);
#8343=VECTOR('',#10920,1.);
#8344=VECTOR('',#10923,1.);
#8345=VECTOR('',#10928,1.);
#8346=VECTOR('',#10931,1.);
#8347=VECTOR('',#10936,1.);
#8348=VECTOR('',#10939,1.);
#8349=VECTOR('',#10944,1.);
#8350=VECTOR('',#10947,1.);
#8351=VECTOR('',#11002,1.);
#8352=VECTOR('',#11003,1.);
#8353=VECTOR('',#11006,1.);
#8354=VECTOR('',#11011,1.);
#8355=VECTOR('',#11012,1.);
#8356=VECTOR('',#11013,1.);
#8357=VECTOR('',#11016,1.);
#8358=VECTOR('',#11017,1.);
#8359=VECTOR('',#11020,1.);
#8360=VECTOR('',#11025,1.);
#8361=VECTOR('',#11030,1.);
#8362=VECTOR('',#11031,1.);
#8363=VECTOR('',#11032,1.);
#8364=VECTOR('',#11035,1.);
#8365=VECTOR('',#11036,1.);
#8366=VECTOR('',#11039,1.);
#8367=VECTOR('',#11044,1.);
#8368=VECTOR('',#11045,1.);
#8369=VECTOR('',#11046,1.);
#8370=VECTOR('',#11049,1.);
#8371=VECTOR('',#11050,1.);
#8372=VECTOR('',#11053,1.);
#8373=VECTOR('',#11068,1.);
#8374=VECTOR('',#11069,1.);
#8375=VECTOR('',#11070,1.);
#8376=VECTOR('',#11073,1.);
#8377=VECTOR('',#11074,1.);
#8378=VECTOR('',#11077,1.);
#8379=VECTOR('',#11084,1.);
#8380=VECTOR('',#11089,1.);
#8381=VECTOR('',#11092,1.);
#8382=VECTOR('',#11093,1.);
#8383=VECTOR('',#11094,1.);
#8384=VECTOR('',#11097,1.);
#8385=VECTOR('',#11098,1.);
#8386=VECTOR('',#11101,1.);
#8387=VECTOR('',#11106,1.);
#8388=VECTOR('',#11107,1.);
#8389=VECTOR('',#11108,1.);
#8390=VECTOR('',#11111,1.);
#8391=VECTOR('',#11112,1.);
#8392=VECTOR('',#11115,1.);
#8393=VECTOR('',#11120,1.);
#8394=VECTOR('',#11121,1.);
#8395=VECTOR('',#11122,1.);
#8396=VECTOR('',#11125,1.);
#8397=VECTOR('',#11126,1.);
#8398=VECTOR('',#11129,1.);
#8399=VECTOR('',#11130,1.);
#8400=VECTOR('',#11131,1.);
#8401=VECTOR('',#11132,1.);
#8402=VECTOR('',#11133,1.);
#8403=VECTOR('',#11134,1.);
#8404=VECTOR('',#11135,1.);
#8405=VECTOR('',#11140,1.);
#8406=VECTOR('',#11141,1.);
#8407=VECTOR('',#11142,1.);
#8408=VECTOR('',#11145,1.);
#8409=VECTOR('',#11146,1.);
#8410=VECTOR('',#11149,1.);
#8411=VECTOR('',#11150,1.);
#8412=VECTOR('',#11151,1.);
#8413=VECTOR('',#11152,1.);
#8414=VECTOR('',#11153,1.);
#8415=VECTOR('',#11154,1.);
#8416=VECTOR('',#11155,1.);
#8417=VECTOR('',#11160,1.);
#8418=VECTOR('',#11167,1.);
#8419=VECTOR('',#11176,1.);
#8420=VECTOR('',#11179,1.);
#8421=VECTOR('',#11196,1.);
#8422=VECTOR('',#11197,1.);
#8423=VECTOR('',#11200,1.);
#8424=VECTOR('',#11201,1.);
#8425=VECTOR('',#11204,1.);
#8426=VECTOR('',#11219,1.);
#8427=VECTOR('',#11220,1.);
#8428=VECTOR('',#11221,1.);
#8429=VECTOR('',#11222,1.);
#8430=VECTOR('',#11225,1.);
#8431=VECTOR('',#11226,1.);
#8432=VECTOR('',#11227,1.);
#8433=VECTOR('',#11228,1.);
#8434=VECTOR('',#11231,1.);
#8435=VECTOR('',#11232,1.);
#8436=VECTOR('',#11233,1.);
#8437=VECTOR('',#11236,1.);
#8438=VECTOR('',#11237,1.);
#8439=VECTOR('',#11238,1.);
#8440=VECTOR('',#11241,1.);
#8441=AXIS2_PLACEMENT_3D('',#11262,#9095,#9096);
#8442=AXIS2_PLACEMENT_3D('',#11279,#9105,#9106);
#8443=AXIS2_PLACEMENT_3D('',#11288,#9111,#9112);
#8444=AXIS2_PLACEMENT_3D('',#11308,#9120,#9121);
#8445=AXIS2_PLACEMENT_3D('',#11309,#9122,#9123);
#8446=AXIS2_PLACEMENT_3D('',#11326,#9131,#9132);
#8447=AXIS2_PLACEMENT_3D('',#11328,#9133,#9134);
#8448=AXIS2_PLACEMENT_3D('',#11330,#9135,#9136);
#8449=AXIS2_PLACEMENT_3D('',#11345,#9144,#9145);
#8450=AXIS2_PLACEMENT_3D('',#11346,#9146,#9147);
#8451=AXIS2_PLACEMENT_3D('',#11348,#9148,#9149);
#8452=AXIS2_PLACEMENT_3D('',#11353,#9151,#9152);
#8453=AXIS2_PLACEMENT_3D('',#11355,#9153,#9154);
#8454=AXIS2_PLACEMENT_3D('',#11359,#9156,#9157);
#8455=AXIS2_PLACEMENT_3D('',#11363,#9159,#9160);
#8456=AXIS2_PLACEMENT_3D('',#11365,#9161,#9162);
#8457=AXIS2_PLACEMENT_3D('',#11369,#9164,#9165);
#8458=AXIS2_PLACEMENT_3D('',#11373,#9167,#9168);
#8459=AXIS2_PLACEMENT_3D('',#11377,#9170,#9171);
#8460=AXIS2_PLACEMENT_3D('',#11378,#9172,#9173);
#8461=AXIS2_PLACEMENT_3D('',#11379,#9174,#9175);
#8462=AXIS2_PLACEMENT_3D('',#11381,#9176,#9177);
#8463=AXIS2_PLACEMENT_3D('',#11386,#9179,#9180);
#8464=AXIS2_PLACEMENT_3D('',#11388,#9181,#9182);
#8465=AXIS2_PLACEMENT_3D('',#11392,#9184,#9185);
#8466=AXIS2_PLACEMENT_3D('',#11396,#9187,#9188);
#8467=AXIS2_PLACEMENT_3D('',#11398,#9189,#9190);
#8468=AXIS2_PLACEMENT_3D('',#11402,#9192,#9193);
#8469=AXIS2_PLACEMENT_3D('',#11406,#9195,#9196);
#8470=AXIS2_PLACEMENT_3D('',#11409,#9198,#9199);
#8471=AXIS2_PLACEMENT_3D('',#11414,#9202,#9203);
#8472=AXIS2_PLACEMENT_3D('',#11428,#9210,#9211);
#8473=AXIS2_PLACEMENT_3D('',#11436,#9215,#9216);
#8474=AXIS2_PLACEMENT_3D('',#11439,#9218,#9219);
#8475=AXIS2_PLACEMENT_3D('',#11464,#9227,#9228);
#8476=AXIS2_PLACEMENT_3D('',#11470,#9232,#9233);
#8477=AXIS2_PLACEMENT_3D('',#11475,#9236,#9237);
#8478=AXIS2_PLACEMENT_3D('',#11498,#9247,#9248);
#8479=AXIS2_PLACEMENT_3D('',#11501,#9251,#9252);
#8480=AXIS2_PLACEMENT_3D('',#11511,#9258,#9259);
#8481=AXIS2_PLACEMENT_3D('',#11518,#9264,#9265);
#8482=AXIS2_PLACEMENT_3D('',#11521,#9268,#9269);
#8483=AXIS2_PLACEMENT_3D('',#11524,#9271,#9272);
#8484=AXIS2_PLACEMENT_3D('',#11535,#9279,#9280);
#8485=AXIS2_PLACEMENT_3D('',#11544,#9286,#9287);
#8486=AXIS2_PLACEMENT_3D('',#11545,#9288,#9289);
#8487=AXIS2_PLACEMENT_3D('',#11556,#9296,#9297);
#8488=AXIS2_PLACEMENT_3D('',#11578,#9308,#9309);
#8489=AXIS2_PLACEMENT_3D('',#11585,#9313,#9314);
#8490=AXIS2_PLACEMENT_3D('',#11592,#9318,#9319);
#8491=AXIS2_PLACEMENT_3D('',#11596,#9321,#9322);
#8492=AXIS2_PLACEMENT_3D('',#11608,#9329,#9330);
#8493=AXIS2_PLACEMENT_3D('',#11614,#9334,#9335);
#8494=AXIS2_PLACEMENT_3D('',#11631,#9344,#9345);
#8495=AXIS2_PLACEMENT_3D('',#11635,#9347,#9348);
#8496=AXIS2_PLACEMENT_3D('',#11651,#9354,#9355);
#8497=AXIS2_PLACEMENT_3D('',#11652,#9356,#9357);
#8498=AXIS2_PLACEMENT_3D('',#11661,#9362,#9363);
#8499=AXIS2_PLACEMENT_3D('',#11670,#9368,#9369);
#8500=AXIS2_PLACEMENT_3D('',#11680,#9375,#9376);
#8501=AXIS2_PLACEMENT_3D('',#11690,#9382,#9383);
#8502=AXIS2_PLACEMENT_3D('',#11693,#9386,#9387);
#8503=AXIS2_PLACEMENT_3D('',#11696,#9390,#9391);
#8504=AXIS2_PLACEMENT_3D('',#11703,#9395,#9396);
#8505=AXIS2_PLACEMENT_3D('',#11704,#9397,#9398);
#8506=AXIS2_PLACEMENT_3D('',#11706,#9399,#9400);
#8507=AXIS2_PLACEMENT_3D('',#11713,#9403,#9404);
#8508=AXIS2_PLACEMENT_3D('',#11731,#9413,#9414);
#8509=AXIS2_PLACEMENT_3D('',#11735,#9416,#9417);
#8510=AXIS2_PLACEMENT_3D('',#11743,#9421,#9422);
#8511=AXIS2_PLACEMENT_3D('',#11747,#9424,#9425);
#8512=AXIS2_PLACEMENT_3D('',#11753,#9428,#9429);
#8513=AXIS2_PLACEMENT_3D('',#11756,#9431,#9432);
#8514=AXIS2_PLACEMENT_3D('',#11767,#9438,#9439);
#8515=AXIS2_PLACEMENT_3D('',#11773,#9443,#9444);
#8516=AXIS2_PLACEMENT_3D('',#11777,#9447,#9448);
#8517=AXIS2_PLACEMENT_3D('',#11780,#9450,#9451);
#8518=AXIS2_PLACEMENT_3D('',#11781,#9452,#9453);
#8519=AXIS2_PLACEMENT_3D('',#11782,#9454,#9455);
#8520=AXIS2_PLACEMENT_3D('',#11787,#9458,#9459);
#8521=AXIS2_PLACEMENT_3D('',#11790,#9461,#9462);
#8522=AXIS2_PLACEMENT_3D('',#11791,#9463,#9464);
#8523=AXIS2_PLACEMENT_3D('',#11795,#9466,#9467);
#8524=AXIS2_PLACEMENT_3D('',#11800,#9470,#9471);
#8525=AXIS2_PLACEMENT_3D('',#11807,#9476,#9477);
#8526=AXIS2_PLACEMENT_3D('',#11814,#9481,#9482);
#8527=AXIS2_PLACEMENT_3D('',#11825,#9489,#9490);
#8528=AXIS2_PLACEMENT_3D('',#11826,#9491,#9492);
#8529=AXIS2_PLACEMENT_3D('',#11828,#9494,#9495);
#8530=AXIS2_PLACEMENT_3D('',#11843,#9504,#9505);
#8531=AXIS2_PLACEMENT_3D('',#11858,#9513,#9514);
#8532=AXIS2_PLACEMENT_3D('',#11862,#9516,#9517);
#8533=AXIS2_PLACEMENT_3D('',#11866,#9519,#9520);
#8534=AXIS2_PLACEMENT_3D('',#11870,#9522,#9523);
#8535=AXIS2_PLACEMENT_3D('',#11878,#9527,#9528);
#8536=AXIS2_PLACEMENT_3D('',#11879,#9529,#9530);
#8537=AXIS2_PLACEMENT_3D('',#11880,#9531,#9532);
#8538=AXIS2_PLACEMENT_3D('',#11885,#9536,#9537);
#8539=AXIS2_PLACEMENT_3D('',#11888,#9539,#9540);
#8540=AXIS2_PLACEMENT_3D('',#11892,#9542,#9543);
#8541=AXIS2_PLACEMENT_3D('',#11896,#9545,#9546);
#8542=AXIS2_PLACEMENT_3D('',#11899,#9548,#9549);
#8543=AXIS2_PLACEMENT_3D('',#11905,#9553,#9554);
#8544=AXIS2_PLACEMENT_3D('',#11916,#9561,#9562);
#8545=AXIS2_PLACEMENT_3D('',#11917,#9563,#9564);
#8546=AXIS2_PLACEMENT_3D('',#11918,#9565,#9566);
#8547=AXIS2_PLACEMENT_3D('',#11922,#9568,#9569);
#8548=AXIS2_PLACEMENT_3D('',#11926,#9571,#9572);
#8549=AXIS2_PLACEMENT_3D('',#11930,#9574,#9575);
#8550=AXIS2_PLACEMENT_3D('',#11931,#9576,#9577);
#8551=AXIS2_PLACEMENT_3D('',#11934,#9580,#9581);
#8552=AXIS2_PLACEMENT_3D('',#11938,#9583,#9584);
#8553=AXIS2_PLACEMENT_3D('',#11942,#9586,#9587);
#8554=AXIS2_PLACEMENT_3D('',#11968,#9591,#9592);
#8555=AXIS2_PLACEMENT_3D('',#11994,#9596,#9597);
#8556=AXIS2_PLACEMENT_3D('',#12005,#9603,#9604);
#8557=AXIS2_PLACEMENT_3D('',#12016,#9610,#9611);
#8558=AXIS2_PLACEMENT_3D('',#12023,#9615,#9616);
#8559=AXIS2_PLACEMENT_3D('',#12028,#9620,#9621);
#8560=AXIS2_PLACEMENT_3D('',#12030,#9623,#9624);
#8561=AXIS2_PLACEMENT_3D('',#12034,#9627,#9628);
#8562=AXIS2_PLACEMENT_3D('',#12035,#9629,#9630);
#8563=AXIS2_PLACEMENT_3D('',#12041,#9633,#9634);
#8564=AXIS2_PLACEMENT_3D('',#12053,#9640,#9641);
#8565=AXIS2_PLACEMENT_3D('',#12082,#9651,#9652);
#8566=AXIS2_PLACEMENT_3D('',#12091,#9657,#9658);
#8567=AXIS2_PLACEMENT_3D('',#12112,#9661,#9662);
#8568=AXIS2_PLACEMENT_3D('',#12116,#9664,#9665);
#8569=AXIS2_PLACEMENT_3D('',#12121,#9668,#9669);
#8570=AXIS2_PLACEMENT_3D('',#12125,#9671,#9672);
#8571=AXIS2_PLACEMENT_3D('',#12144,#9682,#9683);
#8572=AXIS2_PLACEMENT_3D('',#12148,#9686,#9687);
#8573=AXIS2_PLACEMENT_3D('',#12162,#9695,#9696);
#8574=AXIS2_PLACEMENT_3D('',#12174,#9698,#9699);
#8575=AXIS2_PLACEMENT_3D('',#12190,#9703,#9704);
#8576=AXIS2_PLACEMENT_3D('',#12191,#9705,#9706);
#8577=AXIS2_PLACEMENT_3D('',#12200,#9711,#9712);
#8578=AXIS2_PLACEMENT_3D('',#12208,#9716,#9717);
#8579=AXIS2_PLACEMENT_3D('',#12211,#9719,#9720);
#8580=AXIS2_PLACEMENT_3D('',#12217,#9724,#9725);
#8581=AXIS2_PLACEMENT_3D('',#12221,#9728,#9729);
#8582=AXIS2_PLACEMENT_3D('',#12231,#9736,#9737);
#8583=AXIS2_PLACEMENT_3D('',#12234,#9739,#9740);
#8584=AXIS2_PLACEMENT_3D('',#12239,#9743,#9744);
#8585=AXIS2_PLACEMENT_3D('',#12244,#9747,#9748);
#8586=AXIS2_PLACEMENT_3D('',#12250,#9751,#9752);
#8587=AXIS2_PLACEMENT_3D('',#12257,#9756,#9757);
#8588=AXIS2_PLACEMENT_3D('',#12260,#9759,#9760);
#8589=AXIS2_PLACEMENT_3D('',#12274,#9765,#9766);
#8590=AXIS2_PLACEMENT_3D('',#12283,#9771,#9772);
#8591=AXIS2_PLACEMENT_3D('',#12289,#9775,#9776);
#8592=AXIS2_PLACEMENT_3D('',#12292,#9778,#9779);
#8593=AXIS2_PLACEMENT_3D('',#12293,#9780,#9781);
#8594=AXIS2_PLACEMENT_3D('',#12299,#9785,#9786);
#8595=AXIS2_PLACEMENT_3D('',#12308,#9793,#9794);
#8596=AXIS2_PLACEMENT_3D('',#12311,#9797,#9798);
#8597=AXIS2_PLACEMENT_3D('',#12315,#9800,#9801);
#8598=AXIS2_PLACEMENT_3D('',#12318,#9803,#9804);
#8599=AXIS2_PLACEMENT_3D('',#12319,#9805,#9806);
#8600=AXIS2_PLACEMENT_3D('',#12323,#9809,#9810);
#8601=AXIS2_PLACEMENT_3D('',#12327,#9813,#9814);
#8602=AXIS2_PLACEMENT_3D('',#12328,#9815,#9816);
#8603=AXIS2_PLACEMENT_3D('',#12332,#9819,#9820);
#8604=AXIS2_PLACEMENT_3D('',#12345,#9827,#9828);
#8605=AXIS2_PLACEMENT_3D('',#12369,#9835,#9836);
#8606=AXIS2_PLACEMENT_3D('',#12375,#9840,#9841);
#8607=AXIS2_PLACEMENT_3D('',#12376,#9842,#9843);
#8608=AXIS2_PLACEMENT_3D('',#12381,#9845,#9846);
#8609=AXIS2_PLACEMENT_3D('',#12382,#9847,#9848);
#8610=AXIS2_PLACEMENT_3D('',#12393,#9851,#9852);
#8611=AXIS2_PLACEMENT_3D('',#12399,#9856,#9857);
#8612=AXIS2_PLACEMENT_3D('',#12411,#9861,#9862);
#8613=AXIS2_PLACEMENT_3D('',#12420,#9865,#9866);
#8614=AXIS2_PLACEMENT_3D('',#12424,#9870,#9871);
#8615=AXIS2_PLACEMENT_3D('',#12426,#9873,#9874);
#8616=AXIS2_PLACEMENT_3D('',#12428,#9876,#9877);
#8617=AXIS2_PLACEMENT_3D('',#12429,#9878,#9879);
#8618=AXIS2_PLACEMENT_3D('',#12430,#9880,#9881);
#8619=AXIS2_PLACEMENT_3D('',#12431,#9882,#9883);
#8620=AXIS2_PLACEMENT_3D('',#12435,#9887,#9888);
#8621=AXIS2_PLACEMENT_3D('',#12441,#9892,#9893);
#8622=AXIS2_PLACEMENT_3D('',#12447,#9895,#9896);
#8623=AXIS2_PLACEMENT_3D('',#12454,#9901,#9902);
#8624=AXIS2_PLACEMENT_3D('',#12458,#9906,#9907);
#8625=AXIS2_PLACEMENT_3D('',#12464,#9911,#9912);
#8626=AXIS2_PLACEMENT_3D('',#12470,#9914,#9915);
#8627=AXIS2_PLACEMENT_3D('',#12475,#9919,#9920);
#8628=AXIS2_PLACEMENT_3D('',#12476,#9921,#9922);
#8629=AXIS2_PLACEMENT_3D('',#12481,#9924,#9925);
#8630=AXIS2_PLACEMENT_3D('',#12485,#9927,#9928);
#8631=AXIS2_PLACEMENT_3D('',#12487,#9929,#9930);
#8632=AXIS2_PLACEMENT_3D('',#12488,#9931,#9932);
#8633=AXIS2_PLACEMENT_3D('',#12489,#9933,#9934);
#8634=AXIS2_PLACEMENT_3D('',#12585,#9935,#9936);
#8635=AXIS2_PLACEMENT_3D('',#12594,#9941,#9942);
#8636=AXIS2_PLACEMENT_3D('',#12602,#9947,#9948);
#8637=AXIS2_PLACEMENT_3D('',#12603,#9949,#9950);
#8638=AXIS2_PLACEMENT_3D('',#12605,#9951,#9952);
#8639=AXIS2_PLACEMENT_3D('',#12675,#9953,#9954);
#8640=AXIS2_PLACEMENT_3D('',#12684,#9959,#9960);
#8641=AXIS2_PLACEMENT_3D('',#12688,#9962,#9963);
#8642=AXIS2_PLACEMENT_3D('',#12692,#9965,#9966);
#8643=AXIS2_PLACEMENT_3D('',#12694,#9967,#9968);
#8644=AXIS2_PLACEMENT_3D('',#12695,#9969,#9970);
#8645=AXIS2_PLACEMENT_3D('',#12753,#9971,#9972);
#8646=AXIS2_PLACEMENT_3D('',#12754,#9973,#9974);
#8647=AXIS2_PLACEMENT_3D('',#12757,#9977,#9978);
#8648=AXIS2_PLACEMENT_3D('',#12764,#9983,#9984);
#8649=AXIS2_PLACEMENT_3D('',#12765,#9985,#9986);
#8650=AXIS2_PLACEMENT_3D('',#12767,#9987,#9988);
#8651=AXIS2_PLACEMENT_3D('',#12768,#9989,#9990);
#8652=AXIS2_PLACEMENT_3D('',#12770,#9991,#9992);
#8653=AXIS2_PLACEMENT_3D('',#13105,#9997,#9998);
#8654=AXIS2_PLACEMENT_3D('',#13107,#10000,#10001);
#8655=AXIS2_PLACEMENT_3D('',#13109,#10003,#10004);
#8656=AXIS2_PLACEMENT_3D('',#13139,#10011,#10012);
#8657=AXIS2_PLACEMENT_3D('',#13160,#10018,#10019);
#8658=AXIS2_PLACEMENT_3D('',#13165,#10023,#10024);
#8659=AXIS2_PLACEMENT_3D('',#13167,#10025,#10026);
#8660=AXIS2_PLACEMENT_3D('',#13171,#10029,#10030);
#8661=AXIS2_PLACEMENT_3D('',#13220,#10032,#10033);
#8662=AXIS2_PLACEMENT_3D('',#13222,#10035,#10036);
#8663=AXIS2_PLACEMENT_3D('',#13228,#10038,#10039);
#8664=AXIS2_PLACEMENT_3D('',#13235,#10041,#10042);
#8665=AXIS2_PLACEMENT_3D('',#13237,#10044,#10045);
#8666=AXIS2_PLACEMENT_3D('',#13258,#10046,#10047);
#8667=AXIS2_PLACEMENT_3D('',#13260,#10048,#10049);
#8668=AXIS2_PLACEMENT_3D('',#13262,#10050,#10051);
#8669=AXIS2_PLACEMENT_3D('',#13266,#10054,#10055);
#8670=AXIS2_PLACEMENT_3D('',#13271,#10056,#10057);
#8671=AXIS2_PLACEMENT_3D('',#13471,#10064,#10065);
#8672=AXIS2_PLACEMENT_3D('',#13481,#10071,#10072);
#8673=AXIS2_PLACEMENT_3D('',#13492,#10076,#10077);
#8674=AXIS2_PLACEMENT_3D('',#13501,#10081,#10082);
#8675=AXIS2_PLACEMENT_3D('',#13509,#10087,#10088);
#8676=AXIS2_PLACEMENT_3D('',#13520,#10093,#10094);
#8677=AXIS2_PLACEMENT_3D('',#13529,#10098,#10099);
#8678=AXIS2_PLACEMENT_3D('',#13536,#10103,#10104);
#8679=AXIS2_PLACEMENT_3D('',#13655,#10106,#10107);
#8680=AXIS2_PLACEMENT_3D('',#13671,#10116,#10117);
#8681=AXIS2_PLACEMENT_3D('',#13672,#10118,#10119);
#8682=AXIS2_PLACEMENT_3D('',#13674,#10120,#10121);
#8683=AXIS2_PLACEMENT_3D('',#13676,#10122,#10123);
#8684=AXIS2_PLACEMENT_3D('',#13677,#10124,#10125);
#8685=AXIS2_PLACEMENT_3D('',#13680,#10127,#10128);
#8686=AXIS2_PLACEMENT_3D('',#13681,#10129,#10130);
#8687=AXIS2_PLACEMENT_3D('',#13686,#10133,#10134);
#8688=AXIS2_PLACEMENT_3D('',#13690,#10137,#10138);
#8689=AXIS2_PLACEMENT_3D('',#13691,#10139,#10140);
#8690=AXIS2_PLACEMENT_3D('',#13696,#10143,#10144);
#8691=AXIS2_PLACEMENT_3D('',#13700,#10146,#10147);
#8692=AXIS2_PLACEMENT_3D('',#13701,#10148,#10149);
#8693=AXIS2_PLACEMENT_3D('',#13702,#10150,#10151);
#8694=AXIS2_PLACEMENT_3D('',#13703,#10152,#10153);
#8695=AXIS2_PLACEMENT_3D('',#13707,#10155,#10156);
#8696=AXIS2_PLACEMENT_3D('',#13713,#10160,#10161);
#8697=AXIS2_PLACEMENT_3D('',#13721,#10166,#10167);
#8698=AXIS2_PLACEMENT_3D('',#13727,#10171,#10172);
#8699=AXIS2_PLACEMENT_3D('',#13736,#10177,#10178);
#8700=AXIS2_PLACEMENT_3D('',#13740,#10180,#10181);
#8701=AXIS2_PLACEMENT_3D('',#13741,#10182,#10183);
#8702=AXIS2_PLACEMENT_3D('',#13743,#10185,#10186);
#8703=AXIS2_PLACEMENT_3D('',#13744,#10187,#10188);
#8704=AXIS2_PLACEMENT_3D('',#13746,#10190,#10191);
#8705=AXIS2_PLACEMENT_3D('',#13747,#10192,#10193);
#8706=AXIS2_PLACEMENT_3D('',#13751,#10195,#10196);
#8707=AXIS2_PLACEMENT_3D('',#13763,#10203,#10204);
#8708=AXIS2_PLACEMENT_3D('',#13770,#10209,#10210);
#8709=AXIS2_PLACEMENT_3D('',#13775,#10214,#10215);
#8710=AXIS2_PLACEMENT_3D('',#13786,#10217,#10218);
#8711=AXIS2_PLACEMENT_3D('',#13787,#10219,#10220);
#8712=AXIS2_PLACEMENT_3D('',#13802,#10229,#10230);
#8713=AXIS2_PLACEMENT_3D('',#13806,#10233,#10234);
#8714=AXIS2_PLACEMENT_3D('',#13808,#10236,#10237);
#8715=AXIS2_PLACEMENT_3D('',#13809,#10238,#10239);
#8716=AXIS2_PLACEMENT_3D('',#13811,#10241,#10242);
#8717=AXIS2_PLACEMENT_3D('',#13817,#10246,#10247);
#8718=AXIS2_PLACEMENT_3D('',#13818,#10248,#10249);
#8719=AXIS2_PLACEMENT_3D('',#13820,#10251,#10252);
#8720=AXIS2_PLACEMENT_3D('',#13828,#10257,#10258);
#8721=AXIS2_PLACEMENT_3D('',#13852,#10260,#10261);
#8722=AXIS2_PLACEMENT_3D('',#13856,#10263,#10264);
#8723=AXIS2_PLACEMENT_3D('',#13857,#10265,#10266);
#8724=AXIS2_PLACEMENT_3D('',#13858,#10267,#10268);
#8725=AXIS2_PLACEMENT_3D('',#13861,#10271,#10272);
#8726=AXIS2_PLACEMENT_3D('',#13863,#10274,#10275);
#8727=AXIS2_PLACEMENT_3D('',#13867,#10278,#10279);
#8728=AXIS2_PLACEMENT_3D('',#13868,#10280,#10281);
#8729=AXIS2_PLACEMENT_3D('',#13872,#10284,#10285);
#8730=AXIS2_PLACEMENT_3D('',#13874,#10287,#10288);
#8731=AXIS2_PLACEMENT_3D('',#13875,#10289,#10290);
#8732=AXIS2_PLACEMENT_3D('',#13878,#10291,#10292);
#8733=AXIS2_PLACEMENT_3D('',#13879,#10293,#10294);
#8734=AXIS2_PLACEMENT_3D('',#13882,#10297,#10298);
#8735=AXIS2_PLACEMENT_3D('',#13884,#10300,#10301);
#8736=AXIS2_PLACEMENT_3D('',#13886,#10303,#10304);
#8737=AXIS2_PLACEMENT_3D('',#13888,#10306,#10307);
#8738=AXIS2_PLACEMENT_3D('',#13889,#10308,#10309);
#8739=AXIS2_PLACEMENT_3D('',#13890,#10310,#10311);
#8740=AXIS2_PLACEMENT_3D('',#13915,#10314,#10315);
#8741=AXIS2_PLACEMENT_3D('',#13936,#10316,#10317);
#8742=AXIS2_PLACEMENT_3D('',#13937,#10318,#10319);
#8743=AXIS2_PLACEMENT_3D('',#13938,#10320,#10321);
#8744=AXIS2_PLACEMENT_3D('',#13959,#10322,#10323);
#8745=AXIS2_PLACEMENT_3D('',#13960,#10324,#10325);
#8746=AXIS2_PLACEMENT_3D('',#13962,#10327,#10328);
#8747=AXIS2_PLACEMENT_3D('',#13964,#10330,#10331);
#8748=AXIS2_PLACEMENT_3D('',#13965,#10332,#10333);
#8749=AXIS2_PLACEMENT_3D('',#13966,#10334,#10335);
#8750=AXIS2_PLACEMENT_3D('',#13967,#10336,#10337);
#8751=AXIS2_PLACEMENT_3D('',#13969,#10339,#10340);
#8752=AXIS2_PLACEMENT_3D('',#13972,#10343,#10344);
#8753=AXIS2_PLACEMENT_3D('',#13973,#10345,#10346);
#8754=AXIS2_PLACEMENT_3D('',#13975,#10348,#10349);
#8755=AXIS2_PLACEMENT_3D('',#13976,#10350,#10351);
#8756=AXIS2_PLACEMENT_3D('',#13977,#10352,#10353);
#8757=AXIS2_PLACEMENT_3D('',#13978,#10354,#10355);
#8758=AXIS2_PLACEMENT_3D('',#13984,#10359,#10360);
#8759=AXIS2_PLACEMENT_3D('',#13989,#10363,#10364);
#8760=AXIS2_PLACEMENT_3D('',#13993,#10366,#10367);
#8761=AXIS2_PLACEMENT_3D('',#13994,#10368,#10369);
#8762=AXIS2_PLACEMENT_3D('',#13995,#10370,#10371);
#8763=AXIS2_PLACEMENT_3D('',#13999,#10373,#10374);
#8764=AXIS2_PLACEMENT_3D('',#14004,#10377,#10378);
#8765=AXIS2_PLACEMENT_3D('',#14006,#10380,#10381);
#8766=AXIS2_PLACEMENT_3D('',#14008,#10383,#10384);
#8767=AXIS2_PLACEMENT_3D('',#14010,#10386,#10387);
#8768=AXIS2_PLACEMENT_3D('',#14012,#10389,#10390);
#8769=AXIS2_PLACEMENT_3D('',#14013,#10391,#10392);
#8770=AXIS2_PLACEMENT_3D('',#14016,#10395,#10396);
#8771=AXIS2_PLACEMENT_3D('',#14017,#10397,#10398);
#8772=AXIS2_PLACEMENT_3D('',#14019,#10400,#10401);
#8773=AXIS2_PLACEMENT_3D('',#14025,#10405,#10406);
#8774=AXIS2_PLACEMENT_3D('',#14026,#10407,#10408);
#8775=AXIS2_PLACEMENT_3D('',#14030,#10410,#10411);
#8776=AXIS2_PLACEMENT_3D('',#14035,#10414,#10415);
#8777=AXIS2_PLACEMENT_3D('',#14040,#10418,#10419);
#8778=AXIS2_PLACEMENT_3D('',#14044,#10421,#10422);
#8779=AXIS2_PLACEMENT_3D('',#14045,#10423,#10424);
#8780=AXIS2_PLACEMENT_3D('',#14047,#10426,#10427);
#8781=AXIS2_PLACEMENT_3D('',#14050,#10430,#10431);
#8782=AXIS2_PLACEMENT_3D('',#14051,#10432,#10433);
#8783=AXIS2_PLACEMENT_3D('',#14053,#10435,#10436);
#8784=AXIS2_PLACEMENT_3D('',#14054,#10437,#10438);
#8785=AXIS2_PLACEMENT_3D('',#14055,#10439,#10440);
#8786=AXIS2_PLACEMENT_3D('',#14056,#10441,#10442);
#8787=AXIS2_PLACEMENT_3D('',#14057,#10443,#10444);
#8788=AXIS2_PLACEMENT_3D('',#14061,#10446,#10447);
#8789=AXIS2_PLACEMENT_3D('',#14065,#10449,#10450);
#8790=AXIS2_PLACEMENT_3D('',#14066,#10451,#10452);
#8791=AXIS2_PLACEMENT_3D('',#14072,#10456,#10457);
#8792=AXIS2_PLACEMENT_3D('',#14076,#10459,#10460);
#8793=AXIS2_PLACEMENT_3D('',#14080,#10462,#10463);
#8794=AXIS2_PLACEMENT_3D('',#14081,#10464,#10465);
#8795=AXIS2_PLACEMENT_3D('',#14084,#10468,#10469);
#8796=AXIS2_PLACEMENT_3D('',#14088,#10471,#10472);
#8797=AXIS2_PLACEMENT_3D('',#14092,#10474,#10475);
#8798=AXIS2_PLACEMENT_3D('',#14093,#10476,#10477);
#8799=AXIS2_PLACEMENT_3D('',#14099,#10481,#10482);
#8800=AXIS2_PLACEMENT_3D('',#14103,#10484,#10485);
#8801=AXIS2_PLACEMENT_3D('',#14107,#10487,#10488);
#8802=AXIS2_PLACEMENT_3D('',#14108,#10489,#10490);
#8803=AXIS2_PLACEMENT_3D('',#14111,#10493,#10494);
#8804=AXIS2_PLACEMENT_3D('',#14118,#10499,#10500);
#8805=AXIS2_PLACEMENT_3D('',#14119,#10501,#10502);
#8806=AXIS2_PLACEMENT_3D('',#14122,#10504,#10505);
#8807=AXIS2_PLACEMENT_3D('',#14126,#10508,#10509);
#8808=AXIS2_PLACEMENT_3D('',#14127,#10510,#10511);
#8809=AXIS2_PLACEMENT_3D('',#14130,#10513,#10514);
#8810=AXIS2_PLACEMENT_3D('',#14134,#10517,#10518);
#8811=AXIS2_PLACEMENT_3D('',#14135,#10519,#10520);
#8812=AXIS2_PLACEMENT_3D('',#14138,#10522,#10523);
#8813=AXIS2_PLACEMENT_3D('',#14142,#10526,#10527);
#8814=AXIS2_PLACEMENT_3D('',#14145,#10529,#10530);
#8815=AXIS2_PLACEMENT_3D('',#14146,#10531,#10532);
#8816=AXIS2_PLACEMENT_3D('',#14151,#10536,#10537);
#8817=AXIS2_PLACEMENT_3D('',#14154,#10540,#10541);
#8818=AXIS2_PLACEMENT_3D('',#14156,#10543,#10544);
#8819=AXIS2_PLACEMENT_3D('',#14158,#10546,#10547);
#8820=AXIS2_PLACEMENT_3D('',#14161,#10550,#10551);
#8821=AXIS2_PLACEMENT_3D('',#14163,#10553,#10554);
#8822=AXIS2_PLACEMENT_3D('',#14164,#10555,#10556);
#8823=AXIS2_PLACEMENT_3D('',#14166,#10557,#10558);
#8824=AXIS2_PLACEMENT_3D('',#14167,#10559,#10560);
#8825=AXIS2_PLACEMENT_3D('',#14169,#10561,#10562);
#8826=AXIS2_PLACEMENT_3D('',#14170,#10563,#10564);
#8827=AXIS2_PLACEMENT_3D('',#14173,#10567,#10568);
#8828=AXIS2_PLACEMENT_3D('',#14175,#10570,#10571);
#8829=AXIS2_PLACEMENT_3D('',#14177,#10573,#10574);
#8830=AXIS2_PLACEMENT_3D('',#14179,#10576,#10577);
#8831=AXIS2_PLACEMENT_3D('',#14180,#10578,#10579);
#8832=AXIS2_PLACEMENT_3D('',#14181,#10580,#10581);
#8833=AXIS2_PLACEMENT_3D('',#14182,#10582,#10583);
#8834=AXIS2_PLACEMENT_3D('',#14184,#10585,#10586);
#8835=AXIS2_PLACEMENT_3D('',#14185,#10587,#10588);
#8836=AXIS2_PLACEMENT_3D('',#14187,#10590,#10591);
#8837=AXIS2_PLACEMENT_3D('',#14189,#10593,#10594);
#8838=AXIS2_PLACEMENT_3D('',#14190,#10595,#10596);
#8839=AXIS2_PLACEMENT_3D('',#14191,#10597,#10598);
#8840=AXIS2_PLACEMENT_3D('',#14192,#10599,#10600);
#8841=AXIS2_PLACEMENT_3D('',#14193,#10601,#10602);
#8842=AXIS2_PLACEMENT_3D('',#14196,#10605,#10606);
#8843=AXIS2_PLACEMENT_3D('',#14197,#10607,#10608);
#8844=AXIS2_PLACEMENT_3D('',#14199,#10609,#10610);
#8845=AXIS2_PLACEMENT_3D('',#14206,#10614,#10615);
#8846=AXIS2_PLACEMENT_3D('',#14211,#10618,#10619);
#8847=AXIS2_PLACEMENT_3D('',#14214,#10621,#10622);
#8848=AXIS2_PLACEMENT_3D('',#14216,#10623,#10624);
#8849=AXIS2_PLACEMENT_3D('',#14219,#10627,#10628);
#8850=AXIS2_PLACEMENT_3D('',#14222,#10630,#10631);
#8851=AXIS2_PLACEMENT_3D('',#14225,#10633,#10634);
#8852=AXIS2_PLACEMENT_3D('',#14230,#10638,#10639);
#8853=AXIS2_PLACEMENT_3D('',#14233,#10641,#10642);
#8854=AXIS2_PLACEMENT_3D('',#14234,#10643,#10644);
#8855=AXIS2_PLACEMENT_3D('',#14235,#10645,#10646);
#8856=AXIS2_PLACEMENT_3D('',#14245,#10647,#10648);
#8857=AXIS2_PLACEMENT_3D('',#14248,#10651,#10652);
#8858=AXIS2_PLACEMENT_3D('',#14249,#10653,#10654);
#8859=AXIS2_PLACEMENT_3D('',#14250,#10655,#10656);
#8860=AXIS2_PLACEMENT_3D('',#14251,#10657,#10658);
#8861=AXIS2_PLACEMENT_3D('',#14404,#10662,#10663);
#8862=AXIS2_PLACEMENT_3D('',#14407,#10666,#10667);
#8863=AXIS2_PLACEMENT_3D('',#14412,#10668,#10669);
#8864=AXIS2_PLACEMENT_3D('',#14438,#10671,#10672);
#8865=AXIS2_PLACEMENT_3D('',#14439,#10673,#10674);
#8866=AXIS2_PLACEMENT_3D('',#14440,#10675,#10676);
#8867=AXIS2_PLACEMENT_3D('',#14441,#10677,#10678);
#8868=AXIS2_PLACEMENT_3D('',#14446,#10679,#10680);
#8869=AXIS2_PLACEMENT_3D('',#14447,#10681,#10682);
#8870=AXIS2_PLACEMENT_3D('',#14448,#10683,#10684);
#8871=AXIS2_PLACEMENT_3D('',#14450,#10685,#10686);
#8872=AXIS2_PLACEMENT_3D('',#14451,#10687,#10688);
#8873=AXIS2_PLACEMENT_3D('',#14452,#10689,#10690);
#8874=AXIS2_PLACEMENT_3D('',#14454,#10691,#10692);
#8875=AXIS2_PLACEMENT_3D('',#14455,#10693,#10694);
#8876=AXIS2_PLACEMENT_3D('',#14456,#10695,#10696);
#8877=AXIS2_PLACEMENT_3D('',#14460,#10698,#10699);
#8878=AXIS2_PLACEMENT_3D('',#14465,#10703,#10704);
#8879=AXIS2_PLACEMENT_3D('',#14466,#10705,#10706);
#8880=AXIS2_PLACEMENT_3D('',#14468,#10707,#10708);
#8881=AXIS2_PLACEMENT_3D('',#14470,#10709,#10710);
#8882=AXIS2_PLACEMENT_3D('',#14471,#10711,#10712);
#8883=AXIS2_PLACEMENT_3D('',#14473,#10713,#10714);
#8884=AXIS2_PLACEMENT_3D('',#14475,#10715,#10716);
#8885=AXIS2_PLACEMENT_3D('',#14476,#10717,#10718);
#8886=AXIS2_PLACEMENT_3D('',#14482,#10722,#10723);
#8887=AXIS2_PLACEMENT_3D('',#14485,#10725,#10726);
#8888=AXIS2_PLACEMENT_3D('',#14486,#10727,#10728);
#8889=AXIS2_PLACEMENT_3D('',#14488,#10729,#10730);
#8890=AXIS2_PLACEMENT_3D('',#14490,#10731,#10732);
#8891=AXIS2_PLACEMENT_3D('',#14491,#10733,#10734);
#8892=AXIS2_PLACEMENT_3D('',#14494,#10736,#10737);
#8893=AXIS2_PLACEMENT_3D('',#14495,#10738,#10739);
#8894=AXIS2_PLACEMENT_3D('',#14497,#10740,#10741);
#8895=AXIS2_PLACEMENT_3D('',#14499,#10742,#10743);
#8896=AXIS2_PLACEMENT_3D('',#14500,#10744,#10745);
#8897=AXIS2_PLACEMENT_3D('',#14504,#10748,#10749);
#8898=AXIS2_PLACEMENT_3D('',#14505,#10750,#10751);
#8899=AXIS2_PLACEMENT_3D('',#14507,#10752,#10753);
#8900=AXIS2_PLACEMENT_3D('',#14509,#10754,#10755);
#8901=AXIS2_PLACEMENT_3D('',#14510,#10756,#10757);
#8902=AXIS2_PLACEMENT_3D('',#14512,#10758,#10759);
#8903=AXIS2_PLACEMENT_3D('',#14514,#10761,#10762);
#8904=AXIS2_PLACEMENT_3D('',#14532,#10765,#10766);
#8905=AXIS2_PLACEMENT_3D('',#14533,#10767,#10768);
#8906=AXIS2_PLACEMENT_3D('',#14534,#10769,#10770);
#8907=AXIS2_PLACEMENT_3D('',#14536,#10772,#10773);
#8908=AXIS2_PLACEMENT_3D('',#14538,#10775,#10776);
#8909=AXIS2_PLACEMENT_3D('',#14540,#10778,#10779);
#8910=AXIS2_PLACEMENT_3D('',#14541,#10780,#10781);
#8911=AXIS2_PLACEMENT_3D('',#14542,#10782,#10783);
#8912=AXIS2_PLACEMENT_3D('',#14544,#10784,#10785);
#8913=AXIS2_PLACEMENT_3D('',#14546,#10786,#10787);
#8914=AXIS2_PLACEMENT_3D('',#14547,#10788,#10789);
#8915=AXIS2_PLACEMENT_3D('',#14548,#10790,#10791);
#8916=AXIS2_PLACEMENT_3D('',#14550,#10792,#10793);
#8917=AXIS2_PLACEMENT_3D('',#14552,#10794,#10795);
#8918=AXIS2_PLACEMENT_3D('',#14553,#10796,#10797);
#8919=AXIS2_PLACEMENT_3D('',#14554,#10798,#10799);
#8920=AXIS2_PLACEMENT_3D('',#14555,#10800,#10801);
#8921=AXIS2_PLACEMENT_3D('',#14556,#10802,#10803);
#8922=AXIS2_PLACEMENT_3D('',#14557,#10804,#10805);
#8923=AXIS2_PLACEMENT_3D('',#14559,#10806,#10807);
#8924=AXIS2_PLACEMENT_3D('',#14560,#10808,#10809);
#8925=AXIS2_PLACEMENT_3D('',#14561,#10810,#10811);
#8926=AXIS2_PLACEMENT_3D('',#14563,#10812,#10813);
#8927=AXIS2_PLACEMENT_3D('',#14564,#10814,#10815);
#8928=AXIS2_PLACEMENT_3D('',#14565,#10816,#10817);
#8929=AXIS2_PLACEMENT_3D('',#14567,#10818,#10819);
#8930=AXIS2_PLACEMENT_3D('',#14568,#10820,#10821);
#8931=AXIS2_PLACEMENT_3D('',#14569,#10822,#10823);
#8932=AXIS2_PLACEMENT_3D('',#14571,#10824,#10825);
#8933=AXIS2_PLACEMENT_3D('',#14572,#10826,#10827);
#8934=AXIS2_PLACEMENT_3D('',#14582,#10828,#10829);
#8935=AXIS2_PLACEMENT_3D('',#14592,#10830,#10831);
#8936=AXIS2_PLACEMENT_3D('',#14593,#10832,#10833);
#8937=AXIS2_PLACEMENT_3D('',#14594,#10834,#10835);
#8938=AXIS2_PLACEMENT_3D('',#14595,#10836,#10837);
#8939=AXIS2_PLACEMENT_3D('',#14605,#10838,#10839);
#8940=AXIS2_PLACEMENT_3D('',#14615,#10840,#10841);
#8941=AXIS2_PLACEMENT_3D('',#14616,#10842,#10843);
#8942=AXIS2_PLACEMENT_3D('',#14620,#10846,#10847);
#8943=AXIS2_PLACEMENT_3D('',#14624,#10850,#10851);
#8944=AXIS2_PLACEMENT_3D('',#14626,#10853,#10854);
#8945=AXIS2_PLACEMENT_3D('',#14628,#10856,#10857);
#8946=AXIS2_PLACEMENT_3D('',#14630,#10859,#10860);
#8947=AXIS2_PLACEMENT_3D('',#14631,#10861,#10862);
#8948=AXIS2_PLACEMENT_3D('',#14673,#10864,#10865);
#8949=AXIS2_PLACEMENT_3D('',#14674,#10866,#10867);
#8950=AXIS2_PLACEMENT_3D('',#14675,#10868,#10869);
#8951=AXIS2_PLACEMENT_3D('',#14677,#10871,#10872);
#8952=AXIS2_PLACEMENT_3D('',#14679,#10874,#10875);
#8953=AXIS2_PLACEMENT_3D('',#14680,#10876,#10877);
#8954=AXIS2_PLACEMENT_3D('',#14681,#10878,#10879);
#8955=AXIS2_PLACEMENT_3D('',#14682,#10880,#10881);
#8956=AXIS2_PLACEMENT_3D('',#14683,#10882,#10883);
#8957=AXIS2_PLACEMENT_3D('',#14684,#10884,#10885);
#8958=AXIS2_PLACEMENT_3D('',#14686,#10887,#10888);
#8959=AXIS2_PLACEMENT_3D('',#14688,#10890,#10891);
#8960=AXIS2_PLACEMENT_3D('',#14689,#10892,#10893);
#8961=AXIS2_PLACEMENT_3D('',#14690,#10894,#10895);
#8962=AXIS2_PLACEMENT_3D('',#14691,#10896,#10897);
#8963=AXIS2_PLACEMENT_3D('',#14692,#10898,#10899);
#8964=AXIS2_PLACEMENT_3D('',#14693,#10900,#10901);
#8965=AXIS2_PLACEMENT_3D('',#14695,#10903,#10904);
#8966=AXIS2_PLACEMENT_3D('',#14697,#10906,#10907);
#8967=AXIS2_PLACEMENT_3D('',#14698,#10908,#10909);
#8968=AXIS2_PLACEMENT_3D('',#14699,#10910,#10911);
#8969=AXIS2_PLACEMENT_3D('',#14700,#10912,#10913);
#8970=AXIS2_PLACEMENT_3D('',#14701,#10914,#10915);
#8971=AXIS2_PLACEMENT_3D('',#14702,#10916,#10917);
#8972=AXIS2_PLACEMENT_3D('',#14703,#10918,#10919);
#8973=AXIS2_PLACEMENT_3D('',#14705,#10921,#10922);
#8974=AXIS2_PLACEMENT_3D('',#14707,#10924,#10925);
#8975=AXIS2_PLACEMENT_3D('',#14708,#10926,#10927);
#8976=AXIS2_PLACEMENT_3D('',#14710,#10929,#10930);
#8977=AXIS2_PLACEMENT_3D('',#14712,#10932,#10933);
#8978=AXIS2_PLACEMENT_3D('',#14713,#10934,#10935);
#8979=AXIS2_PLACEMENT_3D('',#14715,#10937,#10938);
#8980=AXIS2_PLACEMENT_3D('',#14717,#10940,#10941);
#8981=AXIS2_PLACEMENT_3D('',#14718,#10942,#10943);
#8982=AXIS2_PLACEMENT_3D('',#14720,#10945,#10946);
#8983=AXIS2_PLACEMENT_3D('',#14722,#10948,#10949);
#8984=AXIS2_PLACEMENT_3D('',#14723,#10950,#10951);
#8985=AXIS2_PLACEMENT_3D('',#14724,#10952,#10953);
#8986=AXIS2_PLACEMENT_3D('',#14726,#10954,#10955);
#8987=AXIS2_PLACEMENT_3D('',#14728,#10956,#10957);
#8988=AXIS2_PLACEMENT_3D('',#14729,#10958,#10959);
#8989=AXIS2_PLACEMENT_3D('',#14730,#10960,#10961);
#8990=AXIS2_PLACEMENT_3D('',#14732,#10962,#10963);
#8991=AXIS2_PLACEMENT_3D('',#14734,#10964,#10965);
#8992=AXIS2_PLACEMENT_3D('',#14735,#10966,#10967);
#8993=AXIS2_PLACEMENT_3D('',#14736,#10968,#10969);
#8994=AXIS2_PLACEMENT_3D('',#14738,#10970,#10971);
#8995=AXIS2_PLACEMENT_3D('',#14739,#10972,#10973);
#8996=AXIS2_PLACEMENT_3D('',#14741,#10974,#10975);
#8997=AXIS2_PLACEMENT_3D('',#14742,#10976,#10977);
#8998=AXIS2_PLACEMENT_3D('',#14744,#10978,#10979);
#8999=AXIS2_PLACEMENT_3D('',#14746,#10980,#10981);
#9000=AXIS2_PLACEMENT_3D('',#14747,#10982,#10983);
#9001=AXIS2_PLACEMENT_3D('',#14748,#10984,#10985);
#9002=AXIS2_PLACEMENT_3D('',#14750,#10986,#10987);
#9003=AXIS2_PLACEMENT_3D('',#14752,#10988,#10989);
#9004=AXIS2_PLACEMENT_3D('',#14753,#10990,#10991);
#9005=AXIS2_PLACEMENT_3D('',#14754,#10992,#10993);
#9006=AXIS2_PLACEMENT_3D('',#14755,#10994,#10995);
#9007=AXIS2_PLACEMENT_3D('',#14756,#10996,#10997);
#9008=AXIS2_PLACEMENT_3D('',#14757,#10998,#10999);
#9009=AXIS2_PLACEMENT_3D('',#14758,#11000,#11001);
#9010=AXIS2_PLACEMENT_3D('',#14761,#11004,#11005);
#9011=AXIS2_PLACEMENT_3D('',#14763,#11007,#11008);
#9012=AXIS2_PLACEMENT_3D('',#14764,#11009,#11010);
#9013=AXIS2_PLACEMENT_3D('',#14770,#11014,#11015);
#9014=AXIS2_PLACEMENT_3D('',#14774,#11018,#11019);
#9015=AXIS2_PLACEMENT_3D('',#14776,#11021,#11022);
#9016=AXIS2_PLACEMENT_3D('',#14777,#11023,#11024);
#9017=AXIS2_PLACEMENT_3D('',#14779,#11026,#11027);
#9018=AXIS2_PLACEMENT_3D('',#14784,#11028,#11029);
#9019=AXIS2_PLACEMENT_3D('',#14806,#11033,#11034);
#9020=AXIS2_PLACEMENT_3D('',#14810,#11037,#11038);
#9021=AXIS2_PLACEMENT_3D('',#14812,#11040,#11041);
#9022=AXIS2_PLACEMENT_3D('',#14813,#11042,#11043);
#9023=AXIS2_PLACEMENT_3D('',#14819,#11047,#11048);
#9024=AXIS2_PLACEMENT_3D('',#14823,#11051,#11052);
#9025=AXIS2_PLACEMENT_3D('',#14825,#11054,#11055);
#9026=AXIS2_PLACEMENT_3D('',#14826,#11056,#11057);
#9027=AXIS2_PLACEMENT_3D('',#14827,#11058,#11059);
#9028=AXIS2_PLACEMENT_3D('',#14828,#11060,#11061);
#9029=AXIS2_PLACEMENT_3D('',#14829,#11062,#11063);
#9030=AXIS2_PLACEMENT_3D('',#14830,#11064,#11065);
#9031=AXIS2_PLACEMENT_3D('',#14831,#11066,#11067);
#9032=AXIS2_PLACEMENT_3D('',#14837,#11071,#11072);
#9033=AXIS2_PLACEMENT_3D('',#14841,#11075,#11076);
#9034=AXIS2_PLACEMENT_3D('',#14843,#11078,#11079);
#9035=AXIS2_PLACEMENT_3D('',#14844,#11080,#11081);
#9036=AXIS2_PLACEMENT_3D('',#14845,#11082,#11083);
#9037=AXIS2_PLACEMENT_3D('',#14846,#11085,#11086);
#9038=AXIS2_PLACEMENT_3D('',#14847,#11087,#11088);
#9039=AXIS2_PLACEMENT_3D('',#14848,#11090,#11091);
#9040=AXIS2_PLACEMENT_3D('',#14854,#11095,#11096);
#9041=AXIS2_PLACEMENT_3D('',#14858,#11099,#11100);
#9042=AXIS2_PLACEMENT_3D('',#14860,#11102,#11103);
#9043=AXIS2_PLACEMENT_3D('',#14861,#11104,#11105);
#9044=AXIS2_PLACEMENT_3D('',#14867,#11109,#11110);
#9045=AXIS2_PLACEMENT_3D('',#14871,#11113,#11114);
#9046=AXIS2_PLACEMENT_3D('',#14873,#11116,#11117);
#9047=AXIS2_PLACEMENT_3D('',#14874,#11118,#11119);
#9048=AXIS2_PLACEMENT_3D('',#14880,#11123,#11124);
#9049=AXIS2_PLACEMENT_3D('',#14884,#11127,#11128);
#9050=AXIS2_PLACEMENT_3D('',#14898,#11136,#11137);
#9051=AXIS2_PLACEMENT_3D('',#14899,#11138,#11139);
#9052=AXIS2_PLACEMENT_3D('',#14905,#11143,#11144);
#9053=AXIS2_PLACEMENT_3D('',#14909,#11147,#11148);
#9054=AXIS2_PLACEMENT_3D('',#14923,#11156,#11157);
#9055=AXIS2_PLACEMENT_3D('',#14924,#11158,#11159);
#9056=AXIS2_PLACEMENT_3D('',#14926,#11161,#11162);
#9057=AXIS2_PLACEMENT_3D('',#14927,#11163,#11164);
#9058=AXIS2_PLACEMENT_3D('',#14928,#11165,#11166);
#9059=AXIS2_PLACEMENT_3D('',#14930,#11168,#11169);
#9060=AXIS2_PLACEMENT_3D('',#14931,#11170,#11171);
#9061=AXIS2_PLACEMENT_3D('',#14932,#11172,#11173);
#9062=AXIS2_PLACEMENT_3D('',#14933,#11174,#11175);
#9063=AXIS2_PLACEMENT_3D('',#14935,#11177,#11178);
#9064=AXIS2_PLACEMENT_3D('',#14937,#11180,#11181);
#9065=AXIS2_PLACEMENT_3D('',#14938,#11182,#11183);
#9066=AXIS2_PLACEMENT_3D('',#14939,#11184,#11185);
#9067=AXIS2_PLACEMENT_3D('',#14940,#11186,#11187);
#9068=AXIS2_PLACEMENT_3D('',#14941,#11188,#11189);
#9069=AXIS2_PLACEMENT_3D('',#14942,#11190,#11191);
#9070=AXIS2_PLACEMENT_3D('',#14943,#11192,#11193);
#9071=AXIS2_PLACEMENT_3D('',#14944,#11194,#11195);
#9072=AXIS2_PLACEMENT_3D('',#14948,#11198,#11199);
#9073=AXIS2_PLACEMENT_3D('',#14952,#11202,#11203);
#9074=AXIS2_PLACEMENT_3D('',#14954,#11205,#11206);
#9075=AXIS2_PLACEMENT_3D('',#14955,#11207,#11208);
#9076=AXIS2_PLACEMENT_3D('',#14956,#11209,#11210);
#9077=AXIS2_PLACEMENT_3D('',#14958,#11211,#11212);
#9078=AXIS2_PLACEMENT_3D('',#14960,#11213,#11214);
#9079=AXIS2_PLACEMENT_3D('',#14961,#11215,#11216);
#9080=AXIS2_PLACEMENT_3D('',#14963,#11217,#11218);
#9081=AXIS2_PLACEMENT_3D('',#14973,#11223,#11224);
#9082=AXIS2_PLACEMENT_3D('',#14981,#11229,#11230);
#9083=AXIS2_PLACEMENT_3D('',#14987,#11234,#11235);
#9084=AXIS2_PLACEMENT_3D('',#14992,#11239,#11240);
#9085=AXIS2_PLACEMENT_3D('',#14994,#11242,#11243);
#9086=AXIS2_PLACEMENT_3D('',#14995,#11244,#11245);
#9087=AXIS2_PLACEMENT_3D('',#14997,#11246,#11247);
#9088=AXIS2_PLACEMENT_3D('',#14998,#11248,#11249);
#9089=AXIS2_PLACEMENT_3D('',#15000,#11250,#11251);
#9090=AXIS2_PLACEMENT_3D('',#15001,#11252,#11253);
#9091=AXIS2_PLACEMENT_3D('',#15003,#11254,#11255);
#9092=AXIS2_PLACEMENT_3D('',#15004,#11256,#11257);
#9093=AXIS2_PLACEMENT_3D('',#15006,#11258,#11259);
#9094=AXIS2_PLACEMENT_3D('',#15007,#11260,#11261);
#9095=DIRECTION('',(0.,0.,1.));
#9096=DIRECTION('',(1.,0.,0.));
#9097=DIRECTION('',(0.342752942457395,0.,0.93942558004176));
#9098=DIRECTION('',(0.,0.,-1.));
#9099=DIRECTION('',(-1.,0.,0.));
#9100=DIRECTION('',(0.991052509781786,0.,0.133472554689059));
#9101=DIRECTION('',(0.,0.,1.));
#9102=DIRECTION('',(-1.,0.,0.));
#9103=DIRECTION('',(-0.755590761307918,0.,0.655043969078504));
#9104=DIRECTION('',(-1.,0.,0.));
#9105=DIRECTION('',(0.,-1.,0.));
#9106=DIRECTION('',(-1.,0.,0.));
#9107=DIRECTION('',(0.,0.,1.));
#9108=DIRECTION('',(-1.,0.,0.));
#9109=DIRECTION('',(0.,0.,-1.));
#9110=DIRECTION('',(-1.,0.,0.));
#9111=DIRECTION('',(0.,1.,0.));
#9112=DIRECTION('',(-1.,0.,0.));
#9113=DIRECTION('',(1.,0.,0.));
#9114=DIRECTION('',(0.,0.,-1.));
#9115=DIRECTION('',(0.,0.,-1.));
#9116=DIRECTION('',(0.856891981927205,0.,0.515496005133761));
#9117=DIRECTION('',(0.,0.,-1.));
#9118=DIRECTION('',(1.,0.,0.));
#9119=DIRECTION('',(0.,0.,1.));
#9120=DIRECTION('',(0.,-1.,0.));
#9121=DIRECTION('',(0.,0.,1.));
#9122=DIRECTION('',(0.,0.,1.));
#9123=DIRECTION('',(1.,0.,0.));
#9124=DIRECTION('',(0.,-1.,0.));
#9125=DIRECTION('',(1.,0.,0.));
#9126=DIRECTION('',(0.,1.,0.));
#9127=DIRECTION('',(1.,0.,0.));
#9128=DIRECTION('',(0.,1.,0.));
#9129=DIRECTION('',(-1.,0.,0.));
#9130=DIRECTION('',(0.,1.,0.));
#9131=DIRECTION('',(0.,0.,-1.));
#9132=DIRECTION('',(1.,0.,0.));
#9133=DIRECTION('',(0.,0.,-1.));
#9134=DIRECTION('',(1.,0.,0.));
#9135=DIRECTION('',(0.,0.,-1.));
#9136=DIRECTION('',(1.,0.,0.));
#9137=DIRECTION('',(1.,0.,0.));
#9138=DIRECTION('',(0.,1.,0.));
#9139=DIRECTION('',(-1.,0.,0.));
#9140=DIRECTION('',(0.,-1.,0.));
#9141=DIRECTION('',(1.,0.,0.));
#9142=DIRECTION('',(0.,1.,0.));
#9143=DIRECTION('',(-1.,0.,0.));
#9144=DIRECTION('',(0.,0.,1.));
#9145=DIRECTION('',(1.,0.,0.));
#9146=DIRECTION('',(0.,0.,1.));
#9147=DIRECTION('',(1.,0.,0.));
#9148=DIRECTION('',(0.0332384939250291,-0.878961486549161,0.475733021436273));
#9149=DIRECTION('',(-0.0179773007936161,0.475393231273922,0.879589729541628));
#9150=DIRECTION('',(0.,0.,-1.));
#9151=DIRECTION('',(0.93942558004176,0.,-0.342752942457395));
#9152=DIRECTION('',(0.342752942457395,0.,0.93942558004176));
#9153=DIRECTION('',(0.665427238239134,1.46398372981236E-17,0.746462718834262));
#9154=DIRECTION('',(-0.746462718834262,-1.64226712176176E-17,0.665427238239134));
#9155=DIRECTION('',(0.,0.,1.));
#9156=DIRECTION('',(0.,0.,-1.));
#9157=DIRECTION('',(-1.,0.,0.));
#9158=DIRECTION('',(0.,0.,1.));
#9159=DIRECTION('',(0.665427238239134,1.46398372981236E-17,0.746462718834262));
#9160=DIRECTION('',(-0.746462718834262,-1.64226712176176E-17,0.665427238239134));
#9161=DIRECTION('',(0.93942558004176,0.,-0.342752942457395));
#9162=DIRECTION('',(0.342752942457395,0.,0.93942558004176));
#9163=DIRECTION('',(0.,0.,1.));
#9164=DIRECTION('',(0.15384299306797,-0.923057958405817,0.35255685911293));
#9165=DIRECTION('',(-0.0579599906058456,0.347759943634319,0.935790393780801));
#9166=DIRECTION('',(0.,0.,-1.));
#9167=DIRECTION('',(0.,0.,-1.));
#9168=DIRECTION('',(-1.,0.,0.));
#9169=DIRECTION('',(0.,0.,-1.));
#9170=DIRECTION('',(0.15384299306797,-0.923057958405817,0.35255685911293));
#9171=DIRECTION('',(-0.0579599906058456,0.347759943634319,0.935790393780801));
#9172=DIRECTION('',(0.,0.,1.));
#9173=DIRECTION('',(-1.,0.,0.));
#9174=DIRECTION('',(0.,0.,-1.));
#9175=DIRECTION('',(1.,0.,0.));
#9176=DIRECTION('',(0.0580202639133163,0.919119084588783,0.389684176378908));
#9177=DIRECTION('',(-0.0245503167474734,-0.388910065783475,0.920948555935614));
#9178=DIRECTION('',(0.,0.,-1.));
#9179=DIRECTION('',(0.93942558004176,0.,-0.342752942457395));
#9180=DIRECTION('',(0.342752942457395,0.,0.93942558004176));
#9181=DIRECTION('',(0.665427238239134,1.46398372981236E-17,0.746462718834262));
#9182=DIRECTION('',(-0.746462718834262,-1.64226712176176E-17,0.665427238239134));
#9183=DIRECTION('',(0.,0.,1.));
#9184=DIRECTION('',(0.,0.,-1.));
#9185=DIRECTION('',(-1.,0.,0.));
#9186=DIRECTION('',(0.,0.,1.));
#9187=DIRECTION('',(0.665427238239134,1.46398372981236E-17,0.746462718834262));
#9188=DIRECTION('',(-0.746462718834262,-1.64226712176176E-17,0.665427238239134));
#9189=DIRECTION('',(0.93942558004176,0.,-0.342752942457395));
#9190=DIRECTION('',(0.342752942457395,0.,0.93942558004176));
#9191=DIRECTION('',(0.,0.,1.));
#9192=DIRECTION('',(0.0580202639133163,0.919119084588783,0.389684176378908));
#9193=DIRECTION('',(-0.0245503167474734,-0.388910065783475,0.920948555935614));
#9194=DIRECTION('',(0.,0.,-1.));
#9195=DIRECTION('',(0.,0.,-1.));
#9196=DIRECTION('',(-1.,0.,0.));
#9197=DIRECTION('',(0.,0.,-1.));
#9198=DIRECTION('',(0.,0.,1.));
#9199=DIRECTION('',(-1.,0.,0.));
#9200=DIRECTION('',(0.,0.475996033709058,0.879447426452113));
#9201=DIRECTION('',(0.72923746433241,0.346829241053806,0.589849301232169));
#9202=DIRECTION('',(-0.0332384939250291,0.878961486549161,-0.475733021436273));
#9203=DIRECTION('',(0.0179773007936161,-0.475393231273922,-0.879589729541628));
#9204=DIRECTION('',(0.72923746433241,0.346829241053806,0.589849301232169));
#9205=DIRECTION('',(0.99756813415412,0.,-0.0696980467464271));
#9206=DIRECTION('',(0.330245292336242,-0.43960102499439,-0.835277789548861));
#9207=DIRECTION('',(0.417147933358854,0.444753770873156,0.792579134843042));
#9208=DIRECTION('',(-0.427121031381702,-0.442832158662392,-0.788331975633259));
#9209=DIRECTION('',(-0.984839747134739,-0.109888530480865,-0.134220651661137));
#9210=DIRECTION('',(-0.0332384939250291,0.878961486549161,-0.475733021436273));
#9211=DIRECTION('',(0.0179773007936161,-0.475393231273922,-0.879589729541628));
#9212=DIRECTION('',(0.,-0.475996033709058,-0.879447426452113));
#9213=DIRECTION('',(-0.99928575451558,-0.0377886335057031,0.));
#9214=DIRECTION('',(0.,-0.475996033709058,-0.879447426452113));
#9215=DIRECTION('',(-0.0332384939250291,0.878961486549161,-0.475733021436273));
#9216=DIRECTION('',(0.0179773007936161,-0.475393231273922,-0.879589729541628));
#9217=DIRECTION('',(-0.984839747134739,-0.109888530480865,-0.134220651661137));
#9218=DIRECTION('',(0.0332384939250291,-0.878961486549161,0.475733021436273));
#9219=DIRECTION('',(-0.999447448604275,-0.029231507941511,0.0158213912747765));
#9220=DIRECTION('',(0.,0.356804507640311,0.934179074550247));
#9221=DIRECTION('',(-0.316469603759616,-0.384038796619885,-0.867387567692195));
#9222=DIRECTION('',(0.74025798269934,-0.128667312744701,-0.659896084001838));
#9223=DIRECTION('',(0.986393923832086,0.164398987305704,0.));
#9224=DIRECTION('',(-0.986393923832086,-0.164398987305704,0.));
#9225=DIRECTION('',(0.72923746433241,0.346829241053806,0.589849301232169));
#9226=DIRECTION('',(0.91653937836915,2.05877885567533E-15,-0.399944456016948));
#9227=DIRECTION('',(-0.15384299306797,0.923057958405817,-0.35255685911293));
#9228=DIRECTION('',(0.0579599906058456,-0.347759943634319,-0.935790393780801));
#9229=DIRECTION('',(4.28649534041063E-16,-0.356804507640311,-0.934179074550247));
#9230=DIRECTION('',(-0.986393923832086,-0.164398987305704,0.));
#9231=DIRECTION('',(4.28649534041063E-16,-0.356804507640311,-0.934179074550247));
#9232=DIRECTION('',(0.15384299306797,-0.923057958405817,0.35255685911293));
#9233=DIRECTION('',(-0.988095305870789,-0.143716904890276,0.0548918733955289));
#9234=DIRECTION('',(0.,0.390341743910986,-0.920670040220996));
#9235=DIRECTION('',(0.988196399365182,-0.108312054600305,0.108334551782664));
#9236=DIRECTION('',(-0.0580202639133163,-0.919119084588783,-0.389684176378908));
#9237=DIRECTION('',(0.0245503167474734,0.388910065783475,-0.920948555935614));
#9238=DIRECTION('',(-1.12282182296002E-15,0.390341743910986,-0.920670040220996));
#9239=DIRECTION('',(-0.806110110440187,-0.187132704208739,0.561398112627425));
#9240=DIRECTION('',(-0.998013492355203,0.0630005482275523,0.));
#9241=DIRECTION('',(-0.726666628977817,-0.228771556363394,0.647780198315051));
#9242=DIRECTION('',(0.316019949544375,-0.38717781073872,0.866155144510233));
#9243=DIRECTION('',(0.,0.390341743910986,-0.920670040220996));
#9244=DIRECTION('',(-1.45433554478805E-15,0.390341743910986,-0.920670040220996));
#9245=DIRECTION('',(0.998013492355203,-0.0630005482275523,0.));
#9246=DIRECTION('',(-1.45433554478805E-15,0.390341743910986,-0.920670040220996));
#9247=DIRECTION('',(0.0580202639133163,0.919119084588783,0.389684176378908));
#9248=DIRECTION('',(-0.998315405558498,0.0534175187107057,0.0226477309980995));
#9249=DIRECTION('',(0.,-1.,0.));
#9250=DIRECTION('',(-5.39946348255772E-18,1.,-1.47989805066272E-17));
#9251=DIRECTION('',(0.93942558004176,0.,-0.342752942457395));
#9252=DIRECTION('',(-0.342752942457395,0.,-0.93942558004176));
#9253=DIRECTION('',(0.,-1.,0.));
#9254=DIRECTION('',(-5.39946348255772E-18,1.,-1.47989805066272E-17));
#9255=DIRECTION('',(-0.342752942457395,0.,-0.93942558004176));
#9256=DIRECTION('',(8.37289508021422E-9,1.,2.29486339663934E-8));
#9257=DIRECTION('',(-0.342752942457395,0.,-0.93942558004176));
#9258=DIRECTION('',(0.93942558004176,0.,-0.342752942457395));
#9259=DIRECTION('',(-0.342752942457395,0.,-0.93942558004176));
#9260=DIRECTION('',(0.,-1.,0.));
#9261=DIRECTION('',(8.37289508021422E-9,1.,2.29486339663934E-8));
#9262=DIRECTION('',(0.342752942457395,0.,0.93942558004176));
#9263=DIRECTION('',(-5.39946348255772E-18,1.,-1.47989805066272E-17));
#9264=DIRECTION('',(0.93942558004176,0.,-0.342752942457395));
#9265=DIRECTION('',(-0.342752942457395,0.,-0.93942558004176));
#9266=DIRECTION('',(0.,-1.,0.));
#9267=DIRECTION('',(-5.39946348255772E-18,1.,-1.47989805066272E-17));
#9268=DIRECTION('',(0.93942558004176,0.,-0.342752942457395));
#9269=DIRECTION('',(-0.342752942457395,0.,-0.93942558004176));
#9270=DIRECTION('',(0.,0.999896018597006,0.0144205406922184));
#9271=DIRECTION('',(0.133458923235005,0.0142915395180248,-0.990951294316304));
#9272=DIRECTION('',(-0.985317909147243,-0.10551343810559,-0.134221951605698));
#9273=DIRECTION('',(0.016662038965163,0.999722337909405,0.0166620389651608));
#9274=DIRECTION('',(-0.98439504709064,0.117630588848297,-0.130879470623243));
#9275=DIRECTION('',(-0.81402134305272,0.571918616755929,-0.101382192038996));
#9276=DIRECTION('',(0.,-0.999896018597006,-0.0144205406922184));
#9277=DIRECTION('',(0.,-0.999896018597006,-0.0144205406922184));
#9278=DIRECTION('',(-0.81402134305272,0.571918616755929,-0.101382192038996));
#9279=DIRECTION('',(-0.133458923235005,-0.0142915395180248,0.990951294316304));
#9280=DIRECTION('',(-0.991054345537596,0.00192454983325004,-0.133445045988925));
#9281=DIRECTION('',(0.,0.999683765429645,-0.0251469508371579));
#9282=DIRECTION('',(0.,-0.999683765429645,0.025146950837158));
#9283=DIRECTION('',(-0.994337705686476,0.,-0.106266302514744));
#9284=DIRECTION('',(0.,-0.999683765429645,0.025146950837158));
#9285=DIRECTION('',(0.988196399365182,-0.108312054600305,0.108334551782664));
#9286=DIRECTION('',(0.106233076744524,-0.0250046506802648,-0.994026810931049));
#9287=DIRECTION('',(-0.967585230700571,0.227745740201376,-0.109136149603374));
#9288=DIRECTION('',(-0.106233076744524,0.0250046506802647,0.994026810931048));
#9289=DIRECTION('',(-0.994341256010929,-0.00267143795817457,-0.106199482173142));
#9290=DIRECTION('',(0.,0.,1.));
#9291=DIRECTION('',(-1.,0.,0.));
#9292=DIRECTION('',(-0.755590761307918,0.,0.655043969078504));
#9293=DIRECTION('',(1.,0.,0.));
#9294=DIRECTION('',(0.,0.,1.));
#9295=DIRECTION('',(-1.,0.,0.));
#9296=DIRECTION('',(0.,1.,0.));
#9297=DIRECTION('',(-1.,0.,0.));
#9298=DIRECTION('',(0.,1.,0.));
#9299=DIRECTION('',(-1.,0.,0.));
#9300=DIRECTION('',(0.,-1.,0.));
#9301=DIRECTION('',(-1.,0.,0.));
#9302=DIRECTION('',(0.,1.,0.));
#9303=DIRECTION('',(1.,0.,0.));
#9304=DIRECTION('',(0.,1.,0.));
#9305=DIRECTION('',(1.,0.,0.));
#9306=DIRECTION('',(0.,-1.,0.));
#9307=DIRECTION('',(1.,0.,0.));
#9308=DIRECTION('',(0.,0.,-1.));
#9309=DIRECTION('',(1.,0.,0.));
#9310=DIRECTION('',(1.,0.,0.));
#9311=DIRECTION('',(0.,1.,0.));
#9312=DIRECTION('',(1.,0.,0.));
#9313=DIRECTION('',(0.,0.,1.));
#9314=DIRECTION('',(1.,0.,0.));
#9315=DIRECTION('',(-1.,0.,0.));
#9316=DIRECTION('',(0.,0.,1.));
#9317=DIRECTION('',(0.,0.,1.));
#9318=DIRECTION('',(0.,-1.,0.));
#9319=DIRECTION('',(-1.,0.,0.));
#9320=DIRECTION('',(0.242535625036309,0.,-0.970142500145338));
#9321=DIRECTION('',(0.,-1.,0.));
#9322=DIRECTION('',(-0.970142500145338,0.,-0.242535625036309));
#9323=DIRECTION('',(-1.,0.,0.));
#9324=DIRECTION('',(-0.746462718834262,0.,0.665427238239134));
#9325=DIRECTION('',(-1.,0.,0.));
#9326=DIRECTION('',(0.755590761307918,0.,-0.655043969078504));
#9327=DIRECTION('',(0.,0.,1.));
#9328=DIRECTION('',(-0.655043969078504,0.,-0.755590761307918));
#9329=DIRECTION('',(0.,-1.,0.));
#9330=DIRECTION('',(0.,0.,1.));
#9331=DIRECTION('',(0.,0.,-1.));
#9332=DIRECTION('',(1.,0.,0.));
#9333=DIRECTION('',(0.,0.,1.));
#9334=DIRECTION('',(0.,-1.,0.));
#9335=DIRECTION('',(0.,0.,1.));
#9336=DIRECTION('',(0.,0.,1.));
#9337=DIRECTION('',(-1.,0.,0.));
#9338=DIRECTION('',(0.655043969078504,0.,0.755590761307918));
#9339=DIRECTION('',(0.,0.,-1.));
#9340=DIRECTION('',(-0.755590761307918,0.,0.655043969078504));
#9341=DIRECTION('',(-1.,0.,0.));
#9342=DIRECTION('',(0.746462718834262,0.,-0.665427238239134));
#9343=DIRECTION('',(-1.,0.,0.));
#9344=DIRECTION('',(0.,1.,0.));
#9345=DIRECTION('',(0.,0.,-1.));
#9346=DIRECTION('',(-0.242535625036309,0.,0.970142500145338));
#9347=DIRECTION('',(0.,1.,0.));
#9348=DIRECTION('',(-0.970142500145338,0.,-0.242535625036309));
#9349=DIRECTION('',(0.,0.,-1.));
#9350=DIRECTION('',(-1.,0.,0.));
#9351=DIRECTION('',(0.,0.,1.));
#9352=DIRECTION('',(-0.856891981927205,0.,-0.515496005133761));
#9353=DIRECTION('',(0.,0.,1.));
#9354=DIRECTION('',(0.,1.,0.));
#9355=DIRECTION('',(-1.,0.,0.));
#9356=DIRECTION('',(0.,0.,-1.));
#9357=DIRECTION('',(1.,0.,0.));
#9358=DIRECTION('',(0.,1.,0.));
#9359=DIRECTION('',(0.,1.,0.));
#9360=DIRECTION('',(0.,1.,0.));
#9361=DIRECTION('',(1.,0.,0.));
#9362=DIRECTION('',(0.,0.,1.));
#9363=DIRECTION('',(1.,0.,0.));
#9364=DIRECTION('',(1.,0.,0.));
#9365=DIRECTION('',(0.,1.,0.));
#9366=DIRECTION('',(1.,0.,0.));
#9367=DIRECTION('',(0.,-1.,0.));
#9368=DIRECTION('',(0.,0.,1.));
#9369=DIRECTION('',(-1.,0.,0.));
#9370=DIRECTION('',(0.,0.,-1.));
#9371=DIRECTION('',(0.,0.,1.));
#9372=DIRECTION('',(-1.,0.,0.));
#9373=DIRECTION('',(0.655043969078504,0.,0.755590761307918));
#9374=DIRECTION('',(-1.,0.,0.));
#9375=DIRECTION('',(0.,1.,0.));
#9376=DIRECTION('',(0.,0.,1.));
#9377=DIRECTION('',(0.,0.,1.));
#9378=DIRECTION('',(-1.,0.,0.));
#9379=DIRECTION('',(-0.655043969078504,0.,-0.755590761307918));
#9380=DIRECTION('',(1.,0.,0.));
#9381=DIRECTION('',(0.,0.,-1.));
#9382=DIRECTION('',(0.,-1.,0.));
#9383=DIRECTION('',(0.,0.,-1.));
#9384=DIRECTION('',(0.,-1.,-2.0672173690137E-8));
#9385=DIRECTION('',(0.,-1.,-2.0672173690137E-8));
#9386=DIRECTION('',(0.,2.0672173690137E-8,-1.));
#9387=DIRECTION('',(0.,1.,2.06721736915882E-8));
#9388=DIRECTION('',(0.,-1.,-2.0672173690137E-8));
#9389=DIRECTION('',(0.,-1.,-2.0672173690137E-8));
#9390=DIRECTION('',(0.,2.0672173690137E-8,-1.));
#9391=DIRECTION('',(0.,1.,2.06721736915882E-8));
#9392=DIRECTION('',(0.984839746685061,0.109888534513884,0.13422065165874));
#9393=DIRECTION('',(0.814021342738925,-0.571918617211213,0.101382191990169));
#9394=DIRECTION('',(-0.0166620389651748,-0.999722337909405,-0.0166620389651624));
#9395=DIRECTION('',(-0.133458923235005,-0.0142915395180248,0.990951294316304));
#9396=DIRECTION('',(-0.991054345537596,0.00192454983325004,-0.133445045988925));
#9397=DIRECTION('',(0.,0.,1.));
#9398=DIRECTION('',(0.999999999999999,0.,0.));
#9399=DIRECTION('',(0.,0.,1.));
#9400=DIRECTION('',(0.999999999999999,0.,0.));
#9401=DIRECTION('',(0.986393923832113,-0.164398987305544,0.));
#9402=DIRECTION('',(3.8125790680809E-15,-1.,0.));
#9403=DIRECTION('',(0.,0.,1.));
#9404=DIRECTION('',(1.,0.,0.));
#9405=DIRECTION('',(0.796025085776237,0.605263630837782,0.));
#9406=DIRECTION('',(-2.87650972634909E-15,1.,0.));
#9407=DIRECTION('',(0.986393923832113,-0.164398987305544,0.));
#9408=DIRECTION('',(-2.87650972634909E-15,1.,0.));
#9409=DIRECTION('',(0.796025085776237,0.605263630837782,0.));
#9410=DIRECTION('',(0.986393923832113,-0.164398987305544,0.));
#9411=DIRECTION('',(0.796025085776237,0.605263630837782,0.));
#9412=DIRECTION('',(-2.87650972634909E-15,1.,0.));
#9413=DIRECTION('',(0.,0.,1.));
#9414=DIRECTION('',(1.74756382975705E-7,-0.999999999999985,0.));
#9415=DIRECTION('',(0.999999980585865,0.000197048901022443,0.));
#9416=DIRECTION('',(0.,0.,1.));
#9417=DIRECTION('',(1.74756382975705E-7,-0.999999999999985,0.));
#9418=DIRECTION('',(0.,-1.,0.));
#9419=DIRECTION('',(0.813213863312342,0.581964958151791,0.));
#9420=DIRECTION('',(0.,-1.,0.));
#9421=DIRECTION('',(0.,0.,1.));
#9422=DIRECTION('',(1.74756382975705E-7,-0.999999999999985,0.));
#9423=DIRECTION('',(0.999999980585865,0.000197048901022443,0.));
#9424=DIRECTION('',(0.,0.,1.));
#9425=DIRECTION('',(1.74756382975705E-7,-0.999999999999985,0.));
#9426=DIRECTION('',(-2.87650972634909E-15,1.,0.));
#9427=DIRECTION('',(0.796025085776237,0.605263630837782,0.));
#9428=DIRECTION('',(0.,0.,1.));
#9429=DIRECTION('',(1.,0.,0.));
#9430=DIRECTION('',(3.8125790680809E-15,-1.,0.));
#9431=DIRECTION('',(0.,0.,1.));
#9432=DIRECTION('',(1.,0.,0.));
#9433=DIRECTION('',(0.,0.,-1.));
#9434=DIRECTION('',(0.96016034669154,2.49084321957686E-15,-0.279449653141995));
#9435=DIRECTION('',(0.337719131830649,8.6792489818242E-16,0.94124693252916));
#9436=DIRECTION('',(0.,0.,1.));
#9437=DIRECTION('',(1.,2.56996070515083E-15,0.));
#9438=DIRECTION('',(-2.56996070515083E-15,1.,0.));
#9439=DIRECTION('',(-1.,-2.56739074444567E-15,0.));
#9440=DIRECTION('',(0.,0.,-1.));
#9441=DIRECTION('',(0.,0.,-1.));
#9442=DIRECTION('',(-0.48802182238688,-0.371071044649196,0.790025936724322));
#9443=DIRECTION('',(0.605263630837782,-0.796025085776237,0.));
#9444=DIRECTION('',(0.796025085776237,0.605263630837782,0.));
#9445=DIRECTION('',(0.,0.,-1.));
#9446=DIRECTION('',(-0.48802182238688,-0.371071044649196,0.790025936724322));
#9447=DIRECTION('',(0.605263630837782,-0.796025085776237,0.));
#9448=DIRECTION('',(0.796025085776237,0.605263630837782,0.));
#9449=DIRECTION('',(0.,0.,1.));
#9450=DIRECTION('',(-0.143141676993948,-0.858850061962688,-0.491820120952821));
#9451=DIRECTION('',(0.0808547298211337,0.485128378926237,-0.870696829341851));
#9452=DIRECTION('',(0.,0.,-1.));
#9453=DIRECTION('',(-1.,0.,0.));
#9454=DIRECTION('',(0.,0.,-1.));
#9455=DIRECTION('',(1.,0.,0.));
#9456=DIRECTION('',(-0.813213863312342,-0.581964958151791,0.));
#9457=DIRECTION('',(1.,0.,0.));
#9458=DIRECTION('',(0.,0.,1.));
#9459=DIRECTION('',(1.,0.,0.));
#9460=DIRECTION('',(0.916539378369148,0.,-0.399944456016953));
#9461=DIRECTION('',(-0.15384299306797,0.923057958405817,-0.35255685911293));
#9462=DIRECTION('',(0.0579599906058456,-0.347759943634319,-0.935790393780801));
#9463=DIRECTION('',(0.15384299306797,-0.923057958405817,0.35255685911293));
#9464=DIRECTION('',(-0.988095305870789,-0.143716904890276,0.0548918733955289));
#9465=DIRECTION('',(1.,0.,0.));
#9466=DIRECTION('',(0.,0.,1.));
#9467=DIRECTION('',(-1.,0.,0.));
#9468=DIRECTION('',(1.,2.22808519850232E-15,0.));
#9469=DIRECTION('',(0.814158117757743,-0.58064322891873,0.));
#9470=DIRECTION('',(0.,0.,-1.));
#9471=DIRECTION('',(-1.,0.,0.));
#9472=DIRECTION('',(-1.42944549406178E-15,0.496937479810315,-0.867786345340702));
#9473=DIRECTION('',(-1.42944549406178E-15,0.496937479810315,-0.867786345340702));
#9474=DIRECTION('',(-1.89461343366968E-15,0.496937479810315,-0.867786345340702));
#9475=DIRECTION('',(-1.89461343366968E-15,0.496937479810315,-0.867786345340702));
#9476=DIRECTION('',(-0.143141676993948,-0.858850061962688,-0.491820120952821));
#9477=DIRECTION('',(0.0808547298211337,0.485128378926237,-0.870696829341851));
#9478=DIRECTION('',(-0.806110110440187,-0.187132704208739,0.561398112627425));
#9479=DIRECTION('',(-0.405832342764563,0.50417274630779,-0.762305681106135));
#9480=DIRECTION('',(0.303521782255523,0.434896737172865,-0.84778497019753));
#9481=DIRECTION('',(-0.143141676993948,-0.858850061962688,-0.491820120952821));
#9482=DIRECTION('',(0.0808547298211337,0.485128378926237,-0.870696829341851));
#9483=DIRECTION('',(0.960160346691542,0.,-0.279449653141991));
#9484=DIRECTION('',(0.303521782255523,0.434896737172865,-0.84778497019753));
#9485=DIRECTION('',(0.507280642247207,0.363028191051903,-0.781586132491387));
#9486=DIRECTION('',(0.986393923832113,-0.164398987305544,0.));
#9487=DIRECTION('',(-1.42944549406178E-15,0.496937479810315,-0.867786345340702));
#9488=DIRECTION('',(-0.48802182238688,-0.371071044649196,0.790025936724322));
#9489=DIRECTION('',(0.143141676993948,0.858850061962688,0.491820120952821));
#9490=DIRECTION('',(-0.989702207892536,0.124216392744517,0.0711324642211946));
#9491=DIRECTION('',(-1.,-3.8125790680809E-15,0.));
#9492=DIRECTION('',(3.80945275324507E-15,-1.,0.));
#9493=DIRECTION('',(0.,0.,-1.));
#9494=DIRECTION('',(0.605263630837782,-0.796025085776237,0.));
#9495=DIRECTION('',(0.796025085776237,0.605263630837782,0.));
#9496=DIRECTION('',(0.,1.,0.));
#9497=DIRECTION('',(1.,0.,0.));
#9498=DIRECTION('',(0.,-1.,0.));
#9499=DIRECTION('',(-1.,0.,0.));
#9500=DIRECTION('',(0.,1.,0.));
#9501=DIRECTION('',(-1.79213185190723E-8,1.,0.));
#9502=DIRECTION('',(1.,0.,0.));
#9503=DIRECTION('',(2.6471163201513E-8,1.,0.));
#9504=DIRECTION('',(0.,0.,-1.));
#9505=DIRECTION('',(0.,1.,0.));
#9506=DIRECTION('',(0.,1.,0.));
#9507=DIRECTION('',(0.,0.,1.));
#9508=DIRECTION('',(0.,1.,0.));
#9509=DIRECTION('',(0.,0.,1.));
#9510=DIRECTION('',(0.,1.,0.));
#9511=DIRECTION('',(0.,0.,1.));
#9512=DIRECTION('',(0.,1.,0.));
#9513=DIRECTION('',(-1.,0.,0.));
#9514=DIRECTION('',(0.,0.,-1.));
#9515=DIRECTION('',(0.,0.,1.));
#9516=DIRECTION('',(1.,0.,0.));
#9517=DIRECTION('',(0.,1.,0.));
#9518=DIRECTION('',(0.,1.,0.));
#9519=DIRECTION('',(1.,0.,0.));
#9520=DIRECTION('',(0.,0.,1.));
#9521=DIRECTION('',(0.,0.,1.));
#9522=DIRECTION('',(-1.,0.,0.));
#9523=DIRECTION('',(0.,1.,0.));
#9524=DIRECTION('',(0.,1.,0.));
#9525=DIRECTION('',(0.,0.,1.));
#9526=DIRECTION('',(0.,1.,0.));
#9527=DIRECTION('',(-1.,0.,0.));
#9528=DIRECTION('',(0.,0.,1.));
#9529=DIRECTION('',(-1.,0.,0.));
#9530=DIRECTION('',(0.,0.,-1.));
#9531=DIRECTION('',(1.,0.,0.));
#9532=DIRECTION('',(0.,0.,1.));
#9533=DIRECTION('',(0.,-1.,0.));
#9534=DIRECTION('',(0.,0.,1.));
#9535=DIRECTION('',(0.,1.,0.));
#9536=DIRECTION('',(-1.,0.,0.));
#9537=DIRECTION('',(0.,0.,-1.));
#9538=DIRECTION('',(0.,0.,1.));
#9539=DIRECTION('',(0.,0.,-1.));
#9540=DIRECTION('',(1.,0.,0.));
#9541=DIRECTION('',(0.,0.,1.));
#9542=DIRECTION('',(0.,0.,1.));
#9543=DIRECTION('',(-1.,0.,0.));
#9544=DIRECTION('',(0.,0.,-1.));
#9545=DIRECTION('',(0.,0.,-1.));
#9546=DIRECTION('',(1.,0.,0.));
#9547=DIRECTION('',(0.,0.,-1.));
#9548=DIRECTION('',(0.,0.,-1.));
#9549=DIRECTION('',(0.,1.,0.));
#9550=DIRECTION('',(-1.,0.,0.));
#9551=DIRECTION('',(-2.6471163201513E-8,-1.,0.));
#9552=DIRECTION('',(1.,0.,0.));
#9553=DIRECTION('',(0.,0.,-1.));
#9554=DIRECTION('',(-1.,0.,0.));
#9555=DIRECTION('',(0.,0.,-1.));
#9556=DIRECTION('',(0.,0.,1.));
#9557=DIRECTION('',(1.,0.,0.));
#9558=DIRECTION('',(0.,0.,-1.));
#9559=DIRECTION('',(-1.,0.,0.));
#9560=DIRECTION('',(0.,0.,-1.));
#9561=DIRECTION('',(0.,1.,0.));
#9562=DIRECTION('',(-1.,0.,0.));
#9563=DIRECTION('',(0.,0.,-1.));
#9564=DIRECTION('',(1.,0.,0.));
#9565=DIRECTION('',(0.,0.,1.));
#9566=DIRECTION('',(-1.,0.,0.));
#9567=DIRECTION('',(0.,0.,1.));
#9568=DIRECTION('',(0.,0.,1.));
#9569=DIRECTION('',(1.,0.,0.));
#9570=DIRECTION('',(0.,0.,1.));
#9571=DIRECTION('',(0.,0.,-1.));
#9572=DIRECTION('',(-1.,0.,0.));
#9573=DIRECTION('',(0.,0.,-1.));
#9574=DIRECTION('',(0.,0.,1.));
#9575=DIRECTION('',(-1.,0.,0.));
#9576=DIRECTION('',(0.,0.,-1.));
#9577=DIRECTION('',(0.,1.,0.));
#9578=DIRECTION('',(0.,0.,1.));
#9579=DIRECTION('',(0.,0.,1.));
#9580=DIRECTION('',(0.,0.,-1.));
#9581=DIRECTION('',(0.,1.,0.));
#9582=DIRECTION('',(0.0432109120443509,-0.99906597233631,0.));
#9583=DIRECTION('',(0.,0.,1.));
#9584=DIRECTION('',(1.,0.,0.));
#9585=DIRECTION('',(-8.07908256961199E-9,-1.,0.));
#9586=DIRECTION('',(0.,0.,1.));
#9587=DIRECTION('',(1.,0.,0.));
#9588=DIRECTION('',(0.0373629042304519,-0.999301762926228,0.));
#9589=DIRECTION('',(-0.99915002170107,-0.0412217677295705,0.));
#9590=DIRECTION('',(-0.986393923832086,-0.164398987305704,0.));
#9591=DIRECTION('',(0.,0.,-1.));
#9592=DIRECTION('',(1.,0.,0.));
#9593=DIRECTION('',(-0.998013492355203,0.0630005482275523,0.));
#9594=DIRECTION('',(0.986393923832113,-0.164398987305544,0.));
#9595=DIRECTION('',(0.999086587570247,-0.0427316105153939,0.));
#9596=DIRECTION('',(0.,0.,1.));
#9597=DIRECTION('',(1.,0.,0.));
#9598=DIRECTION('',(0.,0.,1.));
#9599=DIRECTION('',(1.,-8.07908254185641E-9,0.));
#9600=DIRECTION('',(0.,0.,-1.));
#9601=DIRECTION('',(0.70710678118655,-5.71277405111253E-9,0.707106781186546));
#9602=DIRECTION('',(-1.,8.07908254185641E-9,0.));
#9603=DIRECTION('',(8.07908254185641E-9,1.,0.));
#9604=DIRECTION('',(-1.,8.07908254185641E-9,0.));
#9605=DIRECTION('',(0.,0.,1.));
#9606=DIRECTION('',(-1.,8.07908254185641E-9,0.));
#9607=DIRECTION('',(0.,0.,-1.));
#9608=DIRECTION('',(1.,-8.07908254185641E-9,0.));
#9609=DIRECTION('',(-0.70710678118655,5.71277405111253E-9,-0.707106781186546));
#9610=DIRECTION('',(-8.07908254185641E-9,-1.,0.));
#9611=DIRECTION('',(1.,-8.07908254185641E-9,0.));
#9612=DIRECTION('',(-0.48802182238688,-0.371071044649196,0.790025936724322));
#9613=DIRECTION('',(-1.42944549406178E-15,0.496937479810315,-0.867786345340702));
#9614=DIRECTION('',(-0.806110110440187,-0.187132704208739,0.561398112627425));
#9615=DIRECTION('',(0.143141676993948,0.858850061962688,0.491820120952821));
#9616=DIRECTION('',(-0.989702207892536,0.124216392744517,0.0711324642211946));
#9617=DIRECTION('',(0.,0.,-1.));
#9618=DIRECTION('',(0.,0.,1.));
#9619=DIRECTION('',(-1.12282182296002E-15,0.390341743910986,-0.920670040220996));
#9620=DIRECTION('',(-1.,-2.87650972634909E-15,0.));
#9621=DIRECTION('',(2.87617152316955E-15,-1.,0.));
#9622=DIRECTION('',(0.,0.,1.));
#9623=DIRECTION('',(-1.,-2.87650972634909E-15,0.));
#9624=DIRECTION('',(2.87617152316955E-15,-1.,0.));
#9625=DIRECTION('',(0.,0.,1.));
#9626=DIRECTION('',(0.,0.,-1.));
#9627=DIRECTION('',(-0.0580202639133163,-0.919119084588783,-0.389684176378908));
#9628=DIRECTION('',(0.0245503167474734,0.388910065783475,-0.920948555935614));
#9629=DIRECTION('',(0.,0.,-1.));
#9630=DIRECTION('',(-1.,0.,0.));
#9631=DIRECTION('',(-0.813213863312342,-0.581964958151791,0.));
#9632=DIRECTION('',(1.08845394571094E-15,-1.,0.));
#9633=DIRECTION('',(0.,0.,1.));
#9634=DIRECTION('',(0.999999999999999,0.,0.));
#9635=DIRECTION('',(3.63786670690282E-15,-1.,0.));
#9636=DIRECTION('',(-0.813213863312342,-0.581964958151791,0.));
#9637=DIRECTION('',(0.,1.,0.));
#9638=DIRECTION('',(-0.814158117757743,0.58064322891873,0.));
#9639=DIRECTION('',(3.63786670690282E-15,-1.,0.));
#9640=DIRECTION('',(0.,0.,1.));
#9641=DIRECTION('',(0.999999999999999,0.,0.));
#9642=DIRECTION('',(1.08845394571094E-15,-1.,0.));
#9643=DIRECTION('',(-0.814158117757743,0.58064322891873,0.));
#9644=DIRECTION('',(0.99915002170107,0.0412217677295705,0.));
#9645=DIRECTION('',(-0.99915002170107,-0.0412217677295705,0.));
#9646=DIRECTION('',(-0.814158117757743,0.58064322891873,0.));
#9647=DIRECTION('',(0.,1.,0.));
#9648=DIRECTION('',(0.813213863312342,0.581964958151791,0.));
#9649=DIRECTION('',(0.999086587570247,-0.0427316105153939,0.));
#9650=DIRECTION('',(-0.999086587570247,0.0427316105153939,0.));
#9651=DIRECTION('',(0.,0.,1.));
#9652=DIRECTION('',(1.,0.,0.));
#9653=DIRECTION('',(0.806110110440187,0.187132704208739,-0.561398112627425));
#9654=DIRECTION('',(-0.0580202639133192,-0.919119084588781,-0.38968417637891));
#9655=DIRECTION('',(-0.806110110440187,-0.187132704208739,0.561398112627425));
#9656=DIRECTION('',(0.0580202639133163,0.919119084588782,0.389684176378908));
#9657=DIRECTION('',(-0.588914373081129,0.346700821112675,-0.730053697900543));
#9658=DIRECTION('',(-0.806110110440187,-0.187132704208739,0.561398112627425));
#9659=DIRECTION('',(-0.98819639917072,0.108312055119858,-0.108334553037048));
#9660=DIRECTION('',(-0.316019949544375,0.38717781073872,-0.866155144510233));
#9661=DIRECTION('',(0.0580202639133163,0.919119084588783,0.389684176378908));
#9662=DIRECTION('',(-0.998315405558498,0.0534175187107057,0.0226477309980995));
#9663=DIRECTION('',(-1.13583155692806E-8,-1.,-1.31017744049175E-8));
#9664=DIRECTION('',(-0.755590761307918,0.,0.655043969078504));
#9665=DIRECTION('',(-0.655043969078504,0.,-0.755590761307918));
#9666=DIRECTION('',(0.,1.,0.));
#9667=DIRECTION('',(-0.655043969078504,0.,-0.755590761307918));
#9668=DIRECTION('',(-0.755590761307918,0.,0.655043969078504));
#9669=DIRECTION('',(0.655043969078504,0.,0.755590761307918));
#9670=DIRECTION('',(0.,1.,0.));
#9671=DIRECTION('',(-0.755590761307918,0.,0.655043969078504));
#9672=DIRECTION('',(-0.655043969078504,0.,-0.755590761307918));
#9673=DIRECTION('',(-1.13583155692806E-8,-1.,-1.31017744049175E-8));
#9674=DIRECTION('',(-1.13583155692806E-8,-1.,-1.31017744049175E-8));
#9675=DIRECTION('',(-1.13583155692806E-8,-1.,-1.31017744049175E-8));
#9676=DIRECTION('',(-1.13583155692806E-8,-1.,-1.31017744049175E-8));
#9677=DIRECTION('',(0.655043969078504,-3.35784583378568E-8,0.755590761307918));
#9678=DIRECTION('',(0.,-1.,0.));
#9679=DIRECTION('',(0.655043969078504,0.,0.755590761307918));
#9680=DIRECTION('',(-1.13583155692806E-8,-1.,-1.31017744049175E-8));
#9681=DIRECTION('',(0.655043969078504,-3.35784583378568E-8,0.755590761307918));
#9682=DIRECTION('',(-0.755590761307918,0.,0.655043969078504));
#9683=DIRECTION('',(0.655043969078504,0.,0.755590761307918));
#9684=DIRECTION('',(0.,-4.44400064920499E-8,0.999999999999999));
#9685=DIRECTION('',(-0.755590761307918,-2.91101582384269E-8,0.655043969078504));
#9686=DIRECTION('',(0.,-0.999999999999999,-4.44400064920499E-8));
#9687=DIRECTION('',(0.,-4.44400064907036E-8,0.999999999999999));
#9688=DIRECTION('',(1.,0.,0.));
#9689=DIRECTION('',(0.,-4.44400064920499E-8,0.999999999999999));
#9690=DIRECTION('',(0.,-4.44400064920499E-8,0.999999999999999));
#9691=DIRECTION('',(-1.,0.,0.));
#9692=DIRECTION('',(0.,4.44400064920499E-8,-0.999999999999999));
#9693=DIRECTION('',(-1.,0.,0.));
#9694=DIRECTION('',(0.,4.44400064920499E-8,-0.999999999999999));
#9695=DIRECTION('',(0.,-0.999999999999999,-4.44400064920499E-8));
#9696=DIRECTION('',(0.,-4.44400064907036E-8,0.999999999999999));
#9697=DIRECTION('',(-0.746462718834262,0.,0.665427238239134));
#9698=DIRECTION('',(0.665427238239134,1.46398372981236E-17,0.746462718834262));
#9699=DIRECTION('',(-0.746462718834262,1.38777878078145E-17,0.665427238239134));
#9700=DIRECTION('',(-0.746462718834262,0.,0.665427238239134));
#9701=DIRECTION('',(2.20006583091847E-17,-1.,0.));
#9702=DIRECTION('',(-0.746462718834262,0.,0.665427238239134));
#9703=DIRECTION('',(-0.665427238239134,-1.46398372981236E-17,-0.746462718834262));
#9704=DIRECTION('',(0.746462718834262,1.64226712176176E-17,-0.665427238239134));
#9705=DIRECTION('',(0.665427238239134,1.46398372981236E-17,0.746462718834262));
#9706=DIRECTION('',(-0.746462718834262,1.38777878078145E-17,0.665427238239134));
#9707=DIRECTION('',(0.324088487516522,0.,0.946026771428406));
#9708=DIRECTION('',(-0.814158117757743,0.58064322891873,-5.39470323346933E-15));
#9709=DIRECTION('',(2.7756276469345E-16,-0.237339927184563,-0.971426661649775));
#9710=DIRECTION('',(0.462647231306745,-0.11518696218144,0.879027589503091));
#9711=DIRECTION('',(0.569485944939285,0.798513754969064,-0.195093674017932));
#9712=DIRECTION('',(-0.11327982082339,-0.158837098424882,-0.980784613642662));
#9713=DIRECTION('',(0.,0.237339927184562,0.971426661649775));
#9714=DIRECTION('',(-0.814158117757743,0.580643228918731,0.));
#9715=DIRECTION('',(0.,0.237339927184562,0.971426661649775));
#9716=DIRECTION('',(0.569485944939285,0.798513754969064,-0.195093674017932));
#9717=DIRECTION('',(-0.11327982082339,-0.158837098424882,-0.980784613642662));
#9718=DIRECTION('',(0.462647231306745,-0.11518696218144,0.879027589503091));
#9719=DIRECTION('',(-0.569485944939285,-0.798513754969064,0.195093674017932));
#9720=DIRECTION('',(-0.822001069656609,0.553213830348837,-0.135161752704522));
#9721=DIRECTION('',(-1.,0.,-4.392141430423E-15));
#9722=DIRECTION('',(-0.814158117757743,0.58064322891873,0.));
#9723=DIRECTION('',(-1.08845394571094E-15,1.,-3.13239790453995E-15));
#9724=DIRECTION('',(-4.392141430423E-15,3.13239790453994E-15,1.));
#9725=DIRECTION('',(-0.814158117757743,0.58064322891873,-5.39499001028787E-15));
#9726=DIRECTION('',(0.337719131830648,0.,0.94124693252916));
#9727=DIRECTION('',(0.813213863312342,0.581964958151791,2.43925050817499E-15));
#9728=DIRECTION('',(-0.569678150388534,0.79604478419688,0.204400358421508));
#9729=DIRECTION('',(-0.821867875616208,-0.551778860985056,-0.141680215979988));
#9730=DIRECTION('',(0.,0.,1.));
#9731=DIRECTION('',(0.,0.,-1.));
#9732=DIRECTION('',(0.813213863312342,0.581964958151791,0.));
#9733=DIRECTION('',(0.,0.,1.));
#9734=DIRECTION('',(0.,0.,1.));
#9735=DIRECTION('',(0.813213863312342,0.581964958151791,2.43925050817499E-15));
#9736=DIRECTION('',(-0.581964958151791,0.813213863312342,0.));
#9737=DIRECTION('',(-0.813213863312342,-0.581964958151791,0.));
#9738=DIRECTION('',(-0.471092710476357,-0.112487469088959,-0.874881836269333));
#9739=DIRECTION('',(0.569678150388534,-0.79604478419688,-0.204400358421508));
#9740=DIRECTION('',(-0.118953846034984,0.166221205134382,-0.978887375277237));
#9741=DIRECTION('',(0.,-0.248702211737204,0.968579996632711));
#9742=DIRECTION('',(0.,-0.248702211737204,0.968579996632711));
#9743=DIRECTION('',(0.569678150388534,-0.79604478419688,-0.204400358421508));
#9744=DIRECTION('',(-0.118953846034984,0.166221205134382,-0.978887375277237));
#9745=DIRECTION('',(-0.471092710476357,-0.112487469088959,-0.874881836269333));
#9746=DIRECTION('',(2.70700903672396E-16,-0.248702211737204,0.968579996632711));
#9747=DIRECTION('',(-0.569678150388534,0.79604478419688,0.204400358421508));
#9748=DIRECTION('',(-0.821867875616208,-0.551778860985056,-0.141680215979988));
#9749=DIRECTION('',(-0.471092710476357,-0.112487469088959,-0.874881836269333));
#9750=DIRECTION('',(3.63668578465559E-15,-0.999897160355934,0.0143411544911559));
#9751=DIRECTION('',(0.880813923613769,-0.00679000026768513,-0.473413907552876));
#9752=DIRECTION('',(-0.473399841802643,0.00364933496892759,-0.880840094532213));
#9753=DIRECTION('',(3.63668578465559E-15,-0.999897160355934,0.0143411544911559));
#9754=DIRECTION('',(0.28664357657822,-0.788176960826601,0.544621463429958));
#9755=DIRECTION('',(0.450116244645335,0.3221193013256,0.832847238105457));
#9756=DIRECTION('',(-0.880813923613769,0.00679000026768513,0.473413907552876));
#9757=DIRECTION('',(-0.473462598277961,-0.0126318885565003,-0.880723341023376));
#9758=DIRECTION('',(3.63786670690282E-15,-1.,7.24499674487993E-15));
#9759=DIRECTION('',(0.884917752883431,-1.55125021121398E-16,-0.465747324878779));
#9760=DIRECTION('',(-0.465747324878779,8.1644947650375E-17,-0.884917752883431));
#9761=DIRECTION('',(3.63786670690282E-15,-1.,7.24499674487993E-15));
#9762=DIRECTION('',(0.462647231306745,-0.11518696218144,0.879027589503091));
#9763=DIRECTION('',(0.,1.,-3.16412788116318E-16));
#9764=DIRECTION('',(-0.441850402570499,-0.316203968773868,-0.839513711549694));
#9765=DIRECTION('',(-0.884917752883431,1.55125021121398E-16,0.465747324878779));
#9766=DIRECTION('',(-0.465747324878779,-2.91433543964104E-16,-0.884917752883431));
#9767=DIRECTION('',(-0.814158117757743,0.58064322891873,-5.39470323346933E-15));
#9768=DIRECTION('',(0.324088487516521,7.22096762040565E-16,0.946026771428406));
#9769=DIRECTION('',(0.330245292336242,-0.43960102499439,-0.835277789548861));
#9770=DIRECTION('',(-0.309347352321638,-0.0116981690872886,-0.950877157392898));
#9771=DIRECTION('',(-0.569485944939285,-0.798513754969064,0.195093674017932));
#9772=DIRECTION('',(-0.822001069656609,0.553213830348837,-0.135161752704522));
#9773=DIRECTION('',(1.08845394571094E-15,-1.,2.40112434605629E-15));
#9774=DIRECTION('',(0.28664357657822,-0.788176960826601,0.544621463429958));
#9775=DIRECTION('',(0.884917752883431,-1.47368409622611E-16,-0.465747324878779));
#9776=DIRECTION('',(-0.465747324878779,7.7562510560699E-17,-0.884917752883431));
#9777=DIRECTION('',(1.08845394571094E-15,-1.,2.40112434605629E-15));
#9778=DIRECTION('',(0.884917752883431,-1.55125021121398E-16,-0.465747324878779));
#9779=DIRECTION('',(-0.465747324878779,8.1644947650375E-17,-0.884917752883431));
#9780=DIRECTION('',(-0.884917752883431,1.55125021121398E-16,0.465747324878779));
#9781=DIRECTION('',(-0.465747324878779,-2.91433543964104E-16,-0.884917752883431));
#9782=DIRECTION('',(-0.814158117757743,0.58064322891873,0.));
#9783=DIRECTION('',(-1.,-2.22808519850232E-15,-4.39214143042299E-15));
#9784=DIRECTION('',(-0.58064322891873,-0.814158117757743,0.));
#9785=DIRECTION('',(-4.392141430423E-15,3.13239790453994E-15,1.));
#9786=DIRECTION('',(-0.814158117757743,0.58064322891873,-5.39499001028787E-15));
#9787=DIRECTION('',(0.,0.,-1.));
#9788=DIRECTION('',(0.,0.,1.));
#9789=DIRECTION('',(0.,0.,1.));
#9790=DIRECTION('',(0.,0.,1.));
#9791=DIRECTION('',(-0.814158117757743,0.58064322891873,0.));
#9792=DIRECTION('',(0.,0.,-1.));
#9793=DIRECTION('',(-0.58064322891873,-0.814158117757743,0.));
#9794=DIRECTION('',(-0.814158117757743,0.58064322891873,0.));
#9795=DIRECTION('',(0.99756813415412,2.21627225333262E-15,-0.069698046746423));
#9796=DIRECTION('',(-0.99928575451558,-0.0377886335057031,0.));
#9797=DIRECTION('',(0.0332384939250291,-0.878961486549161,0.475733021436273));
#9798=DIRECTION('',(-0.999447448604275,-0.029231507941511,0.0158213912747765));
#9799=DIRECTION('',(0.,0.,1.));
#9800=DIRECTION('',(0.,0.,1.));
#9801=DIRECTION('',(1.74756382975705E-7,-0.999999999999985,0.));
#9802=DIRECTION('',(0.,0.,-1.));
#9803=DIRECTION('',(0.880813923613769,-0.00679000026768515,-0.473413907552876));
#9804=DIRECTION('',(-0.473399841802643,0.0036493349689276,-0.880840094532213));
#9805=DIRECTION('',(0.,0.,-1.));
#9806=DIRECTION('',(-1.,0.,0.));
#9807=DIRECTION('',(8.63411019323461E-16,-0.237339927184563,-0.971426661649775));
#9808=DIRECTION('',(-0.814158117757743,0.58064322891873,-5.39470323346933E-15));
#9809=DIRECTION('',(-0.569485944939285,-0.798513754969064,0.195093674017932));
#9810=DIRECTION('',(-0.822001069656609,0.553213830348837,-0.135161752704522));
#9811=DIRECTION('',(0.,0.,1.));
#9812=DIRECTION('',(0.,0.,-1.));
#9813=DIRECTION('',(0.880813923613769,-0.00679000026768515,-0.473413907552876));
#9814=DIRECTION('',(-0.473399841802643,0.0036493349689276,-0.880840094532213));
#9815=DIRECTION('',(0.,0.,-1.));
#9816=DIRECTION('',(-1.,0.,0.));
#9817=DIRECTION('',(0.813213863312342,0.581964958151791,2.43925050817499E-15));
#9818=DIRECTION('',(9.2398428785274E-16,-0.248702211737203,0.968579996632711));
#9819=DIRECTION('',(-0.569678150388534,0.79604478419688,0.204400358421508));
#9820=DIRECTION('',(-0.821867875616208,-0.551778860985056,-0.141680215979988));
#9821=DIRECTION('',(-1.54311971682797E-15,-6.36642357648214E-17,1.));
#9822=DIRECTION('',(0.99915002170107,0.0412217677295705,0.));
#9823=DIRECTION('',(0.,0.,-1.));
#9824=DIRECTION('',(-0.99915002170107,-0.0412217677295703,0.));
#9825=DIRECTION('',(0.,0.,-1.));
#9826=DIRECTION('',(0.99915002170107,0.0412217677295705,0.));
#9827=DIRECTION('',(0.0412217677295705,-0.99915002170107,0.));
#9828=DIRECTION('',(-0.99915002170107,-0.0412217677295705,0.));
#9829=DIRECTION('',(-0.999086587570247,0.0427316105153939,0.));
#9830=DIRECTION('',(-0.999086587570247,0.0427316105153939,0.));
#9831=DIRECTION('',(-0.813213863312342,-0.581964958151791,0.));
#9832=DIRECTION('',(0.,1.,0.));
#9833=DIRECTION('',(-0.814158117757743,0.58064322891873,0.));
#9834=DIRECTION('',(0.99915002170107,0.0412217677295705,0.));
#9835=DIRECTION('',(0.,0.,-1.));
#9836=DIRECTION('',(1.,0.,0.));
#9837=DIRECTION('',(-0.814158117757743,0.58064322891873,0.));
#9838=DIRECTION('',(0.,1.,0.));
#9839=DIRECTION('',(-0.813213863312342,-0.581964958151791,0.));
#9840=DIRECTION('',(0.,0.,1.));
#9841=DIRECTION('',(1.,0.,0.));
#9842=DIRECTION('',(0.,0.,-1.));
#9843=DIRECTION('',(1.,0.,0.));
#9844=DIRECTION('',(8.07908256961199E-9,1.,0.));
#9845=DIRECTION('',(0.,0.,1.));
#9846=DIRECTION('',(1.,0.,0.));
#9847=DIRECTION('',(0.,0.,1.));
#9848=DIRECTION('',(1.,0.,0.));
#9849=DIRECTION('',(0.99915002170107,0.0412217677295705,0.));
#9850=DIRECTION('',(0.0373629042304519,-0.999301762926228,0.));
#9851=DIRECTION('',(0.,0.,1.));
#9852=DIRECTION('',(1.,0.,0.));
#9853=DIRECTION('',(8.07908256961199E-9,1.,0.));
#9854=DIRECTION('',(8.07908256961199E-9,1.,0.));
#9855=DIRECTION('',(8.07908256961199E-9,1.,0.));
#9856=DIRECTION('',(0.,0.,-1.));
#9857=DIRECTION('',(1.,0.,0.));
#9858=DIRECTION('',(0.0432109120443509,-0.99906597233631,0.));
#9859=DIRECTION('',(-0.999086587570247,0.0427316105153939,0.));
#9860=DIRECTION('',(-0.999086587570247,0.0427316105153939,0.));
#9861=DIRECTION('',(0.,0.,1.));
#9862=DIRECTION('',(1.,0.,0.));
#9863=DIRECTION('',(0.,0.,-1.));
#9864=DIRECTION('',(0.,0.,-1.));
#9865=DIRECTION('',(1.,-8.07908256961199E-9,0.));
#9866=DIRECTION('',(8.07908256961198E-9,1.,0.));
#9867=DIRECTION('',(4.08778793902147E-17,-5.6174963224217E-17,-1.));
#9868=DIRECTION('',(3.39584281144782E-17,5.08530582618198E-17,-1.));
#9869=DIRECTION('',(8.07908256961199E-9,1.,0.));
#9870=DIRECTION('',(1.,-8.07908256961199E-9,0.));
#9871=DIRECTION('',(8.07908256961198E-9,1.,0.));
#9872=DIRECTION('',(8.07908256961199E-9,1.,0.));
#9873=DIRECTION('',(1.,-8.07908256961199E-9,0.));
#9874=DIRECTION('',(8.07908256961198E-9,1.,0.));
#9875=DIRECTION('',(-8.07908256961199E-9,-1.,0.));
#9876=DIRECTION('',(0.,0.,1.));
#9877=DIRECTION('',(1.,0.,0.));
#9878=DIRECTION('',(0.707106781186546,-5.71277407073866E-9,-0.70710678118655));
#9879=DIRECTION('',(-8.07908256961198E-9,-1.,0.));
#9880=DIRECTION('',(0.,0.,-1.));
#9881=DIRECTION('',(-1.,0.,0.));
#9882=DIRECTION('',(4.08778793902147E-17,-5.6174963224217E-17,-1.));
#9883=DIRECTION('',(-1.,0.,-4.61362422104116E-17));
#9884=DIRECTION('',(0.,0.,1.));
#9885=DIRECTION('',(-1.68476221568678E-15,3.36952443137357E-15,1.));
#9886=DIRECTION('',(-0.99915002170107,-0.0412217677295705,0.));
#9887=DIRECTION('',(0.0412217677295705,-0.99915002170107,0.));
#9888=DIRECTION('',(-0.99915002170107,-0.0412217677295705,0.));
#9889=DIRECTION('',(1.68476221568678E-15,-3.36952443137357E-15,-1.));
#9890=DIRECTION('',(0.,0.,1.));
#9891=DIRECTION('',(0.99915002170107,0.0412217677295705,0.));
#9892=DIRECTION('',(0.0412217677295705,-0.99915002170107,0.));
#9893=DIRECTION('',(0.99915002170107,0.0412217677295705,0.));
#9894=DIRECTION('',(-0.207140911526618,-0.696320647046716,0.687190075065381));
#9895=DIRECTION('',(0.029148191494076,-0.706505755767509,-0.707106781186551));
#9896=DIRECTION('',(-0.99915002170107,-0.0412217677295705,0.));
#9897=DIRECTION('',(0.,0.,-1.));
#9898=DIRECTION('',(0.,0.,-1.));
#9899=DIRECTION('',(0.999086587570247,-0.0427316105153939,0.));
#9900=DIRECTION('',(0.,0.,-1.));
#9901=DIRECTION('',(0.0427316105153939,0.999086587570247,0.));
#9902=DIRECTION('',(-0.999086587570247,0.0427316105153939,0.));
#9903=DIRECTION('',(0.,0.,1.));
#9904=DIRECTION('',(0.999086587570247,-0.0427316105153939,0.));
#9905=DIRECTION('',(0.,0.,-1.));
#9906=DIRECTION('',(0.0427316105153939,0.999086587570247,0.));
#9907=DIRECTION('',(-0.999086587570247,0.0427316105153939,0.));
#9908=DIRECTION('',(0.,0.,1.));
#9909=DIRECTION('',(-0.999086587570247,0.0427316105153939,0.));
#9910=DIRECTION('',(0.,0.,1.));
#9911=DIRECTION('',(0.0427316105153939,0.999086587570247,0.));
#9912=DIRECTION('',(-0.999086587570247,0.0427316105153939,0.));
#9913=DIRECTION('',(-0.20723305110531,0.696486138333559,0.686994557211911));
#9914=DIRECTION('',(0.0302158115664575,0.706460901063452,-0.707106781186545));
#9915=DIRECTION('',(0.999086587570247,-0.0427316105153939,0.));
#9916=DIRECTION('',(0.,0.,1.));
#9917=DIRECTION('',(-0.813213863312342,-0.581964958151791,1.84141154994804E-16));
#9918=DIRECTION('',(0.,0.,-1.));
#9919=DIRECTION('',(-0.581964958151791,0.813213863312342,0.));
#9920=DIRECTION('',(-0.813213863312342,-0.581964958151791,0.));
#9921=DIRECTION('',(0.,0.,1.));
#9922=DIRECTION('',(-1.,0.,0.));
#9923=DIRECTION('',(0.,0.,1.));
#9924=DIRECTION('',(0.,0.,-1.));
#9925=DIRECTION('',(1.,0.,0.));
#9926=DIRECTION('',(0.,0.,1.));
#9927=DIRECTION('',(0.,0.,1.));
#9928=DIRECTION('',(-1.,0.,0.));
#9929=DIRECTION('',(0.655043969078504,-1.73397758096439E-8,0.755590761307918));
#9930=DIRECTION('',(-0.755590761307918,2.00013663561373E-8,0.655043969078504));
#9931=DIRECTION('',(0.655043969078504,-1.73397758096439E-8,0.755590761307918));
#9932=DIRECTION('',(-0.755590761307918,2.00013663561373E-8,0.655043969078504));
#9933=DIRECTION('',(0.655043969078504,-1.73397758096439E-8,0.755590761307918));
#9934=DIRECTION('',(-0.755590761307918,2.00013663561373E-8,0.655043969078504));
#9935=DIRECTION('',(0.,0.,1.));
#9936=DIRECTION('',(1.,0.,0.));
#9937=DIRECTION('',(-1.,0.,0.));
#9938=DIRECTION('',(0.,0.,1.));
#9939=DIRECTION('',(1.,0.,0.));
#9940=DIRECTION('',(0.,0.,-1.));
#9941=DIRECTION('',(0.,-1.,0.));
#9942=DIRECTION('',(0.,0.,1.));
#9943=DIRECTION('',(0.,0.,1.));
#9944=DIRECTION('',(1.,0.,0.));
#9945=DIRECTION('',(0.,0.,-1.));
#9946=DIRECTION('',(-0.755590761307918,0.,0.655043969078504));
#9947=DIRECTION('',(0.,-1.,0.));
#9948=DIRECTION('',(0.,0.,1.));
#9949=DIRECTION('',(0.,0.,1.));
#9950=DIRECTION('',(-0.999999999999999,0.,0.));
#9951=DIRECTION('',(0.,0.,-1.));
#9952=DIRECTION('',(-0.999999999999999,0.,0.));
#9953=DIRECTION('',(0.,0.,-1.));
#9954=DIRECTION('',(-1.,0.,2.04567426390682E-15));
#9955=DIRECTION('',(0.,0.,-1.));
#9956=DIRECTION('',(-1.,0.,0.));
#9957=DIRECTION('',(0.,0.,1.));
#9958=DIRECTION('',(-1.,0.,0.));
#9959=DIRECTION('',(0.,1.,0.));
#9960=DIRECTION('',(-1.,0.,0.));
#9961=DIRECTION('',(0.,0.,-1.));
#9962=DIRECTION('',(0.,0.,-1.));
#9963=DIRECTION('',(1.,0.,0.));
#9964=DIRECTION('',(0.,0.,-1.));
#9965=DIRECTION('',(0.,0.,1.));
#9966=DIRECTION('',(-1.,0.,0.));
#9967=DIRECTION('',(0.655043969078504,-1.73397758096439E-8,0.755590761307918));
#9968=DIRECTION('',(0.755590761307918,-2.00013663561373E-8,-0.655043969078504));
#9969=DIRECTION('',(0.655043969078504,-1.73397758096439E-8,0.755590761307918));
#9970=DIRECTION('',(0.755590761307918,-2.00013663561373E-8,-0.655043969078504));
#9971=DIRECTION('',(0.,0.,1.));
#9972=DIRECTION('',(-1.,0.,0.));
#9973=DIRECTION('',(0.,0.,-1.));
#9974=DIRECTION('',(1.,0.,0.));
#9975=DIRECTION('',(1.,0.,0.));
#9976=DIRECTION('',(1.,0.,0.));
#9977=DIRECTION('',(0.,0.,-1.));
#9978=DIRECTION('',(-1.,0.,0.));
#9979=DIRECTION('',(-1.,0.,0.));
#9980=DIRECTION('',(-2.6471163201513E-8,-1.,0.));
#9981=DIRECTION('',(1.,0.,0.));
#9982=DIRECTION('',(0.,-1.,0.));
#9983=DIRECTION('',(0.,0.,-1.));
#9984=DIRECTION('',(0.,1.,0.));
#9985=DIRECTION('',(0.,0.,-1.));
#9986=DIRECTION('',(-1.,0.,0.));
#9987=DIRECTION('',(0.,0.,-1.));
#9988=DIRECTION('',(0.,1.,0.));
#9989=DIRECTION('',(0.,0.,1.));
#9990=DIRECTION('',(-1.,0.,0.));
#9991=DIRECTION('',(0.,0.,-1.));
#9992=DIRECTION('',(0.,1.,0.));
#9993=DIRECTION('',(-0.316019949544375,0.38717781073872,-0.866155144510233));
#9994=DIRECTION('',(0.98819639917072,-0.108312055119858,0.108334553037048));
#9995=DIRECTION('',(0.316019949544375,-0.38717781073872,0.866155144510233));
#9996=DIRECTION('',(-0.806110110440187,-0.187132704208739,0.561398112627425));
#9997=DIRECTION('',(0.0580202639133163,0.919119084588783,0.389684176378908));
#9998=DIRECTION('',(-0.998315405558498,0.0534175187107057,0.0226477309980995));
#9999=DIRECTION('',(-0.43231222593054,-0.328711836093863,0.839675334949636));
#10000=DIRECTION('',(-0.0580202639133163,-0.919119084588783,-0.389684176378908));
#10001=DIRECTION('',(0.0245503167474734,0.388910065783475,-0.920948555935614));
#10002=DIRECTION('',(-0.436755610312643,0.37437365597464,-0.817978546523448));
#10003=DIRECTION('',(0.0580202639133163,0.919119084588783,0.389684176378908));
#10004=DIRECTION('',(-0.998315405558498,0.0534175187107057,0.0226477309980995));
#10005=DIRECTION('',(-0.984839746827159,-0.109888531319238,-0.134220653231601));
#10006=DIRECTION('',(0.729237463669059,0.346829241371496,0.589849301865477));
#10007=DIRECTION('',(0.330245297515447,-0.439601023979357,-0.835277788035354));
#10008=DIRECTION('',(0.72923746433241,0.346829241053806,0.589849301232169));
#10009=DIRECTION('',(0.72923746433241,0.346829241053806,0.589849301232169));
#10010=DIRECTION('',(0.72923746433241,0.346829241053806,0.589849301232169));
#10011=DIRECTION('',(0.0332384939250291,-0.878961486549161,0.475733021436273));
#10012=DIRECTION('',(-0.999447448604275,-0.029231507941511,0.0158213912747765));
#10013=DIRECTION('',(0.986393923832086,0.164398987305704,-7.55276112774842E-19));
#10014=DIRECTION('',(-0.72923746433241,-0.346829241053806,-0.589849301232169));
#10015=DIRECTION('',(0.316469603759616,0.384038796619885,0.867387567692195));
#10016=DIRECTION('',(-0.986393923832086,-0.164398987305704,0.));
#10017=DIRECTION('',(-0.316469603759616,-0.384038796619885,-0.867387567692195));
#10018=DIRECTION('',(0.15384299306797,-0.923057958405817,0.35255685911293));
#10019=DIRECTION('',(-0.988095305870789,-0.143716904890276,0.0548918733955289));
#10020=DIRECTION('',(0.,1.,0.));
#10021=DIRECTION('',(0.,-1.,0.));
#10022=DIRECTION('',(0.,-1.,0.));
#10023=DIRECTION('',(0.,0.,1.));
#10024=DIRECTION('',(-1.,0.,0.));
#10025=DIRECTION('',(0.,0.,1.));
#10026=DIRECTION('',(-1.,0.,0.));
#10027=DIRECTION('',(0.,-1.,0.));
#10028=DIRECTION('',(0.,1.,0.));
#10029=DIRECTION('',(0.,0.,-1.));
#10030=DIRECTION('',(-1.,0.,0.));
#10031=DIRECTION('',(0.,-1.,-6.96539411651352E-9));
#10032=DIRECTION('',(1.,0.,0.));
#10033=DIRECTION('',(0.,0.,1.));
#10034=DIRECTION('',(0.,-1.,-6.96539411651352E-9));
#10035=DIRECTION('',(1.,0.,0.));
#10036=DIRECTION('',(0.,0.,1.));
#10037=DIRECTION('',(-0.746462718834262,0.,0.665427238239134));
#10038=DIRECTION('',(0.665427238239134,1.46398372981236E-17,0.746462718834262));
#10039=DIRECTION('',(-0.746462718834262,1.38777878078145E-17,0.665427238239134));
#10040=DIRECTION('',(0.,-1.,-6.96539411651352E-9));
#10041=DIRECTION('',(0.515496005133761,5.96859036940336E-9,-0.856891981927205));
#10042=DIRECTION('',(0.,1.,6.96539411565444E-9));
#10043=DIRECTION('',(0.,-1.,-6.96539411651352E-9));
#10044=DIRECTION('',(0.515496005133761,5.96859036940336E-9,-0.856891981927205));
#10045=DIRECTION('',(0.,1.,6.96539411565444E-9));
#10046=DIRECTION('',(-1.,0.,0.));
#10047=DIRECTION('',(0.,0.,-1.));
#10048=DIRECTION('',(-1.,8.07908256961198E-9,0.));
#10049=DIRECTION('',(8.07908259004317E-9,1.,0.));
#10050=DIRECTION('',(-1.,8.07908256961199E-9,0.));
#10051=DIRECTION('',(-8.07908234910935E-9,-1.,0.));
#10052=DIRECTION('',(0.,-0.999683765429645,0.025146950837158));
#10053=DIRECTION('',(0.,-0.999896018597006,-0.0144205406922184));
#10054=DIRECTION('',(1.,0.,0.));
#10055=DIRECTION('',(0.,0.,1.));
#10056=DIRECTION('',(0.,0.,-1.));
#10057=DIRECTION('',(-1.,0.,0.));
#10058=DIRECTION('',(0.016662038965166,0.999722337909405,0.0166620389651664));
#10059=DIRECTION('',(0.286643576578243,-0.788176960826564,0.54462146343));
#10060=DIRECTION('',(-0.471092710476357,-0.112487469088955,-0.874881836269333));
#10061=DIRECTION('',(-0.471092710476369,-0.112487469088955,-0.874881836269327));
#10062=DIRECTION('',(0.286643576578243,-0.788176960826564,0.54462146343));
#10063=DIRECTION('',(0.0166620389651749,0.999722337909405,0.0166620389651616));
#10064=DIRECTION('',(-0.880813923613769,0.00679000026768513,0.473413907552876));
#10065=DIRECTION('',(-0.473462598277961,-0.0126318885565003,-0.880723341023376));
#10066=DIRECTION('',(0.462647231306745,-0.115186962181446,0.87902758950309));
#10067=DIRECTION('',(-5.60637428665745E-16,-1.,-7.32141601724902E-16));
#10068=DIRECTION('',(-0.286643576578243,0.788176960826564,-0.54462146343));
#10069=DIRECTION('',(1.95170306958918E-15,1.,0.));
#10070=DIRECTION('',(0.462647231306747,-0.115186962181446,0.879027589503089));
#10071=DIRECTION('',(-0.884917752883431,1.55125021121398E-16,0.465747324878779));
#10072=DIRECTION('',(-0.465747324878779,-2.91433543964104E-16,-0.884917752883431));
#10073=DIRECTION('',(-0.813213863312342,-0.581964958151791,1.02963420830102E-18));
#10074=DIRECTION('',(0.303521773913329,0.434896732575349,-0.847784975542614));
#10075=DIRECTION('',(0.471092710476363,0.112487469088964,0.874881836269329));
#10076=DIRECTION('',(-0.569678150388534,0.79604478419688,0.204400358421508));
#10077=DIRECTION('',(-0.821867875616208,-0.551778860985056,-0.141680215979988));
#10078=DIRECTION('',(-0.330245295542335,0.43960102674599,0.835277787359408));
#10079=DIRECTION('',(0.814158117757743,-0.580643228918731,1.54803383403206E-16));
#10080=DIRECTION('',(-0.462647231306749,0.115186962181443,-0.879027589503089));
#10081=DIRECTION('',(-0.569485944939285,-0.798513754969064,0.195093674017932));
#10082=DIRECTION('',(-0.822001069656609,0.553213830348837,-0.135161752704522));
#10083=DIRECTION('',(-0.986393923832113,0.164398987305544,-1.53852853706568E-17));
#10084=DIRECTION('',(0.806110110440187,0.187132704208739,-0.561398112627425));
#10085=DIRECTION('',(-0.303521775025756,-0.434896739249913,0.847784971720429));
#10086=DIRECTION('',(0.986393923832113,-0.164398987305544,0.));
#10087=DIRECTION('',(0.143141676993948,0.858850061962688,0.491820120952821));
#10088=DIRECTION('',(-0.989702207892536,0.124216392744517,0.0711324642211946));
#10089=DIRECTION('',(-0.316469603759616,-0.384038796619885,-0.867387567692195));
#10090=DIRECTION('',(0.00954654405983784,-0.99961204242557,0.0261653995630458));
#10091=DIRECTION('',(0.316019949544375,-0.38717781073872,0.866155144510233));
#10092=DIRECTION('',(0.,1.,0.));
#10093=DIRECTION('',(0.93942558004176,0.,-0.342752942457395));
#10094=DIRECTION('',(-0.342752942457395,0.,-0.93942558004176));
#10095=DIRECTION('',(-0.814021342738925,0.571918617211213,-0.101382191990169));
#10096=DIRECTION('',(0.984839746685061,0.109888534513884,0.13422065165874));
#10097=DIRECTION('',(-0.0166620389651748,-0.999722337909405,-0.0166620389651624));
#10098=DIRECTION('',(-0.133458923235005,-0.0142915395180248,0.990951294316304));
#10099=DIRECTION('',(-0.991054345537596,0.00192454983325004,-0.133445045988925));
#10100=DIRECTION('',(-0.00954653371028532,0.999612042553279,-0.0261653984601867));
#10101=DIRECTION('',(0.814021342739741,-0.571918617205321,0.101382192016852));
#10102=DIRECTION('',(-0.988196398990625,0.108312057972802,-0.108334551827469));
#10103=DIRECTION('',(-0.106233076744524,0.0250046506802647,0.994026810931048));
#10104=DIRECTION('',(-0.994341256010929,-0.00267143795817457,-0.106199482173142));
#10105=DIRECTION('',(1.08753520416465E-15,-0.999897160355934,0.0143411544911512));
#10106=DIRECTION('',(0.880813923613769,-0.00679000026768515,-0.473413907552876));
#10107=DIRECTION('',(-0.473399841802643,0.0036493349689276,-0.880840094532213));
#10108=DIRECTION('',(0.473425376987533,9.32879520626339E-5,0.880833925164994));
#10109=DIRECTION('',(-0.00770855040527088,-0.999970288683944,0.));
#10110=DIRECTION('',(0.473425376987533,9.32879520626339E-5,0.880833925164994));
#10111=DIRECTION('',(0.28664357657822,-0.788176960826601,0.544621463429958));
#10112=DIRECTION('',(0.473425376987533,9.3287952060526E-5,0.880833925164994));
#10113=DIRECTION('',(-0.00770855040527088,-0.999970288683944,0.));
#10114=DIRECTION('',(0.473425376987533,9.3287952060526E-5,0.880833925164994));
#10115=DIRECTION('',(1.08753520416465E-15,-0.999897160355934,0.0143411544911512));
#10116=DIRECTION('',(0.880813923613769,-0.00679000026768513,-0.473413907552876));
#10117=DIRECTION('',(-0.473399841802643,0.00364933496892759,-0.880840094532213));
#10118=DIRECTION('',(0.880813923613769,-0.00679000026768513,-0.473413907552876));
#10119=DIRECTION('',(0.473462598277961,0.0126318885565003,0.880723341023376));
#10120=DIRECTION('',(0.880813923613769,-0.00679000026768513,-0.473413907552876));
#10121=DIRECTION('',(0.473462598277961,0.0126318885565003,0.880723341023376));
#10122=DIRECTION('',(-0.880813923613769,0.00679000026768513,0.473413907552876));
#10123=DIRECTION('',(-0.473462598277961,-0.0126318885565003,-0.880723341023376));
#10124=DIRECTION('',(0.884917752883431,-1.47368409622611E-16,-0.465747324878779));
#10125=DIRECTION('',(-0.465747324878779,7.7562510560699E-17,-0.884917752883431));
#10126=DIRECTION('',(0.465747322917366,9.17749999146701E-5,0.884917749156754));
#10127=DIRECTION('',(-0.884917752883431,1.55125021121398E-16,0.465747324878779));
#10128=DIRECTION('',(-0.465747324878779,-2.91433543964104E-16,-0.884917752883431));
#10129=DIRECTION('',(0.655043969078504,-1.73397758096439E-8,0.755590761307918));
#10130=DIRECTION('',(-0.755590761307918,-1.50323642782761E-8,0.655043969078504));
#10131=DIRECTION('',(0.,-1.,-2.29486339663933E-8));
#10132=DIRECTION('',(0.755590761307918,0.,-0.655043969078504));
#10133=DIRECTION('',(0.655043969078504,-1.73397758096439E-8,0.755590761307918));
#10134=DIRECTION('',(0.755590761307918,0.,-0.655043969078504));
#10135=DIRECTION('',(0.,1.,2.0672173690137E-8));
#10136=DIRECTION('',(0.655043969078504,0.,0.755590761307918));
#10137=DIRECTION('',(0.755590761307918,1.35411827034676E-8,-0.655043969078504));
#10138=DIRECTION('',(0.655043969078504,5.05247027202116E-9,0.755590761307919));
#10139=DIRECTION('',(1.,0.,0.));
#10140=DIRECTION('',(0.,0.,-1.));
#10141=DIRECTION('',(0.,0.,-1.));
#10142=DIRECTION('',(-1.027030665331E-14,-1.,0.));
#10143=DIRECTION('',(1.,0.,0.));
#10144=DIRECTION('',(0.,0.,-1.));
#10145=DIRECTION('',(0.,0.242535625036309,0.970142500145338));
#10146=DIRECTION('',(1.,0.,0.));
#10147=DIRECTION('',(0.,0.970142500145338,-0.242535625036309));
#10148=DIRECTION('',(1.,0.,0.));
#10149=DIRECTION('',(0.,-1.,0.));
#10150=DIRECTION('',(-1.,0.,0.));
#10151=DIRECTION('',(0.,0.,1.));
#10152=DIRECTION('',(-1.,0.,0.));
#10153=DIRECTION('',(0.,1.,0.));
#10154=DIRECTION('',(0.,-0.242535625036309,-0.970142500145338));
#10155=DIRECTION('',(-1.,0.,0.));
#10156=DIRECTION('',(0.,0.970142500145338,-0.242535625036309));
#10157=DIRECTION('',(1.369374220441E-14,1.,0.));
#10158=DIRECTION('',(0.,0.,1.));
#10159=DIRECTION('',(0.,0.,1.));
#10160=DIRECTION('',(-1.,0.,0.));
#10161=DIRECTION('',(0.,0.,-1.));
#10162=DIRECTION('',(-0.755590761307918,0.,0.655043969078504));
#10163=DIRECTION('',(0.,-1.,-2.29486339663933E-8));
#10164=DIRECTION('',(0.755590761307918,2.91101582384269E-8,-0.655043969078504));
#10165=DIRECTION('',(-2.6471163201513E-8,-1.,0.));
#10166=DIRECTION('',(0.655043969078504,-1.73397758096439E-8,0.755590761307918));
#10167=DIRECTION('',(0.755590761307918,0.,-0.655043969078504));
#10168=DIRECTION('',(-1.79213185190723E-8,1.,0.));
#10169=DIRECTION('',(0.655043969078504,0.,0.755590761307918));
#10170=DIRECTION('',(0.,1.,2.0672173690137E-8));
#10171=DIRECTION('',(0.755590761307918,1.35411827034676E-8,-0.655043969078504));
#10172=DIRECTION('',(0.655043969078504,5.05247027202116E-9,0.755590761307919));
#10173=DIRECTION('',(0.,0.,-1.));
#10174=DIRECTION('',(0.,-1.,0.));
#10175=DIRECTION('',(0.,0.,-1.));
#10176=DIRECTION('',(-1.368471993916E-14,1.,-2.052707990873E-14));
#10177=DIRECTION('',(-1.,0.,0.));
#10178=DIRECTION('',(0.,-1.73472347597681E-14,-1.));
#10179=DIRECTION('',(0.,-0.242535625036309,0.970142500145338));
#10180=DIRECTION('',(-1.,0.,0.));
#10181=DIRECTION('',(0.,-0.970142500145338,-0.242535625036309));
#10182=DIRECTION('',(1.,0.,0.));
#10183=DIRECTION('',(0.,0.,0.999999999999999));
#10184=DIRECTION('',(0.,-4.44400064920499E-8,0.999999999999999));
#10185=DIRECTION('',(-1.,0.,0.));
#10186=DIRECTION('',(0.,0.,-1.));
#10187=DIRECTION('',(1.,0.,0.));
#10188=DIRECTION('',(0.,0.,-1.));
#10189=DIRECTION('',(0.,1.,2.29486339663933E-8));
#10190=DIRECTION('',(-1.,0.,0.));
#10191=DIRECTION('',(0.,0.,-0.999999999999999));
#10192=DIRECTION('',(1.,0.,0.));
#10193=DIRECTION('',(0.,-1.,0.));
#10194=DIRECTION('',(0.,0.242535625036309,-0.970142500145338));
#10195=DIRECTION('',(1.,0.,0.));
#10196=DIRECTION('',(0.,-0.970142500145314,-0.242535625036403));
#10197=DIRECTION('',(1.026353995437E-14,-1.,2.052707990873E-14));
#10198=DIRECTION('',(0.,0.,-1.));
#10199=DIRECTION('',(0.,1.,0.));
#10200=DIRECTION('',(0.,0.,1.));
#10201=DIRECTION('',(0.,1.,0.));
#10202=DIRECTION('',(0.,0.,1.));
#10203=DIRECTION('',(1.,0.,0.));
#10204=DIRECTION('',(0.,-1.,0.));
#10205=DIRECTION('',(0.755590761307918,0.,-0.655043969078504));
#10206=DIRECTION('',(2.6471163201513E-8,1.,0.));
#10207=DIRECTION('',(0.,-1.,-2.29486339663933E-8));
#10208=DIRECTION('',(0.,-1.,-2.29486339663933E-8));
#10209=DIRECTION('',(0.655043969078504,-1.73397758096439E-8,0.755590761307918));
#10210=DIRECTION('',(0.755590761307918,0.,-0.655043969078504));
#10211=DIRECTION('',(-0.755590761307918,0.,0.655043969078504));
#10212=DIRECTION('',(0.,-1.,-2.29486339663933E-8));
#10213=DIRECTION('',(0.,-1.,-2.29486339663933E-8));
#10214=DIRECTION('',(0.655043969078504,-1.73397758096439E-8,0.755590761307918));
#10215=DIRECTION('',(0.755590761307918,0.,-0.655043969078504));
#10216=DIRECTION('',(0.,0.,1.));
#10217=DIRECTION('',(0.,0.,-1.));
#10218=DIRECTION('',(-1.,0.,0.));
#10219=DIRECTION('',(0.,0.,-1.));
#10220=DIRECTION('',(1.,0.,0.));
#10221=DIRECTION('',(-1.,0.,0.));
#10222=DIRECTION('',(0.,1.,0.));
#10223=DIRECTION('',(0.,1.,0.));
#10224=DIRECTION('',(1.,0.,0.));
#10225=DIRECTION('',(0.,-1.,0.));
#10226=DIRECTION('',(-1.,0.,0.));
#10227=DIRECTION('',(0.,1.,0.));
#10228=DIRECTION('',(-1.,0.,0.));
#10229=DIRECTION('',(0.,0.,-1.));
#10230=DIRECTION('',(0.,1.,0.));
#10231=DIRECTION('',(0.,0.,1.));
#10232=DIRECTION('',(0.,1.,0.));
#10233=DIRECTION('',(-1.,0.,0.));
#10234=DIRECTION('',(0.,0.,-1.));
#10235=DIRECTION('',(0.,0.,-1.));
#10236=DIRECTION('',(-1.,0.,0.));
#10237=DIRECTION('',(0.,0.,-1.));
#10238=DIRECTION('',(0.655043969078504,-1.73397758096439E-8,0.755590761307918));
#10239=DIRECTION('',(0.755590761307918,0.,-0.655043969078504));
#10240=DIRECTION('',(0.,0.,1.));
#10241=DIRECTION('',(-1.,0.,0.));
#10242=DIRECTION('',(0.,0.,1.));
#10243=DIRECTION('',(0.,0.,-1.));
#10244=DIRECTION('',(-1.,0.,0.));
#10245=DIRECTION('',(0.755590761307918,0.,-0.655043969078504));
#10246=DIRECTION('',(0.,1.,0.));
#10247=DIRECTION('',(-1.,0.,0.));
#10248=DIRECTION('',(0.,-0.999999999999999,-4.44400064920499E-8));
#10249=DIRECTION('',(0.,-4.44400064907036E-8,0.999999999999999));
#10250=DIRECTION('',(0.,0.,1.));
#10251=DIRECTION('',(0.,1.,0.));
#10252=DIRECTION('',(-1.,0.,0.));
#10253=DIRECTION('',(-1.,0.,0.));
#10254=DIRECTION('',(0.,-4.44400063244399E-8,0.999999999999999));
#10255=DIRECTION('',(1.,0.,0.));
#10256=DIRECTION('',(0.,4.44400063244399E-8,-0.999999999999999));
#10257=DIRECTION('',(0.,-0.999999999999999,-4.44400063244399E-8));
#10258=DIRECTION('',(0.,-4.44400063241701E-8,0.999999999999999));
#10259=DIRECTION('',(0.998629534754574,0.0523359562429386,0.));
#10260=DIRECTION('',(-1.,0.,0.));
#10261=DIRECTION('',(0.,1.,0.));
#10262=DIRECTION('',(0.998629534754574,-0.0523359562429386,0.));
#10263=DIRECTION('',(-1.,0.,0.));
#10264=DIRECTION('',(0.,1.,0.));
#10265=DIRECTION('',(-1.,0.,0.));
#10266=DIRECTION('',(-5.21510398565613E-16,1.,0.));
#10267=DIRECTION('',(0.,-1.,0.));
#10268=DIRECTION('',(-1.,0.,0.));
#10269=DIRECTION('',(-1.,0.,0.));
#10270=DIRECTION('',(0.,0.,-1.));
#10271=DIRECTION('',(0.,1.,0.));
#10272=DIRECTION('',(-1.,0.,0.));
#10273=DIRECTION('',(0.,-1.,0.));
#10274=DIRECTION('',(-1.,0.,0.));
#10275=DIRECTION('',(0.,0.,-1.));
#10276=DIRECTION('',(-1.,0.,0.));
#10277=DIRECTION('',(0.,-1.,0.));
#10278=DIRECTION('',(0.,0.,1.));
#10279=DIRECTION('',(-1.,0.,0.));
#10280=DIRECTION('',(0.,0.,-1.));
#10281=DIRECTION('',(-1.,0.,0.));
#10282=DIRECTION('',(1.,0.,0.));
#10283=DIRECTION('',(0.,1.,0.));
#10284=DIRECTION('',(0.,0.,-1.));
#10285=DIRECTION('',(0.,1.,0.));
#10286=DIRECTION('',(0.,0.,-1.));
#10287=DIRECTION('',(-1.,0.,0.));
#10288=DIRECTION('',(0.,0.,1.));
#10289=DIRECTION('',(-1.,0.,0.));
#10290=DIRECTION('',(0.,1.,0.));
#10291=DIRECTION('',(-1.,0.,0.));
#10292=DIRECTION('',(0.,-1.,0.));
#10293=DIRECTION('',(-1.,0.,0.));
#10294=DIRECTION('',(0.,0.,-1.));
#10295=DIRECTION('',(0.,1.,0.));
#10296=DIRECTION('',(0.,-1.,0.));
#10297=DIRECTION('',(0.,0.,1.));
#10298=DIRECTION('',(-1.,0.,0.));
#10299=DIRECTION('',(0.,-0.707106781186548,0.707106781186548));
#10300=DIRECTION('',(-1.,0.,0.));
#10301=DIRECTION('',(0.,0.,-1.));
#10302=DIRECTION('',(0.,-0.707106781186548,0.707106781186548));
#10303=DIRECTION('',(0.,-0.707106781186547,-0.707106781186547));
#10304=DIRECTION('',(0.,0.707106781186547,-0.707106781186547));
#10305=DIRECTION('',(0.,0.,-1.));
#10306=DIRECTION('',(-1.,0.,0.));
#10307=DIRECTION('',(0.,0.,-1.));
#10308=DIRECTION('',(0.,1.,0.));
#10309=DIRECTION('',(-1.,0.,0.));
#10310=DIRECTION('',(-1.,0.,0.));
#10311=DIRECTION('',(0.,1.,0.));
#10312=DIRECTION('',(0.998629534754574,-0.0523359562429386,0.));
#10313=DIRECTION('',(0.998629534754574,0.0523359562429386,0.));
#10314=DIRECTION('',(-1.,0.,0.));
#10315=DIRECTION('',(-5.21510398565613E-16,1.,0.));
#10316=DIRECTION('',(-1.,0.,0.));
#10317=DIRECTION('',(0.,-1.,0.));
#10318=DIRECTION('',(-1.,0.,0.));
#10319=DIRECTION('',(-5.21510398565613E-16,1.,0.));
#10320=DIRECTION('',(-1.,0.,0.));
#10321=DIRECTION('',(0.,-1.,0.));
#10322=DIRECTION('',(-1.,0.,0.));
#10323=DIRECTION('',(0.,-1.,0.));
#10324=DIRECTION('',(-1.,0.,0.));
#10325=DIRECTION('',(-5.21510398565613E-16,1.,0.));
#10326=DIRECTION('',(0.,0.,1.));
#10327=DIRECTION('',(-1.,0.,0.));
#10328=DIRECTION('',(0.,0.,-1.));
#10329=DIRECTION('',(0.,0.,-1.));
#10330=DIRECTION('',(-1.,0.,0.));
#10331=DIRECTION('',(0.,0.,-1.));
#10332=DIRECTION('',(-1.,0.,0.));
#10333=DIRECTION('',(0.,0.,1.));
#10334=DIRECTION('',(-1.,0.,0.));
#10335=DIRECTION('',(0.,0.,-1.));
#10336=DIRECTION('',(-1.,0.,0.));
#10337=DIRECTION('',(0.,0.,-1.));
#10338=DIRECTION('',(1.,0.,0.));
#10339=DIRECTION('',(0.,-1.,0.));
#10340=DIRECTION('',(-1.,0.,0.));
#10341=DIRECTION('',(1.,0.,0.));
#10342=DIRECTION('',(-1.,0.,0.));
#10343=DIRECTION('',(0.,0.970142500145338,-0.242535625036309));
#10344=DIRECTION('',(1.,0.,0.));
#10345=DIRECTION('',(-1.,0.,0.));
#10346=DIRECTION('',(0.,-1.,0.));
#10347=DIRECTION('',(1.,0.,0.));
#10348=DIRECTION('',(1.,0.,0.));
#10349=DIRECTION('',(0.,0.,1.));
#10350=DIRECTION('',(-0.655043969078504,1.73397758096439E-8,-0.755590761307918));
#10351=DIRECTION('',(-0.755590761307918,-1.50323642782761E-8,0.655043969078504));
#10352=DIRECTION('',(0.655043969078504,-1.73397758096439E-8,0.755590761307918));
#10353=DIRECTION('',(0.755590761307918,0.,-0.655043969078504));
#10354=DIRECTION('',(0.,0.,-1.));
#10355=DIRECTION('',(0.,1.,0.));
#10356=DIRECTION('',(0.,0.,1.));
#10357=DIRECTION('',(-1.,0.,0.));
#10358=DIRECTION('',(0.,0.,1.));
#10359=DIRECTION('',(0.,1.,0.));
#10360=DIRECTION('',(-1.,0.,0.));
#10361=DIRECTION('',(0.,0.,1.));
#10362=DIRECTION('',(0.,-1.,0.));
#10363=DIRECTION('',(1.,0.,0.));
#10364=DIRECTION('',(0.,0.,-1.));
#10365=DIRECTION('',(0.,0.242535625036309,0.970142500145338));
#10366=DIRECTION('',(1.,0.,0.));
#10367=DIRECTION('',(0.,0.970142500145338,-0.242535625036309));
#10368=DIRECTION('',(1.,0.,0.));
#10369=DIRECTION('',(0.,-1.,0.));
#10370=DIRECTION('',(-1.,0.,0.));
#10371=DIRECTION('',(0.,1.,0.));
#10372=DIRECTION('',(0.,-0.242535625036309,-0.970142500145338));
#10373=DIRECTION('',(-1.,0.,0.));
#10374=DIRECTION('',(0.,0.970142500145338,-0.242535625036309));
#10375=DIRECTION('',(0.,1.,0.));
#10376=DIRECTION('',(0.,0.,1.));
#10377=DIRECTION('',(-1.,0.,0.));
#10378=DIRECTION('',(0.,0.,-1.));
#10379=DIRECTION('',(1.,0.,0.));
#10380=DIRECTION('',(0.,1.,0.));
#10381=DIRECTION('',(0.,0.,1.));
#10382=DIRECTION('',(-1.,0.,-1.06581410364E-14));
#10383=DIRECTION('',(-1.,0.,0.));
#10384=DIRECTION('',(0.,-1.,0.));
#10385=DIRECTION('',(1.,0.,0.));
#10386=DIRECTION('',(0.,0.970142500145338,-0.242535625036309));
#10387=DIRECTION('',(1.,0.,0.));
#10388=DIRECTION('',(1.,0.,0.));
#10389=DIRECTION('',(1.,0.,0.));
#10390=DIRECTION('',(0.,0.,1.));
#10391=DIRECTION('',(0.,0.,-1.));
#10392=DIRECTION('',(0.,1.,0.));
#10393=DIRECTION('',(0.,1.,0.));
#10394=DIRECTION('',(0.,-1.,0.));
#10395=DIRECTION('',(-0.970142500145338,0.,-0.242535625036309));
#10396=DIRECTION('',(0.242535625036309,0.,-0.970142500145338));
#10397=DIRECTION('',(0.,-1.,0.));
#10398=DIRECTION('',(1.,0.,0.));
#10399=DIRECTION('',(0.,1.,0.));
#10400=DIRECTION('',(0.,1.,0.));
#10401=DIRECTION('',(0.,0.,1.));
#10402=DIRECTION('',(0.,0.,1.));
#10403=DIRECTION('',(1.,0.,0.));
#10404=DIRECTION('',(0.,0.,1.));
#10405=DIRECTION('',(0.,-1.,0.));
#10406=DIRECTION('',(0.,0.,1.));
#10407=DIRECTION('',(1.,0.,0.));
#10408=DIRECTION('',(0.,-1.,0.));
#10409=DIRECTION('',(0.,0.242535625036309,-0.970142500145338));
#10410=DIRECTION('',(1.,0.,0.));
#10411=DIRECTION('',(0.,-0.970142500145314,-0.242535625036403));
#10412=DIRECTION('',(0.,-1.,1.710589992395E-14));
#10413=DIRECTION('',(0.,0.,-1.));
#10414=DIRECTION('',(1.,0.,0.));
#10415=DIRECTION('',(0.,-1.,0.));
#10416=DIRECTION('',(0.,0.,-1.));
#10417=DIRECTION('',(0.,1.,-1.710589992395E-14));
#10418=DIRECTION('',(-1.,0.,0.));
#10419=DIRECTION('',(0.,0.,-1.));
#10420=DIRECTION('',(0.,-0.242535625036309,0.970142500145338));
#10421=DIRECTION('',(-1.,0.,0.));
#10422=DIRECTION('',(0.,-0.970142500145338,-0.242535625036309));
#10423=DIRECTION('',(-1.,0.,0.));
#10424=DIRECTION('',(0.,0.,-1.));
#10425=DIRECTION('',(-1.,0.,0.));
#10426=DIRECTION('',(0.,-1.,0.));
#10427=DIRECTION('',(0.,0.,-1.));
#10428=DIRECTION('',(-1.,0.,0.));
#10429=DIRECTION('',(1.,0.,0.));
#10430=DIRECTION('',(0.,-0.970142500145338,-0.242535625036309));
#10431=DIRECTION('',(0.,-0.242535625036309,0.970142500145338));
#10432=DIRECTION('',(1.,0.,0.));
#10433=DIRECTION('',(0.,1.,0.));
#10434=DIRECTION('',(-1.,0.,0.));
#10435=DIRECTION('',(-1.,0.,0.));
#10436=DIRECTION('',(0.,0.,1.));
#10437=DIRECTION('',(0.,0.,-1.));
#10438=DIRECTION('',(0.,1.,0.));
#10439=DIRECTION('',(0.655043969078504,-1.73397758096439E-8,0.755590761307918));
#10440=DIRECTION('',(0.755590761307918,0.,-0.655043969078504));
#10441=DIRECTION('',(-0.655043969078504,1.73397758096439E-8,-0.755590761307918));
#10442=DIRECTION('',(-0.755590761307918,-1.50323642782761E-8,0.655043969078504));
#10443=DIRECTION('',(0.655043969078504,-1.73397758096439E-8,0.755590761307918));
#10444=DIRECTION('',(0.755590761307918,0.,-0.655043969078504));
#10445=DIRECTION('',(0.,1.,0.));
#10446=DIRECTION('',(0.,-1.,0.));
#10447=DIRECTION('',(0.970142500145338,0.,-0.242535625036309));
#10448=DIRECTION('',(0.,1.,0.));
#10449=DIRECTION('',(0.,1.,0.));
#10450=DIRECTION('',(1.,0.,-2.42861286636753E-14));
#10451=DIRECTION('',(0.,1.,0.));
#10452=DIRECTION('',(-1.,0.,0.));
#10453=DIRECTION('',(0.,0.,1.));
#10454=DIRECTION('',(0.,-1.,0.));
#10455=DIRECTION('',(0.,0.,1.));
#10456=DIRECTION('',(1.,0.,0.));
#10457=DIRECTION('',(0.,-1.,0.));
#10458=DIRECTION('',(0.,-1.,0.));
#10459=DIRECTION('',(0.,1.,0.));
#10460=DIRECTION('',(0.970142500145338,0.,-0.242535625036309));
#10461=DIRECTION('',(0.,-1.,0.));
#10462=DIRECTION('',(0.,-1.,0.));
#10463=DIRECTION('',(0.,0.,-1.));
#10464=DIRECTION('',(0.,-1.,0.));
#10465=DIRECTION('',(0.,0.,1.));
#10466=DIRECTION('',(0.242535625036309,0.,0.970142500145338));
#10467=DIRECTION('',(-0.242535625036309,0.,-0.970142500145338));
#10468=DIRECTION('',(0.970142500145338,0.,-0.242535625036309));
#10469=DIRECTION('',(0.,1.,0.));
#10470=DIRECTION('',(0.,1.,0.));
#10471=DIRECTION('',(0.,-1.,0.));
#10472=DIRECTION('',(0.970142500145338,0.,-0.242535625036309));
#10473=DIRECTION('',(0.,1.,0.));
#10474=DIRECTION('',(0.,1.,0.));
#10475=DIRECTION('',(1.,0.,-1.04083408558608E-14));
#10476=DIRECTION('',(0.,1.,0.));
#10477=DIRECTION('',(-1.,0.,0.));
#10478=DIRECTION('',(0.,0.,1.));
#10479=DIRECTION('',(0.,-1.,0.));
#10480=DIRECTION('',(0.,0.,1.));
#10481=DIRECTION('',(1.,0.,0.));
#10482=DIRECTION('',(0.,-1.,0.));
#10483=DIRECTION('',(0.,-1.,0.));
#10484=DIRECTION('',(0.,1.,0.));
#10485=DIRECTION('',(0.970142500145338,0.,-0.242535625036309));
#10486=DIRECTION('',(0.,-1.,0.));
#10487=DIRECTION('',(0.,-1.,0.));
#10488=DIRECTION('',(0.,0.,-1.));
#10489=DIRECTION('',(0.,-1.,0.));
#10490=DIRECTION('',(0.,0.,1.));
#10491=DIRECTION('',(0.242535625036309,0.,0.970142500145338));
#10492=DIRECTION('',(-0.242535625036309,0.,-0.970142500145338));
#10493=DIRECTION('',(0.970142500145338,0.,-0.242535625036309));
#10494=DIRECTION('',(0.,1.,0.));
#10495=DIRECTION('',(-1.,0.,0.));
#10496=DIRECTION('',(-1.,1.507128199359E-14,-1.507128199359E-14));
#10497=DIRECTION('',(0.,-1.,1.776356292514E-14));
#10498=DIRECTION('',(-1.,0.,0.));
#10499=DIRECTION('',(0.,0.,-1.));
#10500=DIRECTION('',(0.,1.,0.));
#10501=DIRECTION('',(1.,0.,0.));
#10502=DIRECTION('',(0.,-1.,-3.46944695195361E-14));
#10503=DIRECTION('',(-1.,0.,0.));
#10504=DIRECTION('',(-1.,0.,0.));
#10505=DIRECTION('',(0.,0.,1.));
#10506=DIRECTION('',(-1.,0.,0.));
#10507=DIRECTION('',(0.,0.,1.));
#10508=DIRECTION('',(0.,1.,0.));
#10509=DIRECTION('',(-1.,0.,0.));
#10510=DIRECTION('',(-1.,0.,0.));
#10511=DIRECTION('',(0.,0.,1.));
#10512=DIRECTION('',(-1.,0.,0.));
#10513=DIRECTION('',(-1.,0.,0.));
#10514=DIRECTION('',(0.,0.,-1.));
#10515=DIRECTION('',(0.,1.,0.));
#10516=DIRECTION('',(1.,0.,0.));
#10517=DIRECTION('',(0.,0.,-1.));
#10518=DIRECTION('',(0.,1.,0.));
#10519=DIRECTION('',(-1.,0.,0.));
#10520=DIRECTION('',(0.,-1.,0.));
#10521=DIRECTION('',(1.,0.,0.));
#10522=DIRECTION('',(1.,0.,0.));
#10523=DIRECTION('',(0.,0.,-1.));
#10524=DIRECTION('',(0.,0.,1.));
#10525=DIRECTION('',(1.,0.,0.));
#10526=DIRECTION('',(0.,-1.,0.));
#10527=DIRECTION('',(0.,0.,1.));
#10528=DIRECTION('',(1.,0.,0.));
#10529=DIRECTION('',(1.,0.,0.));
#10530=DIRECTION('',(0.,0.,-1.));
#10531=DIRECTION('',(1.,0.,0.));
#10532=DIRECTION('',(0.,0.,1.));
#10533=DIRECTION('',(0.,-1.,0.));
#10534=DIRECTION('',(1.,1.507128199359E-14,1.507128199359E-14));
#10535=DIRECTION('',(1.,0.,0.));
#10536=DIRECTION('',(0.,0.,-1.));
#10537=DIRECTION('',(0.,1.,0.));
#10538=DIRECTION('',(0.,0.,-1.));
#10539=DIRECTION('',(0.,0.,-1.));
#10540=DIRECTION('',(1.,0.,0.));
#10541=DIRECTION('',(0.,-1.,0.));
#10542=DIRECTION('',(-1.,0.,0.));
#10543=DIRECTION('',(0.,1.,0.));
#10544=DIRECTION('',(-1.,0.,0.));
#10545=DIRECTION('',(-1.,0.,0.));
#10546=DIRECTION('',(0.,-1.,0.));
#10547=DIRECTION('',(0.,0.,1.));
#10548=DIRECTION('',(-1.,0.,0.));
#10549=DIRECTION('',(-1.,0.,0.));
#10550=DIRECTION('',(0.,1.,0.));
#10551=DIRECTION('',(-1.,0.,0.));
#10552=DIRECTION('',(-1.,0.,0.));
#10553=DIRECTION('',(0.,-1.,0.));
#10554=DIRECTION('',(0.,0.,1.));
#10555=DIRECTION('',(0.,0.,1.));
#10556=DIRECTION('',(0.999999999999999,0.,0.));
#10557=DIRECTION('',(0.,0.,1.));
#10558=DIRECTION('',(1.,0.,0.));
#10559=DIRECTION('',(0.,0.,1.));
#10560=DIRECTION('',(0.999999999999999,0.,0.));
#10561=DIRECTION('',(0.,0.,1.));
#10562=DIRECTION('',(1.,0.,0.));
#10563=DIRECTION('',(0.655043969078504,-1.73397758096439E-8,0.755590761307918));
#10564=DIRECTION('',(-0.755590761307918,-1.50323642769679E-8,0.655043969078504));
#10565=DIRECTION('',(1.,0.,0.));
#10566=DIRECTION('',(-1.,0.,0.));
#10567=DIRECTION('',(0.,1.,0.));
#10568=DIRECTION('',(-1.,0.,0.));
#10569=DIRECTION('',(1.,0.,0.));
#10570=DIRECTION('',(1.,0.,0.));
#10571=DIRECTION('',(0.,1.,0.));
#10572=DIRECTION('',(-1.,0.,0.));
#10573=DIRECTION('',(0.,-0.970142500145338,-0.242535625036309));
#10574=DIRECTION('',(0.,-0.242535625036309,0.970142500145338));
#10575=DIRECTION('',(-1.,0.,0.));
#10576=DIRECTION('',(-1.,0.,0.));
#10577=DIRECTION('',(0.,0.,1.));
#10578=DIRECTION('',(0.,0.,-1.));
#10579=DIRECTION('',(0.,1.,0.));
#10580=DIRECTION('',(0.,0.,-1.));
#10581=DIRECTION('',(0.,1.,0.));
#10582=DIRECTION('',(0.,0.,-1.));
#10583=DIRECTION('',(1.,0.,0.));
#10584=DIRECTION('',(0.,0.,-1.));
#10585=DIRECTION('',(0.,0.,-1.));
#10586=DIRECTION('',(1.,0.,0.));
#10587=DIRECTION('',(0.,0.,-1.));
#10588=DIRECTION('',(1.,0.,0.));
#10589=DIRECTION('',(-1.,0.,0.));
#10590=DIRECTION('',(0.,0.,-1.));
#10591=DIRECTION('',(-1.,0.,0.));
#10592=DIRECTION('',(-1.,0.,0.));
#10593=DIRECTION('',(0.,0.,-1.));
#10594=DIRECTION('',(0.,1.,0.));
#10595=DIRECTION('',(0.,1.,0.));
#10596=DIRECTION('',(0.,0.,1.));
#10597=DIRECTION('',(0.,-1.,0.));
#10598=DIRECTION('',(0.,0.,-1.));
#10599=DIRECTION('',(1.,0.,0.));
#10600=DIRECTION('',(0.,0.,1.));
#10601=DIRECTION('',(1.,0.,0.));
#10602=DIRECTION('',(0.,0.,1.));
#10603=DIRECTION('',(0.,0.,1.));
#10604=DIRECTION('',(0.,0.,-1.));
#10605=DIRECTION('',(0.,0.,-1.));
#10606=DIRECTION('',(-1.,0.,0.));
#10607=DIRECTION('',(0.,0.,1.));
#10608=DIRECTION('',(0.999999999999999,0.,0.));
#10609=DIRECTION('',(0.,0.,1.));
#10610=DIRECTION('',(1.74756382975705E-7,-0.999999999999985,0.));
#10611=DIRECTION('',(0.,1.,0.));
#10612=DIRECTION('',(0.,1.,0.));
#10613=DIRECTION('',(0.999999980585865,0.00019704890101799,0.));
#10614=DIRECTION('',(0.,0.,1.));
#10615=DIRECTION('',(1.74756382975705E-7,-0.999999999999985,0.));
#10616=DIRECTION('',(0.,-1.,0.));
#10617=DIRECTION('',(0.,-1.,0.));
#10618=DIRECTION('',(0.,0.,1.));
#10619=DIRECTION('',(1.74756382975705E-7,-0.999999999999985,0.));
#10620=DIRECTION('',(0.999999980585865,0.00019704890101799,0.));
#10621=DIRECTION('',(0.,0.,1.));
#10622=DIRECTION('',(0.999999999999999,0.,0.));
#10623=DIRECTION('',(0.,0.,1.));
#10624=DIRECTION('',(1.,0.,0.));
#10625=DIRECTION('',(0.,0.,1.));
#10626=DIRECTION('',(0.,0.,-1.));
#10627=DIRECTION('',(0.,0.,-1.));
#10628=DIRECTION('',(-1.,0.,0.));
#10629=DIRECTION('',(0.,0.,-1.));
#10630=DIRECTION('',(0.,0.,-1.));
#10631=DIRECTION('',(1.,0.,0.));
#10632=DIRECTION('',(0.,0.,-1.));
#10633=DIRECTION('',(0.,0.,-1.));
#10634=DIRECTION('',(-1.,0.,0.));
#10635=DIRECTION('',(0.,0.,1.));
#10636=DIRECTION('',(0.,0.,1.));
#10637=DIRECTION('',(0.,0.,-1.));
#10638=DIRECTION('',(0.,0.,-1.));
#10639=DIRECTION('',(1.,0.,0.));
#10640=DIRECTION('',(0.,0.,-1.));
#10641=DIRECTION('',(0.,0.,-1.));
#10642=DIRECTION('',(-1.,0.,0.));
#10643=DIRECTION('',(-1.18470060264597E-16,-1.77410004273674E-16,-1.));
#10644=DIRECTION('',(0.,1.,-1.84545021642537E-16));
#10645=DIRECTION('',(3.39584281144782E-17,5.08530582618198E-17,-1.));
#10646=DIRECTION('',(-1.,0.,-3.46021915579756E-17));
#10647=DIRECTION('',(0.,0.,1.));
#10648=DIRECTION('',(-1.,0.,0.));
#10649=DIRECTION('',(0.,0.,-1.));
#10650=DIRECTION('',(0.,0.,-1.));
#10651=DIRECTION('',(-1.,0.,0.));
#10652=DIRECTION('',(0.,0.,-1.));
#10653=DIRECTION('',(-0.581964958151791,0.813213863312342,0.));
#10654=DIRECTION('',(-0.813213863312342,-0.581964958151791,0.));
#10655=DIRECTION('',(-0.58064322891873,-0.814158117757743,0.));
#10656=DIRECTION('',(-0.814158117757743,0.58064322891873,0.));
#10657=DIRECTION('',(0.,0.,1.));
#10658=DIRECTION('',(-1.,0.,0.));
#10659=DIRECTION('',(0.,0.,1.));
#10660=DIRECTION('',(0.,0.,1.));
#10661=DIRECTION('',(-0.99928575451558,-0.0377886335057031,0.));
#10662=DIRECTION('',(-0.0377886335057031,0.99928575451558,0.));
#10663=DIRECTION('',(-0.99928575451558,-0.0377886335057031,0.));
#10664=DIRECTION('',(0.986393923832113,-0.164398987305544,0.));
#10665=DIRECTION('',(0.,0.,1.));
#10666=DIRECTION('',(-0.164398987305544,-0.986393923832113,0.));
#10667=DIRECTION('',(0.986393923832113,-0.164398987305544,0.));
#10668=DIRECTION('',(0.0630005482275523,0.998013492355203,0.));
#10669=DIRECTION('',(-0.998013492355203,0.0630005482275523,0.));
#10670=DIRECTION('',(-0.986393923832086,-0.164398987305704,0.));
#10671=DIRECTION('',(-0.164398987305704,0.986393923832086,0.));
#10672=DIRECTION('',(-0.986393923832086,-0.164398987305704,0.));
#10673=DIRECTION('',(0.,2.29486339663933E-8,-1.));
#10674=DIRECTION('',(0.,1.,2.29486339653473E-8));
#10675=DIRECTION('',(0.,2.29486339663933E-8,-1.));
#10676=DIRECTION('',(0.,1.,2.29486339653473E-8));
#10677=DIRECTION('',(0.,0.,1.));
#10678=DIRECTION('',(1.,0.,0.));
#10679=DIRECTION('',(0.,0.0144205406922184,-0.999896018597006));
#10680=DIRECTION('',(0.,0.999896018597006,0.0144205406922184));
#10681=DIRECTION('',(0.,-0.025146950837158,-0.999683765429645));
#10682=DIRECTION('',(0.,0.999683765429645,-0.025146950837158));
#10683=DIRECTION('',(0.,0.,-1.));
#10684=DIRECTION('',(1.,0.,0.));
#10685=DIRECTION('',(0.,0.,1.));
#10686=DIRECTION('',(1.,0.,0.));
#10687=DIRECTION('',(0.,0.,1.));
#10688=DIRECTION('',(-1.,0.,0.));
#10689=DIRECTION('',(0.,0.,-1.));
#10690=DIRECTION('',(1.,0.,0.));
#10691=DIRECTION('',(0.,0.,1.));
#10692=DIRECTION('',(1.,0.,0.));
#10693=DIRECTION('',(0.,0.,1.));
#10694=DIRECTION('',(-1.,0.,0.));
#10695=DIRECTION('',(0.,0.,1.));
#10696=DIRECTION('',(0.999999999999999,0.,0.));
#10697=DIRECTION('',(0.,0.,-1.));
#10698=DIRECTION('',(0.,0.,1.));
#10699=DIRECTION('',(0.999999999999999,0.,0.));
#10700=DIRECTION('',(0.,0.,-1.));
#10701=DIRECTION('',(0.,0.,1.));
#10702=DIRECTION('',(0.,0.,1.));
#10703=DIRECTION('',(0.,0.,-1.));
#10704=DIRECTION('',(-0.999999999999999,0.,0.));
#10705=DIRECTION('',(0.,0.,-1.));
#10706=DIRECTION('',(1.,0.,0.));
#10707=DIRECTION('',(0.,0.,1.));
#10708=DIRECTION('',(1.,0.,0.));
#10709=DIRECTION('',(0.,0.,1.));
#10710=DIRECTION('',(-1.,0.,0.));
#10711=DIRECTION('',(0.,0.,-1.));
#10712=DIRECTION('',(1.,0.,0.));
#10713=DIRECTION('',(0.,0.,1.));
#10714=DIRECTION('',(1.,0.,0.));
#10715=DIRECTION('',(0.,0.,1.));
#10716=DIRECTION('',(-1.,0.,0.));
#10717=DIRECTION('',(0.,0.,1.));
#10718=DIRECTION('',(0.999999999999999,0.,0.));
#10719=DIRECTION('',(0.,0.,-1.));
#10720=DIRECTION('',(0.,0.,-1.));
#10721=DIRECTION('',(0.,0.,1.));
#10722=DIRECTION('',(0.,0.,1.));
#10723=DIRECTION('',(0.999999999999999,0.,0.));
#10724=DIRECTION('',(0.,0.,1.));
#10725=DIRECTION('',(0.,0.,-1.));
#10726=DIRECTION('',(-0.999999999999999,0.,0.));
#10727=DIRECTION('',(0.,0.,1.));
#10728=DIRECTION('',(1.,0.,0.));
#10729=DIRECTION('',(0.,0.,-1.));
#10730=DIRECTION('',(1.,0.,0.));
#10731=DIRECTION('',(0.,0.,1.));
#10732=DIRECTION('',(-1.,0.,0.));
#10733=DIRECTION('',(0.,0.,1.));
#10734=DIRECTION('',(1.,0.,0.));
#10735=DIRECTION('',(0.,0.,-1.));
#10736=DIRECTION('',(0.,0.,-1.));
#10737=DIRECTION('',(-1.,0.,0.));
#10738=DIRECTION('',(0.,0.,-1.));
#10739=DIRECTION('',(1.,0.,0.));
#10740=DIRECTION('',(0.,0.,1.));
#10741=DIRECTION('',(1.,0.,0.));
#10742=DIRECTION('',(0.,0.,1.));
#10743=DIRECTION('',(-1.,0.,0.));
#10744=DIRECTION('',(0.,0.,1.));
#10745=DIRECTION('',(1.,0.,0.));
#10746=DIRECTION('',(0.,0.,-1.));
#10747=DIRECTION('',(0.,0.,-1.));
#10748=DIRECTION('',(0.,0.,-1.));
#10749=DIRECTION('',(-1.,0.,0.));
#10750=DIRECTION('',(0.,0.,-1.));
#10751=DIRECTION('',(1.,0.,0.));
#10752=DIRECTION('',(0.,0.,1.));
#10753=DIRECTION('',(0.999999999999999,0.,0.));
#10754=DIRECTION('',(0.,0.,1.));
#10755=DIRECTION('',(-1.,0.,0.));
#10756=DIRECTION('',(0.,0.,1.));
#10757=DIRECTION('',(1.,0.,0.));
#10758=DIRECTION('',(0.,0.,-1.));
#10759=DIRECTION('',(-1.,0.,0.));
#10760=DIRECTION('',(-0.58064322891873,-0.814158117757743,0.));
#10761=DIRECTION('',(0.,0.,1.));
#10762=DIRECTION('',(0.999086587570247,-0.0427316105153939,0.));
#10763=DIRECTION('',(-3.63786670690282E-15,1.,-3.13239790453996E-15));
#10764=DIRECTION('',(-0.814158117757743,0.58064322891873,0.));
#10765=DIRECTION('',(-4.392141430423E-15,3.13239790453994E-15,1.));
#10766=DIRECTION('',(-0.814158117757743,0.58064322891873,-5.39499001028787E-15));
#10767=DIRECTION('',(-0.814158117757743,0.58064322891873,0.));
#10768=DIRECTION('',(0.,0.,-1.));
#10769=DIRECTION('',(0.,0.,1.));
#10770=DIRECTION('',(0.999086587570247,-0.0427316105153939,0.));
#10771=DIRECTION('',(0.,1.,0.));
#10772=DIRECTION('',(0.,3.16412788116318E-16,1.));
#10773=DIRECTION('',(0.,1.,-3.15719672627779E-16));
#10774=DIRECTION('',(0.,0.,-1.));
#10775=DIRECTION('',(-1.,0.,0.));
#10776=DIRECTION('',(0.,0.,-1.));
#10777=DIRECTION('',(0.,0.,-1.));
#10778=DIRECTION('',(-0.58064322891873,-0.814158117757743,0.));
#10779=DIRECTION('',(-0.814158117757743,0.58064322891873,0.));
#10780=DIRECTION('',(0.,0.,1.));
#10781=DIRECTION('',(0.999999999999999,0.,0.));
#10782=DIRECTION('',(0.,0.,1.));
#10783=DIRECTION('',(-0.999999999999999,0.,0.));
#10784=DIRECTION('',(0.,0.,-1.));
#10785=DIRECTION('',(-0.999999999999999,0.,0.));
#10786=DIRECTION('',(0.,0.,-1.));
#10787=DIRECTION('',(-1.,0.,2.04567426390682E-15));
#10788=DIRECTION('',(0.,0.,1.));
#10789=DIRECTION('',(0.999999999999999,0.,0.));
#10790=DIRECTION('',(0.,0.,1.));
#10791=DIRECTION('',(-0.999999999999999,0.,0.));
#10792=DIRECTION('',(0.,0.,-1.));
#10793=DIRECTION('',(-1.,0.,0.));
#10794=DIRECTION('',(0.,0.,-1.));
#10795=DIRECTION('',(-1.,0.,2.04567426390682E-15));
#10796=DIRECTION('',(0.,0.,1.));
#10797=DIRECTION('',(1.,0.,0.));
#10798=DIRECTION('',(0.,0.,-1.));
#10799=DIRECTION('',(-1.,0.,0.));
#10800=DIRECTION('',(0.,0.,-1.));
#10801=DIRECTION('',(-1.,0.,0.));
#10802=DIRECTION('',(0.,0.,-1.));
#10803=DIRECTION('',(-1.,0.,0.));
#10804=DIRECTION('',(0.,0.,-1.));
#10805=DIRECTION('',(0.999999999999999,0.,0.));
#10806=DIRECTION('',(0.,0.,1.));
#10807=DIRECTION('',(1.,0.,0.));
#10808=DIRECTION('',(0.,0.,1.));
#10809=DIRECTION('',(0.999999999999999,0.,0.));
#10810=DIRECTION('',(0.,0.,-1.));
#10811=DIRECTION('',(0.999999999999999,0.,0.));
#10812=DIRECTION('',(0.,0.,1.));
#10813=DIRECTION('',(1.,0.,0.));
#10814=DIRECTION('',(0.,0.,1.));
#10815=DIRECTION('',(0.999999999999999,0.,0.));
#10816=DIRECTION('',(0.,0.,-1.));
#10817=DIRECTION('',(0.999999999999999,0.,0.));
#10818=DIRECTION('',(0.,0.,1.));
#10819=DIRECTION('',(1.,0.,0.));
#10820=DIRECTION('',(0.,0.,1.));
#10821=DIRECTION('',(0.999999999999999,0.,0.));
#10822=DIRECTION('',(0.,0.,-1.));
#10823=DIRECTION('',(0.999999999999999,0.,0.));
#10824=DIRECTION('',(0.,0.,1.));
#10825=DIRECTION('',(1.,0.,0.));
#10826=DIRECTION('',(0.,0.,1.));
#10827=DIRECTION('',(0.999999999999999,0.,0.));
#10828=DIRECTION('',(-0.880813923613769,0.00679000026768513,0.473413907552876));
#10829=DIRECTION('',(0.473462598277961,0.0126318885565003,0.880723341023376));
#10830=DIRECTION('',(0.880813923613769,-0.00679000026768513,-0.473413907552876));
#10831=DIRECTION('',(0.473462598277961,0.0126318885565003,0.880723341023376));
#10832=DIRECTION('',(1.,0.,0.));
#10833=DIRECTION('',(0.,0.,-1.));
#10834=DIRECTION('',(1.,0.,0.));
#10835=DIRECTION('',(0.,0.,-0.999999999999999));
#10836=DIRECTION('',(1.,0.,0.));
#10837=DIRECTION('',(0.,0.,-0.999999999999999));
#10838=DIRECTION('',(-0.880813923613769,0.00679000026768513,0.473413907552876));
#10839=DIRECTION('',(0.473462598277961,0.0126318885565003,0.880723341023376));
#10840=DIRECTION('',(0.880813923613769,-0.00679000026768513,-0.473413907552876));
#10841=DIRECTION('',(0.473462598277961,0.0126318885565003,0.880723341023376));
#10842=DIRECTION('',(1.,0.,0.));
#10843=DIRECTION('',(0.,0.,-0.999999999999999));
#10844=DIRECTION('',(0.,0.,1.));
#10845=DIRECTION('',(0.814158117757743,-0.58064322891873,0.));
#10846=DIRECTION('',(0.58064322891873,0.814158117757743,0.));
#10847=DIRECTION('',(-0.814158117757743,0.58064322891873,0.));
#10848=DIRECTION('',(0.,0.,1.));
#10849=DIRECTION('',(0.,-1.,0.));
#10850=DIRECTION('',(1.,0.,0.));
#10851=DIRECTION('',(0.,1.,0.));
#10852=DIRECTION('',(-0.813213863312342,-0.581964958151791,0.));
#10853=DIRECTION('',(-0.581964958151791,0.813213863312342,0.));
#10854=DIRECTION('',(-0.813213863312342,-0.581964958151791,0.));
#10855=DIRECTION('',(-0.664410370180369,-0.342224663041043,0.66441037018038));
#10856=DIRECTION('',(0.410576764618483,0.575696726024571,0.707106781186554));
#10857=DIRECTION('',(-0.814158117757743,0.58064322891873,0.));
#10858=DIRECTION('',(-0.664565456334495,0.341621879413239,0.664565456334506));
#10859=DIRECTION('',(0.707106781186554,0.,0.707106781186541));
#10860=DIRECTION('',(0.,1.,0.));
#10861=DIRECTION('',(-0.411511368322081,0.575029037303073,-0.70710678118654));
#10862=DIRECTION('',(0.813213863312342,0.581964958151791,0.));
#10863=DIRECTION('',(1.68476221568678E-15,-3.36952443137357E-15,-1.));
#10864=DIRECTION('',(1.68476221568678E-15,-3.36952443137357E-15,-1.));
#10865=DIRECTION('',(0.,1.00000000000001,-5.78241158658936E-15));
#10866=DIRECTION('',(1.,0.,0.));
#10867=DIRECTION('',(0.,0.,-1.));
#10868=DIRECTION('',(1.,0.,0.));
#10869=DIRECTION('',(0.,0.,-1.));
#10870=DIRECTION('',(0.999999980585865,0.000197048901022443,0.));
#10871=DIRECTION('',(-0.000197048901022443,0.999999980585865,0.));
#10872=DIRECTION('',(-0.999999980585865,-0.000197048901022442,0.));
#10873=DIRECTION('',(0.999999980585865,0.000197048901022443,0.));
#10874=DIRECTION('',(-0.000197048901022443,0.999999980585865,0.));
#10875=DIRECTION('',(-0.999999980585865,-0.000197048901022442,0.));
#10876=DIRECTION('',(0.,0.,1.));
#10877=DIRECTION('',(-2.87617152316955E-15,1.,0.));
#10878=DIRECTION('',(-1.,-2.87650972634909E-15,0.));
#10879=DIRECTION('',(2.87617152316955E-15,-1.,0.));
#10880=DIRECTION('',(-1.,-2.87650972634909E-15,0.));
#10881=DIRECTION('',(2.87617152316955E-15,-1.,0.));
#10882=DIRECTION('',(-1.,0.,0.));
#10883=DIRECTION('',(0.,0.,1.));
#10884=DIRECTION('',(-1.,0.,0.));
#10885=DIRECTION('',(0.,0.,1.));
#10886=DIRECTION('',(0.999999980585865,0.00019704890101799,0.));
#10887=DIRECTION('',(-0.00019704890101799,0.999999980585865,0.));
#10888=DIRECTION('',(-0.999999980585865,-0.000197048901017991,0.));
#10889=DIRECTION('',(0.999999980585865,0.00019704890101799,0.));
#10890=DIRECTION('',(-0.00019704890101799,0.999999980585865,0.));
#10891=DIRECTION('',(-0.999999980585865,-0.000197048901017991,0.));
#10892=DIRECTION('',(0.,0.,1.));
#10893=DIRECTION('',(0.,-1.,0.));
#10894=DIRECTION('',(1.,0.,0.));
#10895=DIRECTION('',(0.,0.,-1.));
#10896=DIRECTION('',(1.,0.,0.));
#10897=DIRECTION('',(0.,0.,-1.));
#10898=DIRECTION('',(1.,3.63786670690282E-15,0.));
#10899=DIRECTION('',(-3.63598040564739E-15,1.,0.));
#10900=DIRECTION('',(1.,1.08845394571094E-15,0.));
#10901=DIRECTION('',(-1.08940634291343E-15,1.,0.));
#10902=DIRECTION('',(3.63786670690282E-15,-1.,0.));
#10903=DIRECTION('',(1.,3.63786670690282E-15,0.));
#10904=DIRECTION('',(-3.63598040564739E-15,1.,0.));
#10905=DIRECTION('',(1.08845394571094E-15,-1.,0.));
#10906=DIRECTION('',(1.,1.08845394571094E-15,0.));
#10907=DIRECTION('',(-1.08940634291343E-15,1.,0.));
#10908=DIRECTION('',(0.,0.,1.));
#10909=DIRECTION('',(1.,0.,0.));
#10910=DIRECTION('',(1.,3.63786670690282E-15,0.));
#10911=DIRECTION('',(-3.63598040564739E-15,1.,0.));
#10912=DIRECTION('',(1.,1.08845394571094E-15,0.));
#10913=DIRECTION('',(-1.08940634291343E-15,1.,0.));
#10914=DIRECTION('',(0.,1.,0.));
#10915=DIRECTION('',(0.,0.,1.));
#10916=DIRECTION('',(0.,1.,0.));
#10917=DIRECTION('',(0.,0.,1.));
#10918=DIRECTION('',(-2.22808519850232E-15,1.,0.));
#10919=DIRECTION('',(-1.,-2.22738494315422E-15,0.));
#10920=DIRECTION('',(-3.73406578727211E-15,1.,0.));
#10921=DIRECTION('',(-1.,-3.73406578727211E-15,0.));
#10922=DIRECTION('',(3.73399228204008E-15,-1.,0.));
#10923=DIRECTION('',(-3.73406578727211E-15,1.,0.));
#10924=DIRECTION('',(-1.,-3.73406578727211E-15,0.));
#10925=DIRECTION('',(3.73399228204008E-15,-1.,0.));
#10926=DIRECTION('',(0.,0.,-1.));
#10927=DIRECTION('',(0.,1.,0.));
#10928=DIRECTION('',(-1.,0.,0.));
#10929=DIRECTION('',(0.,-1.,0.));
#10930=DIRECTION('',(0.,0.,-1.));
#10931=DIRECTION('',(-1.,0.,0.));
#10932=DIRECTION('',(0.,-1.,0.));
#10933=DIRECTION('',(0.,0.,-1.));
#10934=DIRECTION('',(0.,0.,-1.));
#10935=DIRECTION('',(0.,1.,0.));
#10936=DIRECTION('',(1.17713378726998E-15,-1.,0.));
#10937=DIRECTION('',(1.,1.17713378726998E-15,0.));
#10938=DIRECTION('',(-1.17700987845026E-15,1.,0.));
#10939=DIRECTION('',(1.17713378726998E-15,-1.,0.));
#10940=DIRECTION('',(1.,1.17713378726998E-15,0.));
#10941=DIRECTION('',(-1.17700987845026E-15,1.,0.));
#10942=DIRECTION('',(0.,0.,-1.));
#10943=DIRECTION('',(0.,1.,0.));
#10944=DIRECTION('',(-1.,0.,0.));
#10945=DIRECTION('',(0.,-1.,0.));
#10946=DIRECTION('',(0.,0.,-1.));
#10947=DIRECTION('',(-1.,0.,0.));
#10948=DIRECTION('',(0.,-1.,0.));
#10949=DIRECTION('',(0.,0.,-1.));
#10950=DIRECTION('',(0.,0.,-1.));
#10951=DIRECTION('',(0.,1.,0.));
#10952=DIRECTION('',(0.,0.,1.));
#10953=DIRECTION('',(-1.,0.,0.));
#10954=DIRECTION('',(0.,0.,-1.));
#10955=DIRECTION('',(1.,0.,0.));
#10956=DIRECTION('',(0.,0.,-1.));
#10957=DIRECTION('',(-1.,0.,3.23727600472554E-15));
#10958=DIRECTION('',(0.,0.,1.));
#10959=DIRECTION('',(1.,0.,0.));
#10960=DIRECTION('',(0.,0.,1.));
#10961=DIRECTION('',(-1.,0.,0.));
#10962=DIRECTION('',(0.,0.,-1.));
#10963=DIRECTION('',(1.,0.,0.));
#10964=DIRECTION('',(0.,0.,-1.));
#10965=DIRECTION('',(-1.,0.,3.23727600472554E-15));
#10966=DIRECTION('',(0.,0.,1.));
#10967=DIRECTION('',(1.,0.,0.));
#10968=DIRECTION('',(0.,0.,-1.));
#10969=DIRECTION('',(0.999999999999999,0.,0.));
#10970=DIRECTION('',(0.,0.,1.));
#10971=DIRECTION('',(0.999999999999999,0.,0.));
#10972=DIRECTION('',(0.,0.,1.));
#10973=DIRECTION('',(-0.999999999999999,0.,0.));
#10974=DIRECTION('',(0.,0.,-1.));
#10975=DIRECTION('',(-1.,0.,3.23727600472554E-15));
#10976=DIRECTION('',(0.,0.,1.));
#10977=DIRECTION('',(-1.,0.,0.));
#10978=DIRECTION('',(0.,0.,-1.));
#10979=DIRECTION('',(1.,0.,0.));
#10980=DIRECTION('',(0.,0.,-1.));
#10981=DIRECTION('',(-1.,0.,3.23727600472554E-15));
#10982=DIRECTION('',(0.,0.,1.));
#10983=DIRECTION('',(1.,0.,0.));
#10984=DIRECTION('',(0.,0.,1.));
#10985=DIRECTION('',(-1.,0.,0.));
#10986=DIRECTION('',(0.,0.,-1.));
#10987=DIRECTION('',(1.,0.,0.));
#10988=DIRECTION('',(0.,0.,-1.));
#10989=DIRECTION('',(-1.,0.,3.23727600472554E-15));
#10990=DIRECTION('',(0.,0.,1.));
#10991=DIRECTION('',(1.,0.,0.));
#10992=DIRECTION('',(0.,0.,-1.));
#10993=DIRECTION('',(-1.,0.,0.));
#10994=DIRECTION('',(0.,0.,-1.));
#10995=DIRECTION('',(-1.,0.,0.));
#10996=DIRECTION('',(0.,0.,-1.));
#10997=DIRECTION('',(-1.,0.,0.));
#10998=DIRECTION('',(0.,0.,-1.));
#10999=DIRECTION('',(-1.,0.,0.));
#11000=DIRECTION('',(0.,0.,-1.));
#11001=DIRECTION('',(-1.,0.,0.));
#11002=DIRECTION('',(0.133458923235005,0.0142915395180248,-0.990951294316304));
#11003=DIRECTION('',(0.133458923235005,0.0142915395180248,-0.990951294316304));
#11004=DIRECTION('',(-0.110812405254371,0.993841165317978,-0.000590729333424535));
#11005=DIRECTION('',(-0.984839746706266,-0.109888534516155,-0.134220651501288));
#11006=DIRECTION('',(0.133458923235005,0.0142915395180248,-0.990951294316304));
#11007=DIRECTION('',(0.565294586365791,0.820185861366446,0.0879612610193304));
#11008=DIRECTION('',(-0.814021342756691,0.571918617209311,-0.101382191858258));
#11009=DIRECTION('',(0.990914270896568,-0.018734966857679,0.133183740563049));
#11010=DIRECTION('',(0.0166620389651749,0.999722337909405,0.0166620389651616));
#11011=DIRECTION('',(0.106233076744524,-0.0250046506802647,-0.994026810931048));
#11012=DIRECTION('',(-0.00954653371028532,0.999612042553279,-0.0261653984601867));
#11013=DIRECTION('',(0.106233076744524,-0.0250046506802647,-0.994026810931048));
#11014=DIRECTION('',(-0.994295427475914,-0.0122691412421527,-0.10595315509068));
#11015=DIRECTION('',(0.00954653374534836,-0.999612042561532,0.0261653981321006));
#11016=DIRECTION('',(0.106233076744524,-0.0250046506802647,-0.994026810931048));
#11017=DIRECTION('',(-0.988196398990625,0.108312057972802,-0.108334551827469));
#11018=DIRECTION('',(-0.110373957197132,-0.993802427820567,0.013203182593274));
#11019=DIRECTION('',(0.988196398990625,-0.108312057972802,0.108334551827469));
#11020=DIRECTION('',(0.814021342739741,-0.571918617205321,0.101382192016852));
#11021=DIRECTION('',(0.571037465469281,0.819929181538449,0.0404023550317077));
#11022=DIRECTION('',(-0.814021342756691,0.571918617209311,-0.101382191858258));
#11023=DIRECTION('',(-0.106233076744524,0.0250046506802647,0.994026810931048));
#11024=DIRECTION('',(-0.994341256010929,-0.00267143795817457,-0.106199482173142));
#11025=DIRECTION('',(-0.0580202639133163,-0.919119084588782,-0.389684176378908));
#11026=DIRECTION('',(-0.141779849208035,-0.378798900553304,0.914554463822771));
#11027=DIRECTION('',(0.988196398990625,-0.108312057972802,0.108334551827469));
#11028=DIRECTION('',(-0.946976789824017,-0.0728934236831436,0.31292412549746));
#11029=DIRECTION('',(0.316019949544375,-0.38717781073872,0.866155144510233));
#11030=DIRECTION('',(-0.143141676993948,-0.858850061962688,-0.491820120952821));
#11031=DIRECTION('',(-0.986393923832113,0.164398987305544,-1.36507505563938E-17));
#11032=DIRECTION('',(-0.143141676993948,-0.858850061962688,-0.491820120952821));
#11033=DIRECTION('',(-0.0808547298211337,-0.485128378926237,0.870696829341851));
#11034=DIRECTION('',(0.986393923832113,-0.164398987305544,0.));
#11035=DIRECTION('',(-0.143141676993948,-0.858850061962688,-0.491820120952821));
#11036=DIRECTION('',(-0.303521775025756,-0.434896739249913,0.847784971720429));
#11037=DIRECTION('',(0.942011142393005,-0.270631478687311,0.198427846712464));
#11038=DIRECTION('',(0.303521773913329,0.434896732575349,-0.847784975542614));
#11039=DIRECTION('',(0.806110110440187,0.187132704208739,-0.561398112627425));
#11040=DIRECTION('',(-0.57419243303397,0.476820639320711,-0.665541229199452));
#11041=DIRECTION('',(-0.806110110440187,-0.187132704208739,0.561398112627425));
#11042=DIRECTION('',(0.143141676993948,0.858850061962688,0.491820120952821));
#11043=DIRECTION('',(-0.989702207892536,0.124216392744517,0.0711324642211947));
#11044=DIRECTION('',(0.569678150388534,-0.79604478419688,-0.204400358421508));
#11045=DIRECTION('',(-0.813213863312342,-0.581964958151791,1.19020822786861E-17));
#11046=DIRECTION('',(0.569678150388534,-0.79604478419688,-0.204400358421508));
#11047=DIRECTION('',(0.118953846034984,-0.166221205134382,0.978887375277237));
#11048=DIRECTION('',(0.813213863312342,0.581964958151791,0.));
#11049=DIRECTION('',(0.569678150388534,-0.79604478419688,-0.204400358421508));
#11050=DIRECTION('',(0.471092710476363,0.112487469088964,0.874881836269329));
#11051=DIRECTION('',(0.673452643551076,0.594692585165564,-0.439092548380368));
#11052=DIRECTION('',(-0.471092710476369,-0.112487469088955,-0.874881836269327));
#11053=DIRECTION('',(0.303521773913329,0.434896732575349,-0.847784975542614));
#11054=DIRECTION('',(0.763767855915922,0.420924617417689,0.489368091237432));
#11055=DIRECTION('',(0.303521773913329,0.434896732575349,-0.847784975542615));
#11056=DIRECTION('',(-0.569678150388534,0.79604478419688,0.204400358421508));
#11057=DIRECTION('',(-0.821867875616208,-0.551778860985056,-0.141680215979988));
#11058=DIRECTION('',(0.,0.,1.));
#11059=DIRECTION('',(1.,0.,2.68064541923539E-17));
#11060=DIRECTION('',(0.,0.,1.));
#11061=DIRECTION('',(1.,0.,2.68064541923539E-17));
#11062=DIRECTION('',(0.,0.,1.));
#11063=DIRECTION('',(1.,0.,2.68064541923539E-17));
#11064=DIRECTION('',(0.,0.,1.));
#11065=DIRECTION('',(1.,0.,2.6806454192354E-17));
#11066=DIRECTION('',(0.,0.,1.));
#11067=DIRECTION('',(1.,0.,2.6806454192354E-17));
#11068=DIRECTION('',(0.880813923613769,-0.00679000026768513,-0.473413907552876));
#11069=DIRECTION('',(-0.016662038965166,-0.999722337909405,-0.0166620389651664));
#11070=DIRECTION('',(0.880813923613769,-0.00679000026768516,-0.473413907552876));
#11071=DIRECTION('',(0.473169323208554,-0.0225641968906112,0.880682490227347));
#11072=DIRECTION('',(0.0166620389651749,0.999722337909405,0.0166620389651616));
#11073=DIRECTION('',(0.880813923613769,-0.00679000026768517,-0.473413907552876));
#11074=DIRECTION('',(0.471092710476357,0.112487469088955,0.874881836269333));
#11075=DIRECTION('',(-0.0473126843896741,0.993629943789098,-0.102279248635864));
#11076=DIRECTION('',(-0.471092710476368,-0.112487469088955,-0.874881836269327));
#11077=DIRECTION('',(-0.286643576578243,0.788176960826564,-0.54462146343));
#11078=DIRECTION('',(-0.37683191475053,-0.615411223750889,-0.692290931405925));
#11079=DIRECTION('',(0.286643576578243,-0.788176960826564,0.54462146343));
#11080=DIRECTION('',(-0.880813923613769,0.00679000026768513,0.473413907552876));
#11081=DIRECTION('',(0.473462598277961,0.0126318885565003,0.880723341023376));
#11082=DIRECTION('',(-0.880813923613769,0.00679000026768513,0.473413907552876));
#11083=DIRECTION('',(0.473462598277961,0.0126318885565003,0.880723341023376));
#11084=DIRECTION('',(-0.880813923613769,0.00679000026768513,0.473413907552876));
#11085=DIRECTION('',(-0.880813923613769,0.00679000026768513,0.473413907552876));
#11086=DIRECTION('',(0.473462598277961,0.0126318885565003,0.880723341023376));
#11087=DIRECTION('',(-0.880813923613769,0.00679000026768513,0.473413907552876));
#11088=DIRECTION('',(0.473462598277961,0.0126318885565003,0.880723341023376));
#11089=DIRECTION('',(-0.880813923613769,0.00679000026768513,0.473413907552876));
#11090=DIRECTION('',(-0.880813923613769,0.00679000026768513,0.473413907552876));
#11091=DIRECTION('',(-0.473462598277961,-0.0126318885565003,-0.880723341023376));
#11092=DIRECTION('',(0.884917752883431,-1.55921647007679E-16,-0.465747324878779));
#11093=DIRECTION('',(-0.462647231306745,0.115186962181446,-0.87902758950309));
#11094=DIRECTION('',(0.884917752883431,-1.53678576683914E-16,-0.465747324878779));
#11095=DIRECTION('',(-0.0536480194969216,-0.993343829569304,-0.101930987735074));
#11096=DIRECTION('',(0.462647231306747,-0.115186962181446,0.879027589503089));
#11097=DIRECTION('',(0.884917752883431,-6.24406551721992E-17,-0.465747324878779));
#11098=DIRECTION('',(-0.286643576578243,0.788176960826564,-0.54462146343));
#11099=DIRECTION('',(-0.367091311036058,-0.615448680575563,-0.697471785049135));
#11100=DIRECTION('',(0.286643576578243,-0.788176960826564,0.54462146343));
#11101=DIRECTION('',(-5.60637428665745E-16,-1.,-7.32141601724902E-16));
#11102=DIRECTION('',(0.465747324878779,-9.09000483618864E-16,0.884917752883431));
#11103=DIRECTION('',(1.95676808090184E-15,1.,0.));
#11104=DIRECTION('',(-0.884917752883431,1.55125021121398E-16,0.465747324878779));
#11105=DIRECTION('',(-0.465747324878779,-2.91433543964104E-16,-0.884917752883431));
#11106=DIRECTION('',(0.569485944939285,0.798513754969064,-0.195093674017932));
#11107=DIRECTION('',(-0.330245295542335,0.43960102674599,0.835277787359408));
#11108=DIRECTION('',(0.569485944939285,0.798513754969064,-0.195093674017932));
#11109=DIRECTION('',(-0.752744181836542,0.411250191986675,-0.514052017117098));
#11110=DIRECTION('',(0.330245297515447,-0.439601023979359,-0.835277788035353));
#11111=DIRECTION('',(0.569485944939285,0.798513754969064,-0.195093674017932));
#11112=DIRECTION('',(-0.462647231306749,0.115186962181443,-0.879027589503089));
#11113=DIRECTION('',(0.679443373564574,-0.590853405565726,-0.435027533899378));
#11114=DIRECTION('',(0.462647231306747,-0.115186962181446,0.879027589503089));
#11115=DIRECTION('',(0.814158117757743,-0.580643228918731,1.49104720770426E-16));
#11116=DIRECTION('',(0.11327982082339,0.158837098424882,0.980784613642662));
#11117=DIRECTION('',(-0.814158117757743,0.58064322891873,0.));
#11118=DIRECTION('',(-0.569485944939285,-0.798513754969064,0.195093674017932));
#11119=DIRECTION('',(-0.822001069656609,0.553213830348837,-0.135161752704522));
#11120=DIRECTION('',(-0.0332384939250291,0.878961486549161,-0.475733021436273));
#11121=DIRECTION('',(0.984839746827159,0.109888531319238,0.134220653231601));
#11122=DIRECTION('',(-0.033238493925029,0.878961486549161,-0.475733021436273));
#11123=DIRECTION('',(-0.170252387915743,0.464059496021566,0.869288737164584));
#11124=DIRECTION('',(-0.984839746706266,-0.109888534516155,-0.134220651501288));
#11125=DIRECTION('',(-0.0332384939250291,0.878961486549161,-0.475733021436273));
#11126=DIRECTION('',(-0.330245297515447,0.439601023979357,0.835277788035354));
#11127=DIRECTION('',(-0.943309729617229,-0.184871968885469,-0.275661221665073));
#11128=DIRECTION('',(0.330245297515447,-0.439601023979359,-0.835277788035353));
#11129=DIRECTION('',(-0.729237463669059,-0.346829241371496,-0.589849301865477));
#11130=DIRECTION('',(-0.729237463669059,-0.346829241371496,-0.589849301865477));
#11131=DIRECTION('',(-0.729237463669059,-0.346829241371496,-0.589849301865477));
#11132=DIRECTION('',(-0.729237463669059,-0.346829241371496,-0.589849301865477));
#11133=DIRECTION('',(-0.729237463669059,-0.346829241371496,-0.589849301865477));
#11134=DIRECTION('',(-0.729237463669059,-0.346829241371496,-0.589849301865477));
#11135=DIRECTION('',(-0.729237463669059,-0.346829241371496,-0.589849301865477));
#11136=DIRECTION('',(0.683452942127777,-0.327316639499067,-0.652499726746244));
#11137=DIRECTION('',(0.729237463556955,0.346829244335986,0.589849300260964));
#11138=DIRECTION('',(0.0332384939250291,-0.878961486549161,0.475733021436273));
#11139=DIRECTION('',(-0.999447448604275,-0.029231507941511,0.0158213912747765));
#11140=DIRECTION('',(-0.15384299306797,0.923057958405817,-0.35255685911293));
#11141=DIRECTION('',(0.986393923832086,0.164398987305704,-7.55276112774842E-19));
#11142=DIRECTION('',(-0.15384299306797,0.923057958405817,-0.35255685911293));
#11143=DIRECTION('',(-0.0579599906058456,0.347759943634319,0.935790393780801));
#11144=DIRECTION('',(-0.986393923832086,-0.164398987305704,0.));
#11145=DIRECTION('',(-0.15384299306797,0.923057958405817,-0.35255685911293));
#11146=DIRECTION('',(0.316469603759616,0.384038796619885,0.867387567692195));
#11147=DIRECTION('',(-0.936044509294361,-0.0218679700575102,0.351201464270073));
#11148=DIRECTION('',(-0.316469603759616,-0.384038796619885,-0.867387567692195));
#11149=DIRECTION('',(-0.72923746433241,-0.346829241053806,-0.589849301232169));
#11150=DIRECTION('',(-0.72923746433241,-0.346829241053806,-0.589849301232169));
#11151=DIRECTION('',(-0.72923746433241,-0.346829241053806,-0.589849301232169));
#11152=DIRECTION('',(-0.72923746433241,-0.346829241053806,-0.589849301232169));
#11153=DIRECTION('',(-0.72923746433241,-0.346829241053806,-0.589849301232169));
#11154=DIRECTION('',(-0.72923746433241,-0.346829241053806,-0.589849301232169));
#11155=DIRECTION('',(-0.72923746433241,-0.346829241053806,-0.589849301232169));
#11156=DIRECTION('',(-0.666742119636914,0.166353488011904,0.726485693546919));
#11157=DIRECTION('',(-0.72923746433241,-0.346829241053806,-0.589849301232169));
#11158=DIRECTION('',(0.15384299306797,-0.923057958405817,0.35255685911293));
#11159=DIRECTION('',(-0.988095305870789,-0.143716904890276,0.0548918733955289));
#11160=DIRECTION('',(0.,0.,-1.));
#11161=DIRECTION('',(0.,-1.,0.));
#11162=DIRECTION('',(0.,0.,-1.));
#11163=DIRECTION('',(-1.,0.,0.));
#11164=DIRECTION('',(0.,0.,1.));
#11165=DIRECTION('',(-1.,8.07908256961198E-9,0.));
#11166=DIRECTION('',(-8.07908256114639E-9,-1.,0.));
#11167=DIRECTION('',(0.,-1.,0.));
#11168=DIRECTION('',(-1.,0.,0.));
#11169=DIRECTION('',(0.,0.,1.));
#11170=DIRECTION('',(0.,0.,1.));
#11171=DIRECTION('',(1.,0.,0.));
#11172=DIRECTION('',(0.605263630837782,-0.796025085776237,0.));
#11173=DIRECTION('',(0.796025085776237,0.605263630837782,0.));
#11174=DIRECTION('',(-1.,-3.8125790680809E-15,0.));
#11175=DIRECTION('',(3.80945275324507E-15,-1.,0.));
#11176=DIRECTION('',(4.08778793902147E-17,-5.6174963224217E-17,-1.));
#11177=DIRECTION('',(4.08778793902147E-17,-5.6174963224217E-17,-1.));
#11178=DIRECTION('',(-1.,0.,-3.99092620211827E-17));
#11179=DIRECTION('',(3.39584281144782E-17,5.08530582618198E-17,-1.));
#11180=DIRECTION('',(3.39584281144782E-17,5.08530582618198E-17,-1.));
#11181=DIRECTION('',(-1.,0.,-3.99092751910974E-17));
#11182=DIRECTION('',(-0.999301762926227,-0.0373629042304519,0.));
#11183=DIRECTION('',(0.,0.,-1.));
#11184=DIRECTION('',(0.99906597233631,0.0432109120443509,0.));
#11185=DIRECTION('',(0.,0.,-1.));
#11186=DIRECTION('',(-1.,0.,0.));
#11187=DIRECTION('',(0.,0.,1.));
#11188=DIRECTION('',(0.,1.,0.));
#11189=DIRECTION('',(0.,0.,1.));
#11190=DIRECTION('',(1.,0.,0.));
#11191=DIRECTION('',(0.,0.,1.));
#11192=DIRECTION('',(1.,0.,0.));
#11193=DIRECTION('',(0.,0.,1.));
#11194=DIRECTION('',(1.,0.,0.));
#11195=DIRECTION('',(0.,0.,1.));
#11196=DIRECTION('',(0.,0.404846853700909,0.914384506128836));
#11197=DIRECTION('',(-0.993385612581156,-0.0464869635700208,-0.104995175769183));
#11198=DIRECTION('',(-7.38738792538875E-9,-0.914384506128836,0.404846853700909));
#11199=DIRECTION('',(0.,-0.404846853700909,-0.914384506128836));
#11200=DIRECTION('',(0.,0.408091457234393,-0.912941050962388));
#11201=DIRECTION('',(0.,0.999683765429645,-0.0251469508371579));
#11202=DIRECTION('',(1.,0.,0.));
#11203=DIRECTION('',(0.,0.,1.));
#11204=DIRECTION('',(-0.993064250680128,0.0479805152862846,-0.107337151881247));
#11205=DIRECTION('',(7.37572613191348E-9,0.912941050962388,0.408091457234393));
#11206=DIRECTION('',(0.,-0.408091457234393,0.912941050962388));
#11207=DIRECTION('',(-0.106233076744524,0.0250046506802647,0.994026810931048));
#11208=DIRECTION('',(-0.994341256010929,-0.00267143795817457,-0.106199482173142));
#11209=DIRECTION('',(0.,0.,1.));
#11210=DIRECTION('',(1.,0.,0.));
#11211=DIRECTION('',(-0.133458923235005,-0.0142915395180248,0.990951294316304));
#11212=DIRECTION('',(-0.985317909147243,-0.10551343810559,-0.134221951605698));
#11213=DIRECTION('',(0.,0.,-1.));
#11214=DIRECTION('',(-1.,0.,0.));
#11215=DIRECTION('',(-0.106233076744524,0.0250046506802647,0.994026810931049));
#11216=DIRECTION('',(-0.967585230700571,0.227745740201375,-0.109136149603374));
#11217=DIRECTION('',(-0.106233076744524,0.0250046506802647,0.994026810931049));
#11218=DIRECTION('',(-0.967585230700571,0.227745740201375,-0.109136149603374));
#11219=DIRECTION('',(0.,-0.999683765429645,0.025146950837158));
#11220=DIRECTION('',(-0.994337705686476,0.,-0.106266302514744));
#11221=DIRECTION('',(0.,-0.999683765429645,0.025146950837158));
#11222=DIRECTION('',(-0.81402134305272,0.571918616755929,-0.101382192038996));
#11223=DIRECTION('',(-0.106233076744524,0.0250046506802647,0.994026810931048));
#11224=DIRECTION('',(-0.994341256010929,-0.00267143795817457,-0.106199482173142));
#11225=DIRECTION('',(0.,0.,-1.));
#11226=DIRECTION('',(0.,1.,0.));
#11227=DIRECTION('',(0.,0.,-1.));
#11228=DIRECTION('',(0.,-0.999896018597006,-0.0144205406922184));
#11229=DIRECTION('',(-1.,0.,0.));
#11230=DIRECTION('',(0.,0.,1.));
#11231=DIRECTION('',(-0.991052509781786,0.,-0.133472554689059));
#11232=DIRECTION('',(1.,0.,0.));
#11233=DIRECTION('',(0.,0.,-1.));
#11234=DIRECTION('',(0.,1.,0.));
#11235=DIRECTION('',(0.,0.,1.));
#11236=DIRECTION('',(0.,0.,-1.));
#11237=DIRECTION('',(0.,-0.999896018597006,-0.0144205406922184));
#11238=DIRECTION('',(0.,1.,0.));
#11239=DIRECTION('',(-1.,0.,0.));
#11240=DIRECTION('',(0.,0.,1.));
#11241=DIRECTION('',(1.,0.,0.));
#11242=DIRECTION('',(0.,1.,0.));
#11243=DIRECTION('',(0.,0.,1.));
#11244=DIRECTION('',(-0.133458923235005,-0.0142915395180248,0.990951294316304));
#11245=DIRECTION('',(-0.985317909147243,-0.10551343810559,-0.134221951605698));
#11246=DIRECTION('',(-0.133458923235005,-0.0142915395180248,0.990951294316304));
#11247=DIRECTION('',(-0.991054345537596,0.00192454983325004,-0.133445045988925));
#11248=DIRECTION('',(0.,0.,1.));
#11249=DIRECTION('',(1.,0.,0.));
#11250=DIRECTION('',(0.,0.,-1.));
#11251=DIRECTION('',(-1.,0.,0.));
#11252=DIRECTION('',(0.,0.,1.));
#11253=DIRECTION('',(1.,0.,0.));
#11254=DIRECTION('',(0.,0.,-1.));
#11255=DIRECTION('',(-1.,0.,0.));
#11256=DIRECTION('',(0.,0.,1.));
#11257=DIRECTION('',(1.,0.,0.));
#11258=DIRECTION('',(0.,0.,-1.));
#11259=DIRECTION('',(-1.,0.,0.));
#11260=DIRECTION('',(0.,0.,1.));
#11261=DIRECTION('',(1.,0.,0.));
#11262=CARTESIAN_POINT('',(0.,0.,0.));
#11263=CARTESIAN_POINT('',(22.2302329538234,-19.0002875137985,56.7751383825277));
#11264=CARTESIAN_POINT('',(10.3889217319714,-19.0002875137985,24.3201853096563));
#11265=CARTESIAN_POINT('',(11.0972985011585,-19.0002875137985,26.2617215442124));
#11266=CARTESIAN_POINT('',(11.0972985011585,-19.0002875137985,31.8304323508096));
#11267=CARTESIAN_POINT('',(11.0972985011585,-19.0002875137985,57.7812520300677));
#11268=CARTESIAN_POINT('',(20.1326256984756,-19.0002875127463,57.7812519571111));
#11269=CARTESIAN_POINT('',(10.1326256984756,-19.0002875127463,57.7812519571111));
#11270=CARTESIAN_POINT('',(34.8733825333956,-19.0002875137985,61.1132773133947));
#11271=CARTESIAN_POINT('',(-22.1972801638944,-19.0002875137985,53.4271384406916));
#11272=CARTESIAN_POINT('',(-22.1972801638944,-19.0002875137985,23.7403870206839));
#11273=CARTESIAN_POINT('',(-22.1972801638944,-19.0002875137985,26.4999997290636));
#11274=CARTESIAN_POINT('',(10.1326256984756,-19.0002875137985,26.4999997290636));
#11275=CARTESIAN_POINT('',(7.61821795724954,-19.0002875137985,26.4999997158614));
#11276=CARTESIAN_POINT('',(0.00457399715000917,-19.0002875137985,33.1004927527816));
#11277=CARTESIAN_POINT('',(10.1326256984756,-19.0002876004974,24.3201853096564));
#11278=CARTESIAN_POINT('',(20.1326256984756,-19.0002876004974,24.3201853096564));
#11279=CARTESIAN_POINT('',(-16.5851940682882,-19.0002875137985,23.7403870206839));
#11280=CARTESIAN_POINT('',(11.0972985011585,-16.4995898929585,31.8304323508096));
#11281=CARTESIAN_POINT('',(11.0972985011585,-16.4995898929585,31.2999737283037));
#11282=CARTESIAN_POINT('',(11.0972985011585,-16.4995898929585,48.1999997290637));
#11283=CARTESIAN_POINT('',(3.2689559392729E-7,-16.4995898929585,31.2999737283037));
#11284=CARTESIAN_POINT('',(5.2000003268956,-16.4995898929585,31.2999737283037));
#11285=CARTESIAN_POINT('',(5.2000003268956,-16.4995898929585,48.6999997290637));
#11286=CARTESIAN_POINT('',(5.2000003268956,-16.4995898929585,48.1999997290637));
#11287=CARTESIAN_POINT('',(-44.9999996731044,-16.4995898929585,48.1999997290637));
#11288=CARTESIAN_POINT('',(-44.9999996731044,-16.4995898929585,49.9999997290637));
#11289=CARTESIAN_POINT('',(11.0000003268956,-8.5000005618435,31.2999737283037));
#11290=CARTESIAN_POINT('',(9.10136023509559,-8.5000005618435,31.2999737283037));
#11291=CARTESIAN_POINT('',(11.0972985011585,-8.5000005618435,31.2999737283037));
#11292=CARTESIAN_POINT('',(11.0972985011585,-8.5000005618435,31.8304323508096));
#11293=CARTESIAN_POINT('',(11.0972980830542,-8.50000056207445,39.2216592629554));
#11294=CARTESIAN_POINT('',(11.0972980726385,-8.50000056184349,39.2216592553268));
#11295=CARTESIAN_POINT('',(10.8096329910953,-8.50000056184349,39.6144251077942));
#11296=CARTESIAN_POINT('',(10.4844350535523,-8.50000056184349,39.9817480809704));
#11297=CARTESIAN_POINT('',(10.1326256984755,-8.50000056184349,40.3182690932179));
#11298=CARTESIAN_POINT('',(10.1326256984756,-8.5000005618435,40.3182690932179));
#11299=CARTESIAN_POINT('',(10.1326256984756,-8.5000005618435,23.3925534461339));
#11300=CARTESIAN_POINT('',(10.1326256984756,-8.5000005618435,46.6264295141079));
#11301=CARTESIAN_POINT('',(12.0663060580333,-8.5000005618435,47.789708612194));
#11302=CARTESIAN_POINT('',(11.0972980830542,-8.5000005618435,47.2067649616758));
#11303=CARTESIAN_POINT('',(11.0972985011585,-8.5000005618435,31.8304323508096));
#11304=CARTESIAN_POINT('',(11.0972985011585,-8.5000005618435,48.1999997290637));
#11305=CARTESIAN_POINT('',(11.0000003268956,-8.5000005618435,48.1999997290637));
#11306=CARTESIAN_POINT('',(9.10136023509559,-8.5000005618435,48.1999997290637));
#11307=CARTESIAN_POINT('',(9.10136023509559,-8.5000005618435,15.6231053546837));
#11308=CARTESIAN_POINT('',(11.0000003268956,-8.5000005618435,11.4999997290637));
#11309=CARTESIAN_POINT('',(6.40000032690061,11.4999997458115,28.7999997290637));
#11310=CARTESIAN_POINT('',(7.35000032690061,11.4999997458115,28.7999997290637));
#11311=CARTESIAN_POINT('',(2.4013602350986,-4.07908494537423E-7,28.7999997290637));
#11312=CARTESIAN_POINT('',(2.4013602350986,16.4999995920915,28.7999997290637));
#11313=CARTESIAN_POINT('',(2.4013602350986,14.1999997460215,28.7999997290637));
#11314=CARTESIAN_POINT('',(-42.0999996731044,14.1999997460215,28.7999997290637));
#11315=CARTESIAN_POINT('',(3.4013602350986,14.1999997460215,28.7999997290637));
#11316=CARTESIAN_POINT('',(3.4013602350986,-4.07908494537423E-7,28.7999997290637));
#11317=CARTESIAN_POINT('',(3.4013602350986,16.4999995920915,28.7999997290637));
#11318=CARTESIAN_POINT('',(-42.0999996731044,16.4999995920915,28.7999997290637));
#11319=CARTESIAN_POINT('',(11.0972985011585,-4.07908494537423E-7,28.7999997290637));
#11320=CARTESIAN_POINT('',(11.0972985011585,16.4999995920915,28.7999997290637));
#11321=CARTESIAN_POINT('',(11.0972985011585,16.9843744711021,28.7999997290637));
#11322=CARTESIAN_POINT('',(-44.9999996731044,16.4999995920915,28.7999997290637));
#11323=CARTESIAN_POINT('',(5.2000003268956,16.4999995920915,28.7999997290637));
#11324=CARTESIAN_POINT('',(5.2000003268956,-4.07908450128502E-7,28.7999997290637));
#11325=CARTESIAN_POINT('',(5.2000003268956,14.7878561903644,28.7999997290637));
#11326=CARTESIAN_POINT('',(6.40000032690061,11.4999997458115,28.7999997290637));
#11327=CARTESIAN_POINT('',(9.90000032690058,11.4999997458115,28.7999997290637));
#11328=CARTESIAN_POINT('',(6.40000032690061,11.4999997458115,28.7999997290637));
#11329=CARTESIAN_POINT('',(2.9000003269006,11.4999997458115,28.7999997290637));
#11330=CARTESIAN_POINT('',(6.40000032690061,11.4999997458115,28.7999997290637));
#11331=CARTESIAN_POINT('',(2.9358572868825,11.9997126616884,28.7999997290637));
#11332=CARTESIAN_POINT('',(-42.0999996731044,11.9997126616884,28.7999997290637));
#11333=CARTESIAN_POINT('',(-0.999999673104296,11.9997126616884,28.7999997290637));
#11334=CARTESIAN_POINT('',(-0.999999673104296,-15.0002868360585,28.7999997290637));
#11335=CARTESIAN_POINT('',(-0.999999673104296,16.1997126616884,28.7999997290637));
#11336=CARTESIAN_POINT('',(3.0000003268956,16.1997126616884,28.7999997290637));
#11337=CARTESIAN_POINT('',(-12.0896493141533,16.1997126616884,28.7999997290637));
#11338=CARTESIAN_POINT('',(-12.0896493141533,-4.07908494537423E-7,28.7999997290637));
#11339=CARTESIAN_POINT('',(-12.0896493141533,16.2028404153342,28.7999997290637));
#11340=CARTESIAN_POINT('',(-42.0999996731044,16.2028404153342,28.7999997290637));
#11341=CARTESIAN_POINT('',(-12.5986400720944,16.2028404153342,28.7999997290637));
#11342=CARTESIAN_POINT('',(-12.5986400720944,-4.07908494537423E-7,28.7999997290637));
#11343=CARTESIAN_POINT('',(-12.5986400720944,16.9843744711021,28.7999997290637));
#11344=CARTESIAN_POINT('',(-42.0999996731044,16.9843744711021,28.7999997290637));
#11345=CARTESIAN_POINT('',(-42.0999996731044,-4.07908494537423E-7,28.7999997290637));
#11346=CARTESIAN_POINT('',(6.34390032689561,-29.3350004079085,7.19999972906366));
#11347=CARTESIAN_POINT('',(12.7939003268956,-29.3350004079085,7.19999972906366));
#11348=CARTESIAN_POINT('',(6.34390032689561,-29.3350004079085,44.8007477530333));
#11349=CARTESIAN_POINT('',(11.0972985011585,-24.9752176384446,52.5237461201607));
#11350=CARTESIAN_POINT('',(0.446724363072776,-31.9476266061447,40.385698839234));
#11351=CARTESIAN_POINT('',(11.0972985011585,-24.9752176384446,-18.0000002709363));
#11352=CARTESIAN_POINT('',(11.0972985011585,-24.9752176384446,26.2617215442123));
#11353=CARTESIAN_POINT('',(6.34390032689561,-29.3350004079085,13.233492508421));
#11354=CARTESIAN_POINT('',(10.1503556081566,-24.1279476722662,23.6663174897736));
#11355=CARTESIAN_POINT('',(6.34390032689561,-29.3350004079085,27.0595465973785));
#11356=CARTESIAN_POINT('',(12.7159094292117,-28.3350004079085,21.3792784312595));
#11357=CARTESIAN_POINT('',(12.7159094292117,-28.3350004079085,-18.0000002709363));
#11358=CARTESIAN_POINT('',(12.7159094292117,-28.3350004079085,15.9999997290637));
#11359=CARTESIAN_POINT('',(6.34390032689561,-29.3350004079085,15.9999997290637));
#11360=CARTESIAN_POINT('',(12.7159094292117,-30.3350004079085,15.9999997290637));
#11361=CARTESIAN_POINT('',(12.7159094292117,-30.3350004079085,-18.0000002709363));
#11362=CARTESIAN_POINT('',(12.7159094292117,-30.3350004079085,21.3792784312595));
#11363=CARTESIAN_POINT('',(6.34390032689561,-29.3350004079085,27.0595465973785));
#11364=CARTESIAN_POINT('',(10.1503556081566,-34.5420531435508,23.6663174897736));
#11365=CARTESIAN_POINT('',(6.34390032689561,-29.3350004079085,13.233492508421));
#11366=CARTESIAN_POINT('',(11.0972985011585,-33.6947831773724,26.2617215442124));
#11367=CARTESIAN_POINT('',(11.0972985011585,-33.6947831773724,-18.0000002709363));
#11368=CARTESIAN_POINT('',(11.0972985011585,-33.6947831773724,31.1638020106527));
#11369=CARTESIAN_POINT('',(6.34390032689561,-29.3350004079085,44.652716101311));
#11370=CARTESIAN_POINT('',(7.34390032689561,-35.7070095102247,27.5332740879536));
#11371=CARTESIAN_POINT('',(7.34390032689561,-35.7070095102247,-18.0000002709363));
#11372=CARTESIAN_POINT('',(7.34390032689561,-35.7070095102247,15.9999997290637));
#11373=CARTESIAN_POINT('',(6.34390032689561,-29.3350004079085,15.9999997290637));
#11374=CARTESIAN_POINT('',(5.34390032689561,-35.7070095102247,15.9999997290637));
#11375=CARTESIAN_POINT('',(5.34390032689561,-35.7070095102247,-18.0000002709363));
#11376=CARTESIAN_POINT('',(5.34390032689561,-35.7070095102247,28.4060013606838));
#11377=CARTESIAN_POINT('',(6.34390032689561,-29.3350004079085,44.652716101311));
#11378=CARTESIAN_POINT('',(6.34390032689561,-29.3350004079085,-18.0000002709363));
#11379=CARTESIAN_POINT('',(6.34390032689561,29.3299995920915,7.19999972906366));
#11380=CARTESIAN_POINT('',(12.7939003268956,29.3299995920915,7.19999972906366));
#11381=CARTESIAN_POINT('',(6.34390032689561,29.3299995920915,40.9773928670065));
#11382=CARTESIAN_POINT('',(11.0972985011585,33.6897823615554,29.9865617677553));
#11383=CARTESIAN_POINT('',(7.34390032689558,35.7020086944077,25.799318427375));
#11384=CARTESIAN_POINT('',(11.0972985011585,33.6897823615554,-18.0000002709363));
#11385=CARTESIAN_POINT('',(11.0972985011585,33.6897823615554,26.2617215442124));
#11386=CARTESIAN_POINT('',(6.34390032689561,29.3299995920915,13.233492508421));
#11387=CARTESIAN_POINT('',(10.1503556081566,34.5370523277338,23.6663174897736));
#11388=CARTESIAN_POINT('',(6.34390032689561,29.3299995920915,27.0595465973785));
#11389=CARTESIAN_POINT('',(12.7159094292117,30.3299995920915,21.3792784312595));
#11390=CARTESIAN_POINT('',(12.7159094292117,30.3299995920915,-18.0000002709363));
#11391=CARTESIAN_POINT('',(12.7159094292117,30.3299995920915,15.9999997290637));
#11392=CARTESIAN_POINT('',(6.34390032689561,29.3299995920915,15.9999997290637));
#11393=CARTESIAN_POINT('',(12.7159094292117,28.3299995920915,15.9999997290637));
#11394=CARTESIAN_POINT('',(12.7159094292117,28.3299995920915,-18.0000002709363));
#11395=CARTESIAN_POINT('',(12.7159094292117,28.3299995920915,21.3792784312595));
#11396=CARTESIAN_POINT('',(6.34390032689561,29.3299995920915,27.0595465973785));
#11397=CARTESIAN_POINT('',(10.1503556081566,24.1229468564492,23.6663174897736));
#11398=CARTESIAN_POINT('',(6.34390032689561,29.3299995920915,13.233492508421));
#11399=CARTESIAN_POINT('',(11.0972985011585,24.9702168226276,26.2617215442124));
#11400=CARTESIAN_POINT('',(11.0972985011585,24.9702168226276,-18.0000002709363));
#11401=CARTESIAN_POINT('',(11.0972985011585,24.9702168226276,50.5527524984728));
#11402=CARTESIAN_POINT('',(6.34390032689561,29.3299995920915,40.9773928670065));
#11403=CARTESIAN_POINT('',(5.34390032689558,35.7020086944077,26.0970993865737));
#11404=CARTESIAN_POINT('',(5.34390032689558,35.7020086944077,-18.0000002709363));
#11405=CARTESIAN_POINT('',(5.34390032689558,35.7020086944077,15.9999997290637));
#11406=CARTESIAN_POINT('',(6.34390032689561,29.3299995920915,15.9999997290637));
#11407=CARTESIAN_POINT('',(7.34390032689558,35.7020086944077,15.9999997290637));
#11408=CARTESIAN_POINT('',(7.34390032689558,35.7020086944077,-18.0000002709363));
#11409=CARTESIAN_POINT('',(6.34390032689561,29.3299995920915,-18.0000002709363));
#11410=CARTESIAN_POINT('',(11.0972985011585,-16.849801446729,67.5362165035261));
#11411=CARTESIAN_POINT('',(11.0972985011585,-22.0833695162561,57.866707423707));
#11412=CARTESIAN_POINT('',(34.7351657490949,-15.6398603647067,68.1201669392795));
#11413=CARTESIAN_POINT('',(-10.0730228726313,-36.9508746951294,31.8767208182));
#11414=CARTESIAN_POINT('',(-9.99999967310439,-40.0000004079085,26.2380723967495));
#11415=CARTESIAN_POINT('',(-12.3192417641866,-38.0191884221428,30.059849485607));
#11416=CARTESIAN_POINT('',(34.7351657490949,-15.6398603647067,68.1201669392795));
#11417=CARTESIAN_POINT('',(-14.3814809321222,-39.0000004079085,28.3917915597926));
#11418=CARTESIAN_POINT('',(-14.4438706209472,-39.0000004079085,28.3961505998414));
#11419=CARTESIAN_POINT('',(-39.0851084351034,-39.0000004079085,30.1177835252126));
#11420=CARTESIAN_POINT('',(-44.4572783945831,-31.8489176356919,43.7054238427807));
#11421=CARTESIAN_POINT('',(-46.8260813655481,-28.6957213957717,49.696753788674));
#11422=CARTESIAN_POINT('',(-32.9468831982746,-13.8980315884954,76.0671658081186));
#11423=CARTESIAN_POINT('',(-46.6864728050872,-28.546873879709,49.9620094047713));
#11424=CARTESIAN_POINT('',(-23.5114941032153,-4.51943179308049,92.7357793739175));
#11425=CARTESIAN_POINT('',(-46.6691959396617,-28.5289615058169,49.9938971004194));
#11426=CARTESIAN_POINT('',(36.8847074507107,-19.2060075062237,61.3811907129234));
#11427=CARTESIAN_POINT('',(-31.6459528126927,-26.8526659930215,52.0413668183931));
#11428=CARTESIAN_POINT('',(-28.7698576254881,-25.9993920193535,53.4169238187155));
#11429=CARTESIAN_POINT('',(-29.7799996731,-28.8242129063562,48.268378194602));
#11430=CARTESIAN_POINT('',(-29.7799996731,-27.5641608871187,50.5964433303708));
#11431=CARTESIAN_POINT('',(-29.7799996731,-38.8474418495081,29.7495208739229));
#11432=CARTESIAN_POINT('',(-50.0737420006227,-39.6148627677075,29.7495208739229));
#11433=CARTESIAN_POINT('',(-27.7799996731,-38.771810563192,29.7495208739229));
#11434=CARTESIAN_POINT('',(-27.7799996731,-27.5056655495553,50.5647830538913));
#11435=CARTESIAN_POINT('',(-27.7799996731,-28.8313844688657,48.115392146094));
#11436=CARTESIAN_POINT('',(-28.7698576254881,-25.9993920193535,53.4169238187155));
#11437=CARTESIAN_POINT('',(-25.7764220208315,-26.1977434266434,52.8413062738943));
#11438=CARTESIAN_POINT('',(36.8847074507107,-19.2060075062237,61.3811907129234));
#11439=CARTESIAN_POINT('',(35.7556803315295,-16.1286012622611,67.1458709103827));
#11440=CARTESIAN_POINT('',(11.0972985011585,-19.388512599034,68.6202195248904));
#11441=CARTESIAN_POINT('',(11.0972985011585,-35.5671055777468,26.2617215442124));
#11442=CARTESIAN_POINT('',(19.1928234600879,-25.7431110256664,48.450132753053));
#11443=CARTESIAN_POINT('',(10.1503556081566,-36.7162295529278,23.6663174897736));
#11444=CARTESIAN_POINT('',(11.3617223947415,-36.9267822424235,22.5864558503998));
#11445=CARTESIAN_POINT('',(11.3589458215859,-36.9262996347259,22.5889310006579));
#11446=CARTESIAN_POINT('',(11.3589458215859,-36.9262996347259,22.5889310006579));
#11447=CARTESIAN_POINT('',(10.8315104476704,-37.6002494477827,21.0545614714529));
#11448=CARTESIAN_POINT('',(10.3031777234383,-38.2742737312171,19.5203885363063));
#11449=CARTESIAN_POINT('',(9.73781796796276,-38.9492044154511,17.9999997290636));
#11450=CARTESIAN_POINT('',(9.73781796796253,-38.9492044154511,17.9999997290637));
#11451=CARTESIAN_POINT('',(-40.8054179069831,-47.3730767023853,17.9999997290637));
#11452=CARTESIAN_POINT('',(10.0246413287009,-38.8744284468364,17.9999730992487));
#11453=CARTESIAN_POINT('',(10.03386660408,-38.8979466996546,18.0050168892069));
#11454=CARTESIAN_POINT('',(9.58465164585802,-39.4828361426607,16.6696910565593));
#11455=CARTESIAN_POINT('',(9.13793688543675,-40.0674331998004,15.3340397478671));
#11456=CARTESIAN_POINT('',(8.68582566966003,-40.6523141983338,13.999999845863));
#11457=CARTESIAN_POINT('',(8.68582561869241,-40.6523138925315,13.9999997290637));
#11458=CARTESIAN_POINT('',(-40.5576701592352,-48.8595631888699,13.9999997290637));
#11459=CARTESIAN_POINT('',(-32.174218876899,-47.4623213084775,13.9999997290637));
#11460=CARTESIAN_POINT('',(34.7351657490949,-15.6398603647067,68.1201669392795));
#11461=CARTESIAN_POINT('',(-18.5866480749889,-41.0000004079085,24.9904099494071));
#11462=CARTESIAN_POINT('',(-72.5627788979638,-41.0000004079086,48.5436306722375));
#11463=CARTESIAN_POINT('',(-12.8814055799492,-41.0000004079085,22.5008495879271));
#11464=CARTESIAN_POINT('',(-9.99999967310439,-40.0000004079085,23.8616906467573));
#11465=CARTESIAN_POINT('',(5.34390032689561,-32.3645662371307,37.1571255666125));
#11466=CARTESIAN_POINT('',(5.34390032689561,-40.4454129111853,15.9999997290637));
#11467=CARTESIAN_POINT('',(6.88335105447885,-40.1888377899208,15.9999997290637));
#11468=CARTESIAN_POINT('',(7.34390032689561,-40.1120795778512,15.9999997290637));
#11469=CARTESIAN_POINT('',(7.34390032689561,-32.0736693893542,37.046019131698));
#11470=CARTESIAN_POINT('',(36.3854717261045,-15.7103876604528,67.2153801386284));
#11471=CARTESIAN_POINT('',(11.0972985011585,43.4362506255459,6.99829195394026));
#11472=CARTESIAN_POINT('',(11.0972985011585,22.1515273418952,57.2009857404398));
#11473=CARTESIAN_POINT('',(27.3819574933759,20.3666343033803,58.986249513905));
#11474=CARTESIAN_POINT('',(-25.8709654500522,26.2034634004907,53.148208065971));
#11475=CARTESIAN_POINT('',(-28.7799996731,25.4703059214068,55.3105802446683));
#11476=CARTESIAN_POINT('',(-27.7799996731,28.298733046153,48.4904890663908));
#11477=CARTESIAN_POINT('',(-27.7799996731,27.4153090160749,50.5741549629204));
#11478=CARTESIAN_POINT('',(-27.7799996731,32.5704013694181,38.4152220321454));
#11479=CARTESIAN_POINT('',(18.9277374053881,43.4132689054615,5.88661942394515));
#11480=CARTESIAN_POINT('',(7.27775504077283,40.7088091079702,13.9999997290637));
#11481=CARTESIAN_POINT('',(-4.61953981826674,41.4598371294206,13.9999997290637));
#11482=CARTESIAN_POINT('',(8.79333157014334,40.6131369021709,13.9999997290637));
#11483=CARTESIAN_POINT('',(8.79333192285604,40.6131366909346,13.999999515033));
#11484=CARTESIAN_POINT('',(9.73761414236783,39.3714060270231,16.7881826474139));
#11485=CARTESIAN_POINT('',(10.6712075755116,38.1289556419112,19.5796547911906));
#11486=CARTESIAN_POINT('',(11.6024956783008,36.8863566225305,22.3718207493049));
#11487=CARTESIAN_POINT('',(11.6024956783007,36.8863566225305,22.3718207493049));
#11488=CARTESIAN_POINT('',(-1.42402283955159,32.785305608921,33.9841893545882));
#11489=CARTESIAN_POINT('',(10.1503556081566,36.4291891530792,23.6663174897736));
#11490=CARTESIAN_POINT('',(30.633418137552,11.3339781741849,79.8067921994861));
#11491=CARTESIAN_POINT('',(11.0972985011585,35.2690241801536,26.2617215442124));
#11492=CARTESIAN_POINT('',(11.0972985011585,43.4362506255459,6.99829195394026));
#11493=CARTESIAN_POINT('',(7.34390032689558,31.0652473175036,36.7357026341917));
#11494=CARTESIAN_POINT('',(7.34390032689555,39.8566819027595,15.9999997290637));
#11495=CARTESIAN_POINT('',(4.91124574473811,40.010245530404,15.9999997290637));
#11496=CARTESIAN_POINT('',(5.3439003268955,39.9829337995728,15.9999997290637));
#11497=CARTESIAN_POINT('',(5.34390032689558,31.1722626323296,36.7810745294304));
#11498=CARTESIAN_POINT('',(35.527368327077,42.129054818726,6.44407266953219));
#11499=CARTESIAN_POINT('',(11.0972985011585,-47.0489119888195,26.2617215442124));
#11500=CARTESIAN_POINT('',(10.1503556081566,-38.9715743477454,23.6663174897736));
#11501=CARTESIAN_POINT('',(22.2302329538234,-47.0489119888195,56.7751383825277));
#11502=CARTESIAN_POINT('',(11.0972985011585,-47.0489119888195,26.2617215442124));
#11503=CARTESIAN_POINT('',(11.0972985011585,18.9997124862015,26.2617215442124));
#11504=CARTESIAN_POINT('',(10.1503556081566,-38.9715743477454,23.6663174897736));
#11505=CARTESIAN_POINT('',(10.1503556081566,8.49999974602649,23.6663174897736));
#11506=CARTESIAN_POINT('',(22.2302329538234,8.4999997460265,56.7751383825277));
#11507=CARTESIAN_POINT('',(10.3889219622284,8.49999974602651,24.3201859407504));
#11508=CARTESIAN_POINT('',(10.3889214971232,-47.0489111448766,24.3201846659788));
#11509=CARTESIAN_POINT('',(10.3889220501414,18.9997124862015,24.3201861817044));
#11510=CARTESIAN_POINT('',(22.2302329538234,18.9997124862015,56.7751383825277));
#11511=CARTESIAN_POINT('',(22.2302329538234,-47.0489119888195,56.7751383825277));
#11512=CARTESIAN_POINT('',(11.0972985011585,-47.0489119888195,26.2617215442124));
#11513=CARTESIAN_POINT('',(10.3889214971232,-47.0489111448766,24.3201846659788));
#11514=CARTESIAN_POINT('',(10.3889218198892,-8.5000005618435,24.3201855506236));
#11515=CARTESIAN_POINT('',(22.2302329538234,-8.50000056184349,56.7751383825277));
#11516=CARTESIAN_POINT('',(10.1503556081566,-8.5000005618435,23.6663174897736));
#11517=CARTESIAN_POINT('',(10.1503556081566,-38.9715743477454,23.6663174897736));
#11518=CARTESIAN_POINT('',(22.2302329538234,-47.0489119888195,56.7751383825277));
#11519=CARTESIAN_POINT('',(11.0972985011585,-47.0489119888195,26.2617215442124));
#11520=CARTESIAN_POINT('',(10.1503556081566,-38.9715743477454,23.6663174897736));
#11521=CARTESIAN_POINT('',(22.2302329538234,-47.0489119888195,56.7751383825277));
#11522=CARTESIAN_POINT('',(11.0972985011585,37.1039752880821,58.7203096966843));
#11523=CARTESIAN_POINT('',(11.0972985011585,-10.7888402398224,58.0295975802843));
#11524=CARTESIAN_POINT('',(-28.7698576254881,-25.9993920193535,52.4410183126609));
#11525=CARTESIAN_POINT('',(-45.5625061860074,37.8724237134197,51.1005868540736));
#11526=CARTESIAN_POINT('',(-45.7205195671319,28.3916208459527,50.9425734729491));
#11527=CARTESIAN_POINT('',(33.206539019536,18.9602077104914,61.436258580572));
#11528=CARTESIAN_POINT('',(-44.4533957748938,28.2402054987655,51.111042921909));
#11529=CARTESIAN_POINT('',(5.18379403699151,-6.63410483614961,57.2931008651474));
#11530=CARTESIAN_POINT('',(-22.1972801638944,12.6034080569834,53.8829282123544));
#11531=CARTESIAN_POINT('',(-22.1972801638944,-36.7320709280118,53.1714100183854));
#11532=CARTESIAN_POINT('',(10.1326256984756,-36.7948530702996,57.5246180882025));
#11533=CARTESIAN_POINT('',(10.1326256984756,-10.1110762690509,57.9094525930187));
#11534=CARTESIAN_POINT('',(5.18379403699151,-6.63410483614961,57.2931008651474));
#11535=CARTESIAN_POINT('',(35.2968888343679,37.0569815810768,61.9787742394905));
#11536=CARTESIAN_POINT('',(11.0972985011585,36.3522445789386,56.8437680376407));
#11537=CARTESIAN_POINT('',(10.1326256984756,-27.7115838705449,58.3521917017943));
#11538=CARTESIAN_POINT('',(10.1326256984756,18.9997124843636,57.1771733743154));
#11539=CARTESIAN_POINT('',(-55.0570667120557,18.9997124862015,50.2102571422606));
#11540=CARTESIAN_POINT('',(-22.1972801638944,18.9997124843636,53.7220297777323));
#11541=CARTESIAN_POINT('',(-22.1972801638944,-27.7984427202434,54.8992330313835));
#11542=CARTESIAN_POINT('',(27.3819574933759,20.3666343033803,58.986249513905));
#11543=CARTESIAN_POINT('',(-31.4611597417435,26.8161813563231,52.5353631625081));
#11544=CARTESIAN_POINT('',(-28.7799996731,25.4703059214068,52.8557579697141));
#11545=CARTESIAN_POINT('',(35.2548551360904,36.4171472603683,59.423888282767));
#11546=CARTESIAN_POINT('',(11.0972985011585,18.9997124862015,31.8304323508096));
#11547=CARTESIAN_POINT('',(11.0972985011585,18.9997124862015,57.1771734473785));
#11548=CARTESIAN_POINT('',(20.1326256984756,18.9997124862015,24.3201861817044));
#11549=CARTESIAN_POINT('',(10.1326256984756,18.9997124862015,24.3201861817044));
#11550=CARTESIAN_POINT('',(0.00457442876600211,18.9997124862015,33.100493250649));
#11551=CARTESIAN_POINT('',(7.61821892125081,18.9997124862015,26.4999997290637));
#11552=CARTESIAN_POINT('',(-22.1972801638944,18.9997124862015,26.4999997290637));
#11553=CARTESIAN_POINT('',(-22.1972801638944,18.9997124862015,26.4999997290637));
#11554=CARTESIAN_POINT('',(-22.1972801638944,18.9997124862015,-2.70936340029948E-7));
#11555=CARTESIAN_POINT('',(20.1326256984756,18.9997124843636,57.1771733743154));
#11556=CARTESIAN_POINT('',(-18.0689682514562,18.9997124862015,54.2593638639195));
#11557=CARTESIAN_POINT('',(3.4013602350986,-4.07908494537423E-7,28.7999997290637));
#11558=CARTESIAN_POINT('',(3.4013602350986,-16.4995898929585,28.7999997290637));
#11559=CARTESIAN_POINT('',(3.4013602350986,-14.2000005618385,28.7999997290637));
#11560=CARTESIAN_POINT('',(-42.0999996731044,-14.2000005618385,28.7999997290637));
#11561=CARTESIAN_POINT('',(2.4013602350986,-14.2000005618385,28.7999997290637));
#11562=CARTESIAN_POINT('',(2.4013602350986,-4.07908494537423E-7,28.7999997290637));
#11563=CARTESIAN_POINT('',(2.4013602350986,-16.4995898929585,28.7999997290637));
#11564=CARTESIAN_POINT('',(-42.0999996731044,-16.4995898929585,28.7999997290637));
#11565=CARTESIAN_POINT('',(11.0972985011585,-4.07908494537423E-7,28.7999997290637));
#11566=CARTESIAN_POINT('',(11.0972985011585,-16.9849494986991,28.7999997290637));
#11567=CARTESIAN_POINT('',(11.0972985011585,-8.5000005618435,28.7999997290637));
#11568=CARTESIAN_POINT('',(-42.0999996731044,-16.9849494986991,28.7999997290637));
#11569=CARTESIAN_POINT('',(-12.5986400720944,-16.9849494986991,28.7999997290637));
#11570=CARTESIAN_POINT('',(-12.5986400720944,-4.07908494537423E-7,28.7999997290637));
#11571=CARTESIAN_POINT('',(-12.5986400720944,-16.2002868360385,28.7999997290637));
#11572=CARTESIAN_POINT('',(-42.0999996731044,-16.2002868360385,28.7999997290637));
#11573=CARTESIAN_POINT('',(-1.9999996731043,-16.2002868360385,28.7999997290637));
#11574=CARTESIAN_POINT('',(-1.9999996731043,-4.07908494537423E-7,28.7999997290637));
#11575=CARTESIAN_POINT('',(-1.9999996731043,-12.0002868360385,28.7999997290637));
#11576=CARTESIAN_POINT('',(-0.999999673104296,-12.0002868360385,28.7999997290637));
#11577=CARTESIAN_POINT('',(2.93594004399025,-12.0002868360385,28.7999997290637));
#11578=CARTESIAN_POINT('',(6.40000032690061,-11.5000005616285,28.7999997290637));
#11579=CARTESIAN_POINT('',(6.40000032690061,-8.00000056162849,28.7999997290637));
#11580=CARTESIAN_POINT('',(6.40000032690061,-8.00000056162849,28.7999997290637));
#11581=CARTESIAN_POINT('',(9.10136023509559,-8.00000056162849,28.7999997290637));
#11582=CARTESIAN_POINT('',(9.10136023509559,-8.5000005618435,28.7999997290637));
#11583=CARTESIAN_POINT('',(9.10136023509559,-8.5000005618435,28.7999997290637));
#11584=CARTESIAN_POINT('',(11.0000003268956,-8.5000005618435,28.7999997290637));
#11585=CARTESIAN_POINT('',(-42.0999996731044,-4.07908494537423E-7,28.7999997290637));
#11586=CARTESIAN_POINT('',(20.1326256984756,-8.5000005618435,26.5396597924261));
#11587=CARTESIAN_POINT('',(11.0972985011585,-8.5000005618435,26.5396597924261));
#11588=CARTESIAN_POINT('',(10.1326256984756,-8.5000005618435,26.5396597924261));
#11589=CARTESIAN_POINT('',(11.0972985011585,-8.5000005618435,11.4999997290637));
#11590=CARTESIAN_POINT('',(9.10136023509559,-8.5000005618435,15.6231053546837));
#11591=CARTESIAN_POINT('',(9.10136023509559,-8.5000005618435,26.6231053546837));
#11592=CARTESIAN_POINT('',(10.1013602350956,-8.5000005618435,26.6231053546837));
#11593=CARTESIAN_POINT('',(9.1312177349506,-8.5000005618435,26.3805697296437));
#11594=CARTESIAN_POINT('',(9.1312177349506,-8.5000005618435,26.3805697296437));
#11595=CARTESIAN_POINT('',(9.9119941413546,-8.5000005618435,23.2574641040237));
#11596=CARTESIAN_POINT('',(10.8821366414956,-8.5000005618435,23.4999997290637));
#11597=CARTESIAN_POINT('',(10.1326256984756,-8.50000056184351,22.8380077757189));
#11598=CARTESIAN_POINT('',(20.1326256984756,-8.50000056184351,22.8380077757189));
#11599=CARTESIAN_POINT('',(11.0795365698893,-8.50000056184351,22.8380077757189));
#11600=CARTESIAN_POINT('',(11.1636834809542,-8.5000005618435,22.7629957955844));
#11601=CARTESIAN_POINT('',(20.1326256984756,-8.5000005618435,24.3201855506236));
#11602=CARTESIAN_POINT('',(10.1326256984756,-8.5000005618435,24.3201855506236));
#11603=CARTESIAN_POINT('',(0.00457411641557881,-8.5000005618435,33.100492890354));
#11604=CARTESIAN_POINT('',(9.63262569847559,-8.50000056184349,24.7536503325014));
#11605=CARTESIAN_POINT('',(9.63262569847559,-8.50000056184349,26.6999997290637));
#11606=CARTESIAN_POINT('',(9.63262569847559,-8.50000056184349,25.9629116678911));
#11607=CARTESIAN_POINT('',(9.43314581170637,-8.5000005618435,25.732812366738));
#11608=CARTESIAN_POINT('',(11.0000003268956,-8.5000005618435,11.4999997290637));
#11609=CARTESIAN_POINT('',(11.0972985011585,16.4999995920915,31.8304323508096));
#11610=CARTESIAN_POINT('',(11.0972985011585,16.4999995920915,48.1999997290637));
#11611=CARTESIAN_POINT('',(-44.9999996731044,16.4999995920915,48.1999997290637));
#11612=CARTESIAN_POINT('',(5.2000003268956,16.4999995920915,48.1999997290637));
#11613=CARTESIAN_POINT('',(5.2000003268956,16.4999995920915,29.4999737283037));
#11614=CARTESIAN_POINT('',(-44.9999996731044,16.4999995920915,49.9999997290637));
#11615=CARTESIAN_POINT('',(11.0972985011585,8.49999974602651,31.8304323508096));
#11616=CARTESIAN_POINT('',(11.0972985011585,8.49999974602651,26.539660143853));
#11617=CARTESIAN_POINT('',(11.0972980830542,8.49999974601431,38.9182489361298));
#11618=CARTESIAN_POINT('',(20.1326256984756,8.49999974602651,26.539660143853));
#11619=CARTESIAN_POINT('',(10.1326256984756,8.49999974602651,26.539660143853));
#11620=CARTESIAN_POINT('',(9.43314563776931,8.49999974602651,25.7328125175291));
#11621=CARTESIAN_POINT('',(9.63262569847559,8.49999974602649,25.9629120193181));
#11622=CARTESIAN_POINT('',(9.63262569847559,8.4999997460265,26.6999997290637));
#11623=CARTESIAN_POINT('',(9.63262569847559,8.4999997460265,24.7536503554501));
#11624=CARTESIAN_POINT('',(0.00457430950695503,8.49999974602651,33.1004931130842));
#11625=CARTESIAN_POINT('',(10.1326256984756,8.49999974602651,24.3201859407504));
#11626=CARTESIAN_POINT('',(20.1326256984756,8.49999974602651,24.3201859407504));
#11627=CARTESIAN_POINT('',(11.1636834809542,8.4999997460265,22.7629957955844));
#11628=CARTESIAN_POINT('',(11.0795365698893,8.4999997460265,22.8380077757189));
#11629=CARTESIAN_POINT('',(20.1326256984756,8.49999974602652,22.8380077757189));
#11630=CARTESIAN_POINT('',(10.1326256984756,8.49999974602652,22.8380077757189));
#11631=CARTESIAN_POINT('',(10.8821366414956,8.49999974602651,23.4999997290637));
#11632=CARTESIAN_POINT('',(9.9119941413546,8.49999974602651,23.2574641040237));
#11633=CARTESIAN_POINT('',(9.9119941413546,8.49999974602651,23.2574641040237));
#11634=CARTESIAN_POINT('',(9.1312177349506,8.49999974602651,26.3805697296437));
#11635=CARTESIAN_POINT('',(10.1013602350956,8.49999974602651,26.6231053546837));
#11636=CARTESIAN_POINT('',(9.10136023509559,8.49999974602651,26.6231053546837));
#11637=CARTESIAN_POINT('',(9.10136023509559,8.49999974602651,15.6231053546837));
#11638=CARTESIAN_POINT('',(9.10136023509559,8.49999974602651,48.1999997290637));
#11639=CARTESIAN_POINT('',(9.10136023509559,8.49999974602651,48.1999997290637));
#11640=CARTESIAN_POINT('',(11.0972985011585,8.49999974602651,48.1999997290637));
#11641=CARTESIAN_POINT('',(11.0972985011585,8.49999974602651,31.8304323508096));
#11642=CARTESIAN_POINT('',(11.0972980830542,8.49999974602651,47.2067650800875));
#11643=CARTESIAN_POINT('',(12.0663060057279,8.49999974602651,47.7897086991395));
#11644=CARTESIAN_POINT('',(10.1326256984756,8.49999974602651,46.6264297056562));
#11645=CARTESIAN_POINT('',(10.1326256984756,8.49999974602651,23.3925534461339));
#11646=CARTESIAN_POINT('',(10.1326256984756,8.49999974602651,40.013464804293));
#11647=CARTESIAN_POINT('',(10.1326256984756,8.49999974602651,40.0134648042929));
#11648=CARTESIAN_POINT('',(10.4851591112081,8.49999974602651,39.6782079529792));
#11649=CARTESIAN_POINT('',(10.8104876148489,8.49999974602651,39.3112069847442));
#11650=CARTESIAN_POINT('',(11.0972985011585,8.49999974602651,38.918248362317));
#11651=CARTESIAN_POINT('',(9.10136023509559,8.49999974602651,11.4999997290637));
#11652=CARTESIAN_POINT('',(6.40000032690061,-11.5000005616285,31.2999737283037));
#11653=CARTESIAN_POINT('',(9.50000032689582,-9.8751928806922,31.2999737283037));
#11654=CARTESIAN_POINT('',(9.50000032689582,-13.1248082425648,31.2999737283037));
#11655=CARTESIAN_POINT('',(9.50000032689582,-15.5000004079101,31.2999737283037));
#11656=CARTESIAN_POINT('',(11.0972985011585,-16.5000004079085,31.2999737283037));
#11657=CARTESIAN_POINT('',(9.10136023509559,-8.5000005618435,31.2999737283037));
#11658=CARTESIAN_POINT('',(9.10136023509559,-8.00000056162849,31.2999737283037));
#11659=CARTESIAN_POINT('',(3.2689559392729E-7,-8.00000056162849,31.2999737283037));
#11660=CARTESIAN_POINT('',(6.40000032690061,-8.00000056162849,31.2999737283037));
#11661=CARTESIAN_POINT('',(6.40000032690061,-11.5000005616285,31.2999737283037));
#11662=CARTESIAN_POINT('',(2.93594004399025,-12.0002868360385,31.2999737283037));
#11663=CARTESIAN_POINT('',(3.2689559392729E-7,-12.0002868360385,31.2999737283037));
#11664=CARTESIAN_POINT('',(-1.9999996731043,-12.0002868360385,31.2999737283037));
#11665=CARTESIAN_POINT('',(-1.9999996731043,-15.0002868360631,31.2999737283037));
#11666=CARTESIAN_POINT('',(-1.9999996731043,-16.2002868360385,31.2999737283037));
#11667=CARTESIAN_POINT('',(3.0000003268956,-16.2002868360385,31.2999737283037));
#11668=CARTESIAN_POINT('',(5.2000003268956,-16.2002868360385,31.2999737283037));
#11669=CARTESIAN_POINT('',(5.2000003268956,-16.5000004079085,31.2999737283037));
#11670=CARTESIAN_POINT('',(3.2689559392729E-7,-16.5000004079085,31.2999737283037));
#11671=CARTESIAN_POINT('',(11.0972985011585,16.9843744711021,-101.800000270936));
#11672=CARTESIAN_POINT('',(11.0972985011585,16.9843744711021,26.5396603192435));
#11673=CARTESIAN_POINT('',(-12.5986400720944,16.9843744711021,14.4999997290637));
#11674=CARTESIAN_POINT('',(-12.5986400720944,16.9843744711021,26.4999997290637));
#11675=CARTESIAN_POINT('',(10.1326256984756,16.9843744711021,26.4999997290637));
#11676=CARTESIAN_POINT('',(10.0982427601952,16.9843744711021,26.4999997290637));
#11677=CARTESIAN_POINT('',(9.43314555096064,16.9843744711021,25.7328125927861));
#11678=CARTESIAN_POINT('',(10.1326256984756,16.9843744711021,26.5396603192435));
#11679=CARTESIAN_POINT('',(20.1326256984756,16.9843744711021,26.5396603192435));
#11680=CARTESIAN_POINT('',(10.1326256984756,16.9843744711021,-101.800000270936));
#11681=CARTESIAN_POINT('',(11.0972985011585,-16.9849494986991,-101.800000270936));
#11682=CARTESIAN_POINT('',(11.0972985011585,-16.9849494986991,26.5396596170237));
#11683=CARTESIAN_POINT('',(20.1326256984756,-16.9849494986991,26.5396596170237));
#11684=CARTESIAN_POINT('',(10.1326256984756,-16.9849494986991,26.5396596170237));
#11685=CARTESIAN_POINT('',(9.43314589852093,-16.9849494986991,25.7328122914759));
#11686=CARTESIAN_POINT('',(10.0982433691077,-16.9849494986991,26.4999997290636));
#11687=CARTESIAN_POINT('',(-22.1972801638944,-16.9849494986991,26.4999997290636));
#11688=CARTESIAN_POINT('',(-12.5986400720944,-16.9849494986991,26.4999997290636));
#11689=CARTESIAN_POINT('',(-12.5986400720944,-16.9849494986991,14.4999997290637));
#11690=CARTESIAN_POINT('',(-22.1972801638944,-16.9849494986991,-101.800000270936));
#11691=CARTESIAN_POINT('',(11.0972985011585,-22.9933715469438,26.5396594928166));
#11692=CARTESIAN_POINT('',(10.1326256984756,-22.9933715469438,26.5396594928166));
#11693=CARTESIAN_POINT('',(20.1326256984756,-22.9933715469438,26.5396594928166));
#11694=CARTESIAN_POINT('',(11.0972985011585,-22.9933715469438,26.5396594928166));
#11695=CARTESIAN_POINT('',(10.1326256984756,-22.9933715469438,26.5396594928166));
#11696=CARTESIAN_POINT('',(20.1326256984756,-22.9933715469438,26.5396594928166));
#11697=CARTESIAN_POINT('',(26.1010197895703,-20.0924100011447,61.7325224100042));
#11698=CARTESIAN_POINT('',(-46.4283864186819,-28.1852496577633,51.8477221686852));
#11699=CARTESIAN_POINT('',(22.170599186942,-20.5309667932521,61.1968579870832));
#11700=CARTESIAN_POINT('',(4.12271425070085,-7.85080614587624,58.9490862892725));
#11701=CARTESIAN_POINT('',(-45.5083126862011,27.0191742910238,52.7677959011653));
#11702=CARTESIAN_POINT('',(-45.9591587373673,-0.0315887789219725,52.3169498499993));
#11703=CARTESIAN_POINT('',(35.0566627725449,37.0312568099443,63.7624865692599));
#11704=CARTESIAN_POINT('',(-50.5985992495108,25.466006590255,29.7495208739229));
#11705=CARTESIAN_POINT('',(-49.6485992495108,25.466006590255,29.7495208739229));
#11706=CARTESIAN_POINT('',(-28.7799996731,25.4703059214068,29.7495208739229));
#11707=CARTESIAN_POINT('',(-27.8299996731,25.4703059214068,29.7495208739229));
#11708=CARTESIAN_POINT('',(-48.0251011781243,40.906995018556,29.7495208739229));
#11709=CARTESIAN_POINT('',(-35.9445569866847,38.8935709866471,29.7495208739229));
#11710=CARTESIAN_POINT('',(-33.9445569866847,38.5602376533134,29.7495208739229));
#11711=CARTESIAN_POINT('',(-33.9445569866846,25.4660065902551,29.7495208739229));
#11712=CARTESIAN_POINT('',(-33.9445569866846,32.9256530285994,29.7495208739229));
#11713=CARTESIAN_POINT('',(-34.9445569866846,30.6343651811215,29.7495208739229));
#11714=CARTESIAN_POINT('',(-33.7258980121958,32.8172234687567,29.7495208739229));
#11715=CARTESIAN_POINT('',(-47.959238623121,21.9947964233594,29.7495208739229));
#11716=CARTESIAN_POINT('',(-29.7799996731,35.8175167990968,29.7495208739229));
#11717=CARTESIAN_POINT('',(-29.7799996731,25.4660065902551,29.7495208739229));
#11718=CARTESIAN_POINT('',(-29.7799996731001,37.8661447677151,29.7495208739229));
#11719=CARTESIAN_POINT('',(-48.0251011781243,40.906995018556,29.7495208739229));
#11720=CARTESIAN_POINT('',(-27.7799996731,37.5328114343814,29.7495208739229));
#11721=CARTESIAN_POINT('',(-27.7799996731,25.4660065902551,29.7495208739229));
#11722=CARTESIAN_POINT('',(-27.7799996731,37.3382317656297,29.7495208739229));
#11723=CARTESIAN_POINT('',(-47.959238623121,21.9947964233594,29.7495208739229));
#11724=CARTESIAN_POINT('',(-27.57010258599,37.4978285865297,29.7495208739229));
#11725=CARTESIAN_POINT('',(-48.0251011781243,40.906995018556,29.7495208739229));
#11726=CARTESIAN_POINT('',(-24.8598348611995,37.0461172990641,29.7495208739229));
#11727=CARTESIAN_POINT('',(-46.7487113614455,20.4027462518069,29.7495208739229));
#11728=CARTESIAN_POINT('',(-27.7799996731,34.8257481319642,29.7495208739229));
#11729=CARTESIAN_POINT('',(-27.7799996731,25.4660065902551,29.7495208739229));
#11730=CARTESIAN_POINT('',(-27.7799996731,28.298733046153,29.7495208739229));
#11731=CARTESIAN_POINT('',(-28.7799996731,25.4703059214068,29.7495208739229));
#11732=CARTESIAN_POINT('',(-31.6082296940337,24.4697486023644,29.7495208739229));
#11733=CARTESIAN_POINT('',(-50.5984022006097,24.4660066096691,29.7495208739229));
#11734=CARTESIAN_POINT('',(-47.769975130775,24.4665639481257,29.7495208739229));
#11735=CARTESIAN_POINT('',(-50.5985992495108,25.466006590255,29.7495208739229));
#11736=CARTESIAN_POINT('',(-51.5985992495108,28.2944337150012,29.7495208739229));
#11737=CARTESIAN_POINT('',(-51.5985992495108,25.466006590255,29.7495208739229));
#11738=CARTESIAN_POINT('',(-51.5985992495108,29.9542123615529,29.7495208739229));
#11739=CARTESIAN_POINT('',(-53.061379575784,28.9073943844252,29.7495208739229));
#11740=CARTESIAN_POINT('',(-49.5985992495108,31.3854839726427,29.7495208739229));
#11741=CARTESIAN_POINT('',(-49.5985992495108,25.466006590255,29.7495208739229));
#11742=CARTESIAN_POINT('',(-49.5985992495108,28.2944337150012,29.7495208739229));
#11743=CARTESIAN_POINT('',(-50.5985992495108,25.466006590255,29.7495208739229));
#11744=CARTESIAN_POINT('',(-47.7703692285771,26.4665639092974,29.7495208739229));
#11745=CARTESIAN_POINT('',(-50.5987962984118,26.4660065708409,29.7495208739229));
#11746=CARTESIAN_POINT('',(-31.6086237918357,26.4697485635362,29.7495208739229));
#11747=CARTESIAN_POINT('',(-28.7799996731,25.4703059214068,29.7495208739229));
#11748=CARTESIAN_POINT('',(-29.7799996731,28.298733046153,29.7495208739229));
#11749=CARTESIAN_POINT('',(-29.7799996731,25.4660065902551,29.7495208739229));
#11750=CARTESIAN_POINT('',(-29.7799996731,33.3050331654313,29.7495208739229));
#11751=CARTESIAN_POINT('',(-46.7487113614455,20.4027462518069,29.7495208739229));
#11752=CARTESIAN_POINT('',(-32.5153707505202,31.2251732972042,29.7495208739229));
#11753=CARTESIAN_POINT('',(-34.9445569866846,30.6343651811215,29.7495208739229));
#11754=CARTESIAN_POINT('',(-35.9445569866846,32.9256530285994,29.7495208739229));
#11755=CARTESIAN_POINT('',(-35.9445569866846,25.4660065902551,29.7495208739229));
#11756=CARTESIAN_POINT('',(-50.5985992495108,25.466006590255,29.7495208739229));
#11757=CARTESIAN_POINT('',(-12.8814055799492,38.9551106084155,1.89999972906366));
#11758=CARTESIAN_POINT('',(-12.8814055799492,38.9551106084155,22.9296464234911));
#11759=CARTESIAN_POINT('',(-12.8814055799492,38.9551106084155,8.09999972906365));
#11760=CARTESIAN_POINT('',(-66.0949981204801,38.9551106084153,38.4171845509828));
#11761=CARTESIAN_POINT('',(-38.7651297275082,38.9551106084154,30.4629691231653));
#11762=CARTESIAN_POINT('',(-20.5423284317701,38.9551106084155,81.2511958035029));
#11763=CARTESIAN_POINT('',(-43.8870022861198,38.9551106084154,16.1879506826467));
#11764=CARTESIAN_POINT('',(-43.8870022861198,38.9551106084154,91.9999997290637));
#11765=CARTESIAN_POINT('',(-43.8870022861198,38.9551106084154,8.09999972906366));
#11766=CARTESIAN_POINT('',(-50.4999996731044,38.9551106084154,8.09999972906366));
#11767=CARTESIAN_POINT('',(-50.4999996731044,38.9551106084154,91.9999997290637));
#11768=CARTESIAN_POINT('',(-29.7799996731,35.8175167990968,108.099999729064));
#11769=CARTESIAN_POINT('',(-29.7799996731001,35.8175167990968,33.3269756847949));
#11770=CARTESIAN_POINT('',(-33.7258980121958,32.8172234687567,7.99999972906366));
#11771=CARTESIAN_POINT('',(-33.7258980121958,32.8172234687567,39.7147269872187));
#11772=CARTESIAN_POINT('',(-56.2790693347837,15.6687508822366,76.224549874005));
#11773=CARTESIAN_POINT('',(-23.5817658534568,40.5303902668977,108.099999729064));
#11774=CARTESIAN_POINT('',(-27.7799996731,34.8257481319642,108.099999729064));
#11775=CARTESIAN_POINT('',(-27.7799996731,34.8257481319642,34.476780670683));
#11776=CARTESIAN_POINT('',(-54.1324925896685,14.7884329401252,77.1370715560537));
#11777=CARTESIAN_POINT('',(-22.3712385917813,38.9383400953452,108.099999729064));
#11778=CARTESIAN_POINT('',(-33.9445569866846,32.9256530285994,7.99999972906366));
#11779=CARTESIAN_POINT('',(-33.9445569866846,32.9256530285994,39.5890193976805));
#11780=CARTESIAN_POINT('',(-34.9445569866846,30.6343651811215,43.8812683253677));
#11781=CARTESIAN_POINT('',(-34.9445569866846,30.6343651811215,7.99999972906366));
#11782=CARTESIAN_POINT('',(-9.99999967310439,39.9551106084155,8.09999972906366));
#11783=CARTESIAN_POINT('',(-12.8814055799492,40.9551106084155,8.09999972906365));
#11784=CARTESIAN_POINT('',(-33.2997633621829,46.531717864243,8.09999972906366));
#11785=CARTESIAN_POINT('',(-41.0922846594951,40.9551106084155,8.09999972906366));
#11786=CARTESIAN_POINT('',(-9.99999967310439,40.9551106084155,8.09999972906366));
#11787=CARTESIAN_POINT('',(3.2689559392729E-7,-4.07908494537423E-7,8.09999972906366));
#11788=CARTESIAN_POINT('',(14.0336523271931,-39.0000004079085,15.9924606829594));
#11789=CARTESIAN_POINT('',(-12.8814055799492,-39.0000004079085,27.7372132242967));
#11790=CARTESIAN_POINT('',(-9.99999967310439,-40.0000004079085,23.8616906467573));
#11791=CARTESIAN_POINT('',(36.3854717261045,-15.7103876604528,67.2153801386284));
#11792=CARTESIAN_POINT('',(-9.99999967310439,-39.0000004079085,8.09999972906366));
#11793=CARTESIAN_POINT('',(-43.8130848715557,-39.0000004079085,8.09999972906366));
#11794=CARTESIAN_POINT('',(-12.8814055799492,-39.0000004079085,8.09999972906366));
#11795=CARTESIAN_POINT('',(-9.99999967310439,-40.0000004079085,8.09999972906366));
#11796=CARTESIAN_POINT('',(-12.8814055799492,-41.0000004079085,8.09999972906366));
#11797=CARTESIAN_POINT('',(-53.5999996731044,-41.0000004079086,8.09999972906366));
#11798=CARTESIAN_POINT('',(-41.0087531332045,-41.0000004079086,8.09999972906366));
#11799=CARTESIAN_POINT('',(-33.2081111350703,-46.5632808796552,8.09999972906366));
#11800=CARTESIAN_POINT('',(3.2689559392729E-7,-4.07908494537423E-7,8.09999972906366));
#11801=CARTESIAN_POINT('',(-27.7799996731,25.9293023988612,50.0123650105846));
#11802=CARTESIAN_POINT('',(-27.7799996731,37.3382317656297,30.0893092506983));
#11803=CARTESIAN_POINT('',(-29.7799996731,26.1803201125814,50.1561101970739));
#11804=CARTESIAN_POINT('',(-33.9445569866845,2.81545575910105,92.169513136972));
#11805=CARTESIAN_POINT('',(-35.9445569866845,3.06647347282127,92.3132583234613));
#11806=CARTESIAN_POINT('',(-35.9445569866846,32.9256530285994,40.1711089499202));
#11807=CARTESIAN_POINT('',(-34.9445569866846,30.6343651811215,43.8812683253677));
#11808=CARTESIAN_POINT('',(-37.4260983410863,30.3311284643569,45.1330407473434));
#11809=CARTESIAN_POINT('',(18.9277374053881,43.4132689054615,5.88661942394515));
#11810=CARTESIAN_POINT('',(-45.7333872947019,28.4026506715594,50.9184741257484));
#11811=CARTESIAN_POINT('',(-45.1490287455747,27.6766916399678,52.016119125573));
#11812=CARTESIAN_POINT('',(-45.9457468042543,28.666468671885,50.5195831466167));
#11813=CARTESIAN_POINT('',(-29.5748036010398,52.1233347017718,4.79291571436477));
#11814=CARTESIAN_POINT('',(-9.99999967310439,39.9551106084155,20.3447596297061));
#11815=CARTESIAN_POINT('',(-12.8814055799492,40.9551106084155,19.4371091100571));
#11816=CARTESIAN_POINT('',(-29.6948338241408,40.9551106084155,24.3305695691949));
#11817=CARTESIAN_POINT('',(-37.3692959292201,40.9551106084155,26.5641816744079));
#11818=CARTESIAN_POINT('',(-29.5748036010398,52.1233347017718,4.79291571436477));
#11819=CARTESIAN_POINT('',(-33.6544245474115,46.2779096212565,16.1879506826468));
#11820=CARTESIAN_POINT('',(-45.5364220378217,37.7747267757246,34.494985667586));
#11821=CARTESIAN_POINT('',(-32.2343566483101,47.2941610561584,13.9999997290637));
#11822=CARTESIAN_POINT('',(7.82302318710684,40.6179310835811,13.9999997290637));
#11823=CARTESIAN_POINT('',(-27.7799996731,25.9293023988612,50.0123650105846));
#11824=CARTESIAN_POINT('',(-56.2790693347837,15.6687508822366,76.224549874005));
#11825=CARTESIAN_POINT('',(17.4403326376554,44.6484389485976,4.16258207952515));
#11826=CARTESIAN_POINT('',(-33.9445569866846,30.6343651811215,108.099999729064));
#11827=CARTESIAN_POINT('',(-27.7799996731,37.3382317656297,108.099999729064));
#11828=CARTESIAN_POINT('',(-23.5817658534568,40.5303902668977,108.099999729064));
#11829=CARTESIAN_POINT('',(-22.1972801638944,-19.0002875137985,26.4999997290636));
#11830=CARTESIAN_POINT('',(-22.1972801638944,-16.9849494986991,26.4999997290636));
#11831=CARTESIAN_POINT('',(-22.1972801638944,-16.9849494986991,26.4999997290636));
#11832=CARTESIAN_POINT('',(-13.5986400720944,-16.9849494986991,26.4999997290636));
#11833=CARTESIAN_POINT('',(-13.5986400720944,-16.5000004079085,26.4999997290636));
#11834=CARTESIAN_POINT('',(-13.5986400720944,-18.0002875137985,26.4999997290636));
#11835=CARTESIAN_POINT('',(-16.5851940682882,-18.0002875137985,26.4999997290636));
#11836=CARTESIAN_POINT('',(-12.5986400720944,-18.0002875137985,26.4999997290636));
#11837=CARTESIAN_POINT('',(-12.5986400720944,-14.2000005618385,26.4999997290636));
#11838=CARTESIAN_POINT('',(10.0982434767866,-22.9933715183451,26.4999997290636));
#11839=CARTESIAN_POINT('',(10.0982433693826,-17.0002875137985,26.4999997290636));
#11840=CARTESIAN_POINT('',(-16.5851940682882,-17.0002875137985,26.4999997290636));
#11841=CARTESIAN_POINT('',(7.61821799496312,-17.0002875137985,26.4999997290636));
#11842=CARTESIAN_POINT('',(7.61821844493169,-0.0018443377131669,26.4999997290636));
#11843=CARTESIAN_POINT('',(23.0000003268956,16.0153376071909,26.4999997290636));
#11844=CARTESIAN_POINT('',(-22.1972801638944,-131.000287513798,48.1999997290637));
#11845=CARTESIAN_POINT('',(-22.1972801638944,-16.9849494986991,48.1999997290637));
#11846=CARTESIAN_POINT('',(-22.1972801638944,-15.1876742042824,48.1999997290637));
#11847=CARTESIAN_POINT('',(-22.1972801638944,-16.9849494986991,-101.800000270936));
#11848=CARTESIAN_POINT('',(-22.1972801638944,16.9843744711021,26.4999997290637));
#11849=CARTESIAN_POINT('',(-22.1972801638944,16.9843744711021,26.4999997290637));
#11850=CARTESIAN_POINT('',(-22.1972801638944,16.9843744711021,-101.800000270936));
#11851=CARTESIAN_POINT('',(-22.1972801638944,16.9843744711021,48.1999997290637));
#11852=CARTESIAN_POINT('',(-22.1972801638944,-131.000287513798,48.1999997290637));
#11853=CARTESIAN_POINT('',(-22.1972801638944,10.4999997460215,48.1999997290637));
#11854=CARTESIAN_POINT('',(-22.1972801638944,10.4999997460215,14.4999997290637));
#11855=CARTESIAN_POINT('',(-22.1972801638944,10.4999997460215,22.4999997290637));
#11856=CARTESIAN_POINT('',(-22.1972801638944,8.99999959209151,22.4999997290637));
#11857=CARTESIAN_POINT('',(-22.1972801638944,8.99999959209151,22.4999997290637));
#11858=CARTESIAN_POINT('',(-22.1972801638944,8.99999959209151,22.9999997290637));
#11859=CARTESIAN_POINT('',(-22.1972801638944,8.49999959209151,22.9999997290637));
#11860=CARTESIAN_POINT('',(-22.1972801638944,8.49999959209151,17.9999997290637));
#11861=CARTESIAN_POINT('',(-22.1972801638944,8.49999959209151,33.4999997290637));
#11862=CARTESIAN_POINT('',(-22.1972801638944,5.49999959209151,33.4999997290637));
#11863=CARTESIAN_POINT('',(-22.1972801638944,5.49999959209151,36.4999997290637));
#11864=CARTESIAN_POINT('',(-22.1972801638944,-5.50000040790849,36.4999997290637));
#11865=CARTESIAN_POINT('',(-22.1972801638944,-5.50000040790849,36.4999997290637));
#11866=CARTESIAN_POINT('',(-22.1972801638944,-5.50000040790849,33.4999997290637));
#11867=CARTESIAN_POINT('',(-22.1972801638944,-8.5000004079085,33.4999997290637));
#11868=CARTESIAN_POINT('',(-22.1972801638944,-8.5000004079085,17.9999997290637));
#11869=CARTESIAN_POINT('',(-22.1972801638944,-8.5000004079085,22.9999997290637));
#11870=CARTESIAN_POINT('',(-22.1972801638944,-9.0000004079085,22.9999997290637));
#11871=CARTESIAN_POINT('',(-22.1972801638944,-9.0000004079085,22.4999997290637));
#11872=CARTESIAN_POINT('',(-22.1972801638944,-10.5000005618385,22.4999997290637));
#11873=CARTESIAN_POINT('',(-22.1972801638944,-10.5000005618385,22.4999997290637));
#11874=CARTESIAN_POINT('',(-22.1972801638944,-10.5000005618385,14.4999997290637));
#11875=CARTESIAN_POINT('',(-22.1972801638944,-10.5000005618385,48.1999997290637));
#11876=CARTESIAN_POINT('',(-22.1972801638944,-131.000287513798,48.1999997290637));
#11877=CARTESIAN_POINT('',(-22.1972801638944,-12.8129021343946,48.1999997290637));
#11878=CARTESIAN_POINT('',(-22.1972801638944,-14.0002881693385,45.9999737283037));
#11879=CARTESIAN_POINT('',(-22.1972801638944,-10.5000005618385,14.4999997290637));
#11880=CARTESIAN_POINT('',(9.10136023509559,-3.75603149227052E-7,39.99999971425));
#11881=CARTESIAN_POINT('',(9.10136023509559,-3.75603149227052E-7,47.69999971425));
#11882=CARTESIAN_POINT('',(9.10136023509559,8.49999974602651,26.6231053546837));
#11883=CARTESIAN_POINT('',(9.10136023509559,-8.00000056162849,11.4999997290637));
#11884=CARTESIAN_POINT('',(9.10136023509559,-8.5000005618435,48.1999997290637));
#11885=CARTESIAN_POINT('',(9.10136023509559,-8.5000005618435,11.4999997290637));
#11886=CARTESIAN_POINT('',(9.50000032689582,-9.8751928806922,27.4999997290637));
#11887=CARTESIAN_POINT('',(9.50000032689582,-9.8751928806922,41.799999714251));
#11888=CARTESIAN_POINT('',(6.40000032690061,-11.5000005616285,41.799999714251));
#11889=CARTESIAN_POINT('',(6.40000032690061,-8.00000056162849,41.799999714251));
#11890=CARTESIAN_POINT('',(6.40000032690061,-8.00000056162849,27.4999997290637));
#11891=CARTESIAN_POINT('',(6.40000032690061,-8.00000056162849,48.1999997290637));
#11892=CARTESIAN_POINT('',(6.40000032690061,-11.5000005616285,48.1999997290637));
#11893=CARTESIAN_POINT('',(6.40000032690061,-15.0000005616285,48.1999997290637));
#11894=CARTESIAN_POINT('',(6.40000032690061,-15.0000005616285,27.4999997290637));
#11895=CARTESIAN_POINT('',(6.40000032690061,-15.0000005616285,41.799999714251));
#11896=CARTESIAN_POINT('',(6.40000032690061,-11.5000005616285,41.799999714251));
#11897=CARTESIAN_POINT('',(9.50000032689582,-13.1248082425648,41.799999714251));
#11898=CARTESIAN_POINT('',(9.50000032689582,-13.1248082425648,27.4999997290637));
#11899=CARTESIAN_POINT('',(6.40000032690061,-11.5000005616285,27.4999997290637));
#11900=CARTESIAN_POINT('',(-6.87399008833511,-15.1876742042824,48.1999997290637));
#11901=CARTESIAN_POINT('',(-17.4126505618719,-15.1876742042824,48.1999997290637));
#11902=CARTESIAN_POINT('',(-17.4126501598853,-0.00184367511695899,48.1999997290637));
#11903=CARTESIAN_POINT('',(-17.4126506094479,-16.9849494986991,48.1999997290637));
#11904=CARTESIAN_POINT('',(-22.1972801638944,-16.9849494986991,48.1999997290637));
#11905=CARTESIAN_POINT('',(10.1326256984756,-131.000287513798,48.1999997290637));
#11906=CARTESIAN_POINT('',(-1.9999996731043,-16.2002868360385,47.9999723950037));
#11907=CARTESIAN_POINT('',(-12.5986400720944,-16.2002868360385,47.9999723950037));
#11908=CARTESIAN_POINT('',(-12.5986400720944,-16.2002868360385,44.8125370493526));
#11909=CARTESIAN_POINT('',(-6.87399008833511,-16.2002868360385,44.8125370493526));
#11910=CARTESIAN_POINT('',(-0.999999673104296,-16.2002868360385,44.8125370493526));
#11911=CARTESIAN_POINT('',(-0.999999673104296,-16.2002868360385,48.6999997290637));
#11912=CARTESIAN_POINT('',(-0.999999673104296,-16.2002868360385,43.9999723950037));
#11913=CARTESIAN_POINT('',(5.2000003268956,-16.2002868360385,43.9999723950037));
#11914=CARTESIAN_POINT('',(5.2000003268956,-16.2002868360385,43.9999723950037));
#11915=CARTESIAN_POINT('',(5.2000003268956,-16.2002868360385,43.9999723950037));
#11916=CARTESIAN_POINT('',(3.0000003268956,-16.2002868360385,47.9999723950037));
#11917=CARTESIAN_POINT('',(6.40000032690061,-11.5000005616285,41.799999714251));
#11918=CARTESIAN_POINT('',(6.40000032690061,-11.5000005616285,48.1999997290637));
#11919=CARTESIAN_POINT('',(5.2000003268956,-14.7878570061814,48.1999997290637));
#11920=CARTESIAN_POINT('',(5.2000003268956,-14.7878570061814,27.4999997290637));
#11921=CARTESIAN_POINT('',(5.2000003268956,-14.7878570061814,43.9999723950037));
#11922=CARTESIAN_POINT('',(6.40000032690061,-11.5000005616285,43.9999723950037));
#11923=CARTESIAN_POINT('',(2.93594004399025,-12.0002868360385,43.9999723950037));
#11924=CARTESIAN_POINT('',(2.93594004399025,-12.0002868360385,27.4999997290637));
#11925=CARTESIAN_POINT('',(2.93594004399025,-12.0002868360385,47.4999723950037));
#11926=CARTESIAN_POINT('',(6.40000032690061,-11.5000005616285,47.4999723950037));
#11927=CARTESIAN_POINT('',(5.2000003268956,-8.2121441170756,47.4999723950037));
#11928=CARTESIAN_POINT('',(5.2000003268956,-8.2121441170756,27.4999997290637));
#11929=CARTESIAN_POINT('',(5.2000003268956,-8.2121441170756,48.1999997290637));
#11930=CARTESIAN_POINT('',(6.40000032690061,-11.5000005616285,48.1999997290637));
#11931=CARTESIAN_POINT('',(6.40000032690061,-11.5000005616285,27.4999997290637));
#11932=CARTESIAN_POINT('',(6.40000032690061,-8.00000056162849,27.4999997290637));
#11933=CARTESIAN_POINT('',(2.93594004399025,-12.0002868360385,27.4999997290637));
#11934=CARTESIAN_POINT('',(6.40000032690061,-11.5000005616285,27.4999997290637));
#11935=CARTESIAN_POINT('',(5.73957717140847,43.2121583834854,11.9999997290637));
#11936=CARTESIAN_POINT('',(5.6356608609012,45.6147748728567,11.9999997290637));
#11937=CARTESIAN_POINT('',(5.63606129081035,45.6055166582624,11.9999997290637));
#11938=CARTESIAN_POINT('',(6.33999885485229,29.3299965729241,11.9999997290637));
#11939=CARTESIAN_POINT('',(21.5000011656706,35.3186881014353,11.9999997290637));
#11940=CARTESIAN_POINT('',(21.5000011693737,35.7770447011186,11.9999997290637));
#11941=CARTESIAN_POINT('',(21.5000005949855,-35.3186771953461,11.9999997290637));
#11942=CARTESIAN_POINT('',(6.3399887063342,-29.3299952721484,11.9999997290637));
#11943=CARTESIAN_POINT('',(6.94900435661894,-45.6186223345804,11.9999997290637));
#11944=CARTESIAN_POINT('',(3.63290682063996,43.0731478045908,11.9999997290637));
#11945=CARTESIAN_POINT('',(6.94900366008266,-45.6186037051421,11.9999997290637));
#11946=CARTESIAN_POINT('',(6.93935719787112,-45.6190016876433,11.9999997290637));
#11947=CARTESIAN_POINT('',(-30.3432837896588,-47.1571654606035,11.9999997290637));
#11948=CARTESIAN_POINT('',(-40.5576701592352,-48.8595631888699,11.9999997290637));
#11949=CARTESIAN_POINT('',(8.68582561869241,-40.6523138925315,11.9999997290637));
#11950=CARTESIAN_POINT('',(20.9941829683032,-35.3695303212209,11.9999997290637));
#11951=CARTESIAN_POINT('',(20.1231112218622,-36.1022941613712,11.9999997290637));
#11952=CARTESIAN_POINT('',(19.1982041525774,-36.7432087015912,11.9999997290637));
#11953=CARTESIAN_POINT('',(17.2594911599585,-37.8731938624762,11.9999997290637));
#11954=CARTESIAN_POINT('',(16.2456741743937,-38.3622780655255,11.9999997290637));
#11955=CARTESIAN_POINT('',(14.669777303728,-39.0017090308314,11.9999997290637));
#11956=CARTESIAN_POINT('',(14.1382990250868,-39.1978513981795,11.9999997290637));
#11957=CARTESIAN_POINT('',(13.0679073428924,-39.5589998485792,11.9999997290637));
#11958=CARTESIAN_POINT('',(12.5284014082911,-39.7242369501066,11.9999997290636));
#11959=CARTESIAN_POINT('',(10.8984241520282,-40.1791707078892,11.9999997290636));
#11960=CARTESIAN_POINT('',(9.79655274336821,-40.4283512963355,11.9999997290637));
#11961=CARTESIAN_POINT('',(8.68239953796024,-40.6337276279949,11.9999997290637));
#11962=CARTESIAN_POINT('',(20.9941829683032,-35.3695303212209,11.9999997290637));
#11963=CARTESIAN_POINT('',(20.9941829683032,-0.580836279642714,11.9999997290637));
#11964=CARTESIAN_POINT('',(20.9941829683032,-12.1770676268354,11.9999997290637));
#11965=CARTESIAN_POINT('',(20.9941829683032,-23.7732989740282,11.9999997290637));
#11966=CARTESIAN_POINT('',(20.9941829683032,-35.3695303212209,11.9999997290637));
#11967=CARTESIAN_POINT('',(20.9941829683032,-0.580836279642715,11.9999997290637));
#11968=CARTESIAN_POINT('',(18.0000003268956,-4.07908487598529E-7,11.9999997290637));
#11969=CARTESIAN_POINT('',(20.9941829683032,0.580835463825721,11.9999997290637));
#11970=CARTESIAN_POINT('',(20.9941829683032,35.3695421523508,11.9999997290637));
#11971=CARTESIAN_POINT('',(20.9941829683032,23.7733065895091,11.9999997290637));
#11972=CARTESIAN_POINT('',(20.9941829683032,12.1770710266674,11.9999997290637));
#11973=CARTESIAN_POINT('',(20.9941829683032,0.580835463825726,11.9999997290637));
#11974=CARTESIAN_POINT('',(20.9941829683032,35.3695421523508,11.9999997290637));
#11975=CARTESIAN_POINT('',(20.9941829683032,35.3695421523508,11.9999997290637));
#11976=CARTESIAN_POINT('',(20.5768454132005,35.7206152651747,11.9999997290637));
#11977=CARTESIAN_POINT('',(20.1403015890833,36.056207181195,11.9999997290637));
#11978=CARTESIAN_POINT('',(19.2288014028201,36.6964286196282,11.9999997290637));
#11979=CARTESIAN_POINT('',(18.7264657294865,37.0170785399567,11.9999997290637));
#11980=CARTESIAN_POINT('',(17.7928990895401,37.5633343953443,11.9999997290637));
#11981=CARTESIAN_POINT('',(17.065646732801,37.9530716933151,11.9999997290637));
#11982=CARTESIAN_POINT('',(16.2977783108931,38.3128771009312,11.9999997290637));
#11983=CARTESIAN_POINT('',(15.7768402373613,38.5460958414852,11.9999997290637));
#11984=CARTESIAN_POINT('',(15.4827029566236,38.6712752552933,11.9999997290637));
#11985=CARTESIAN_POINT('',(13.3196476259714,39.5538335249426,11.9999997290637));
#11986=CARTESIAN_POINT('',(11.1699703242058,40.1684333972481,11.9999997290637));
#11987=CARTESIAN_POINT('',(8.79333157014335,40.6131369021709,11.9999997290637));
#11988=CARTESIAN_POINT('',(8.79333157014336,40.6131369021709,11.9999997290637));
#11989=CARTESIAN_POINT('',(-4.61953981826674,41.4598371294206,11.9999997290637));
#11990=CARTESIAN_POINT('',(7.27775504077283,40.7088091079702,11.9999997290637));
#11991=CARTESIAN_POINT('',(7.82302318710684,40.6179310835811,11.9999997290637));
#11992=CARTESIAN_POINT('',(-31.6782373155239,47.2014745006939,11.9999997290637));
#11993=CARTESIAN_POINT('',(-33.1861644720079,47.2659695672259,11.9999997290637));
#11994=CARTESIAN_POINT('',(-4.53698075737519,42.767683791141,11.9999997290637));
#11995=CARTESIAN_POINT('',(21.5000009646185,10.4331817320846,13.9999997290637));
#11996=CARTESIAN_POINT('',(21.5000009646185,10.4331817320846,5.09999972906366));
#11997=CARTESIAN_POINT('',(21.5000009646185,10.4331817320846,7.49999972906366));
#11998=CARTESIAN_POINT('',(20.0000009646185,10.4331817442032,7.49999972906366));
#11999=CARTESIAN_POINT('',(22.7500009646185,10.4331817219857,7.49999972906366));
#12000=CARTESIAN_POINT('',(22.7500009646185,10.4331817219857,7.09999972906366));
#12001=CARTESIAN_POINT('',(22.7500009646185,10.4331817219857,5.39999972906366));
#12002=CARTESIAN_POINT('',(22.7500009646185,10.4331817219857,5.39999972906366));
#12003=CARTESIAN_POINT('',(22.4500009646185,10.4331817244094,5.09999972906366));
#12004=CARTESIAN_POINT('',(19.5188855657939,10.4331817480902,5.09999972906366));
#12005=CARTESIAN_POINT('',(20.0000009646185,10.4331817442032,12.9999997290637));
#12006=CARTESIAN_POINT('',(22.7500007959737,-10.4410765026256,7.09999972906366));
#12007=CARTESIAN_POINT('',(22.7500007959737,-10.4410765026256,5.39999972906366));
#12008=CARTESIAN_POINT('',(22.7500007959737,-10.4410765026256,7.49999972906366));
#12009=CARTESIAN_POINT('',(24.0000007959737,-10.4410765127245,7.49999972906366));
#12010=CARTESIAN_POINT('',(21.5000007959737,-10.4410764925268,7.49999972906366));
#12011=CARTESIAN_POINT('',(21.5000007959737,-10.4410764925268,13.9999997290637));
#12012=CARTESIAN_POINT('',(21.5000007959737,-10.4410764925268,5.09999972906366));
#12013=CARTESIAN_POINT('',(19.5188853971491,-10.4410764765212,5.09999972906366));
#12014=CARTESIAN_POINT('',(22.4500007959737,-10.4410765002019,5.09999972906366));
#12015=CARTESIAN_POINT('',(22.7500007959737,-10.4410765026256,5.39999972906366));
#12016=CARTESIAN_POINT('',(24.0000007959737,-10.4410765127245,12.9999997290637));
#12017=CARTESIAN_POINT('',(-54.1324925896685,14.7884329401252,77.1370715560537));
#12018=CARTESIAN_POINT('',(-29.7799996731,33.3050331654313,37.7144471047795));
#12019=CARTESIAN_POINT('',(-32.049754146001,31.5792083667835,41.3888010400556));
#12020=CARTESIAN_POINT('',(-29.7799996731,26.1803201125814,50.1561101970739));
#12021=CARTESIAN_POINT('',(-29.7799996731,32.1061156551339,39.8080791750011));
#12022=CARTESIAN_POINT('',(18.9277374053881,43.4132689054615,5.88661942394515));
#12023=CARTESIAN_POINT('',(17.4403326376554,44.6484389485976,4.16258207952515));
#12024=CARTESIAN_POINT('',(-29.7799996731,33.3050331654313,108.099999729064));
#12025=CARTESIAN_POINT('',(-29.7799996731,28.298733046153,39.7495208739229));
#12026=CARTESIAN_POINT('',(-29.7799996731,28.298733046153,48.7882700255895));
#12027=CARTESIAN_POINT('',(-29.7799996731,27.5223243309008,50.6195268581591));
#12028=CARTESIAN_POINT('',(-29.7799996731,25.4703059214069,49.7495208739229));
#12029=CARTESIAN_POINT('',(-27.7799996731,28.298733046153,39.7495208739229));
#12030=CARTESIAN_POINT('',(-27.7799996731,25.4703059214069,49.7495208739229));
#12031=CARTESIAN_POINT('',(-35.9445569866846,32.9256530285994,7.99999972906366));
#12032=CARTESIAN_POINT('',(-32.5153707505202,31.2251732972042,7.99999972906366));
#12033=CARTESIAN_POINT('',(-32.5153707505202,31.2251732972042,42.2931631073467));
#12034=CARTESIAN_POINT('',(-34.9445569866846,30.6343651811215,44.0483409739311));
#12035=CARTESIAN_POINT('',(-34.9445569866846,30.6343651811215,7.99999972906366));
#12036=CARTESIAN_POINT('',(-43.3785554848394,39.3189733446264,5.09999972906366));
#12037=CARTESIAN_POINT('',(-32.3252062865803,47.2291458020914,5.09999972906366));
#12038=CARTESIAN_POINT('',(-57.9999996731045,28.8553443547278,5.09999972906366));
#12039=CARTESIAN_POINT('',(-57.9999996731044,-48.5713195761444,5.09999972906366));
#12040=CARTESIAN_POINT('',(-57.9999996731045,21.8589610070983,5.09999972906366));
#12041=CARTESIAN_POINT('',(-58.9999996731044,18.9775551002535,5.09999972906366));
#12042=CARTESIAN_POINT('',(-59.9999996731046,21.8589610070982,5.09999972906366));
#12043=CARTESIAN_POINT('',(-59.9999996731043,-48.5713195761446,5.09999972906366));
#12044=CARTESIAN_POINT('',(-59.9999996731046,27.424072743638,5.09999972906366));
#12045=CARTESIAN_POINT('',(-43.3785554848394,39.3189733446264,5.09999972906366));
#12046=CARTESIAN_POINT('',(-65.3739900883351,23.5782527838441,5.09999972906366));
#12047=CARTESIAN_POINT('',(-65.3739900883351,-48.5713195761443,5.09999972906366));
#12048=CARTESIAN_POINT('',(-65.3739900883351,-23.6231425833371,5.09999972906366));
#12049=CARTESIAN_POINT('',(-31.5662313521939,-47.7342406205607,5.09999972906366));
#12050=CARTESIAN_POINT('',(-59.9999996731044,-27.4557778894513,5.09999972906366));
#12051=CARTESIAN_POINT('',(-59.9999996731043,-48.5713195761446,5.09999972906366));
#12052=CARTESIAN_POINT('',(-59.9999996731044,-21.9038508065913,5.09999972906366));
#12053=CARTESIAN_POINT('',(-58.9999996731044,-19.0224448997465,5.09999972906366));
#12054=CARTESIAN_POINT('',(-57.9999996731044,-21.9038508065913,5.09999972906366));
#12055=CARTESIAN_POINT('',(-57.9999996731044,-48.5713195761444,5.09999972906366));
#12056=CARTESIAN_POINT('',(-57.9999996731044,-28.8821426612425,5.09999972906366));
#12057=CARTESIAN_POINT('',(-31.5662313521939,-47.7342406205607,5.09999972906366));
#12058=CARTESIAN_POINT('',(-32.264260032694,-47.2364188607781,5.09999972906366));
#12059=CARTESIAN_POINT('',(6.93935719787112,-45.6190016876433,5.09999972906366));
#12060=CARTESIAN_POINT('',(1.50705526697767,-45.8431212728593,5.09999972906366));
#12061=CARTESIAN_POINT('',(2.40749178518174,-46.7567802781778,5.09999972906366));
#12062=CARTESIAN_POINT('',(2.10686566194768,-46.4519658885994,5.09999972906366));
#12063=CARTESIAN_POINT('',(1.80671684285062,-46.147409087199,5.09999972906366));
#12064=CARTESIAN_POINT('',(1.50705526697767,-45.8431212728593,5.09999972906366));
#12065=CARTESIAN_POINT('',(2.40749178518174,-46.7567802781778,5.09999972906366));
#12066=CARTESIAN_POINT('',(19.4150738851362,-46.0551012672798,5.09999972906366));
#12067=CARTESIAN_POINT('',(-32.5506202015767,-48.1990413413654,5.09999972906366));
#12068=CARTESIAN_POINT('',(2.13981963606716,-72.9396519925437,5.09999972906366));
#12069=CARTESIAN_POINT('',(-66.3239900883351,-24.1124688257928,5.09999972906366));
#12070=CARTESIAN_POINT('',(-66.3239900883351,-48.5713195761443,5.09999972906366));
#12071=CARTESIAN_POINT('',(-66.3239900883351,24.0666031522677,5.09999972906366));
#12072=CARTESIAN_POINT('',(-43.9314221950836,40.0915265147731,5.09999972906366));
#12073=CARTESIAN_POINT('',(-32.6117753670532,48.1922710910342,5.09999972906366));
#12074=CARTESIAN_POINT('',(23.5547822286241,45.7899893538668,5.09999972906366));
#12075=CARTESIAN_POINT('',(2.3579942985831,46.6965903404807,5.09999972906366));
#12076=CARTESIAN_POINT('',(1.45885923857974,45.7841784212775,5.09999972906366));
#12077=CARTESIAN_POINT('',(1.75808768882357,46.0880505995727,5.09999972906366));
#12078=CARTESIAN_POINT('',(2.05780267590237,46.3921916911302,5.09999972906366));
#12079=CARTESIAN_POINT('',(2.35799429858312,46.6965903404807,5.09999972906366));
#12080=CARTESIAN_POINT('',(1.45885923857975,45.7841784212775,5.09999972906366));
#12081=CARTESIAN_POINT('',(-33.1861644720079,47.2659695672259,5.09999972906366));
#12082=CARTESIAN_POINT('',(19.5188850890917,-48.5713195761443,5.09999972906366));
#12083=CARTESIAN_POINT('',(30.3424108329873,46.8973976402345,0.588453105690225));
#12084=CARTESIAN_POINT('',(-43.1373882469751,29.8395871395828,51.7618846077556));
#12085=CARTESIAN_POINT('',(7.96908191026285,41.7035891403327,16.1698786054292));
#12086=CARTESIAN_POINT('',(7.96908191026285,41.7035891403327,16.1698786054292));
#12087=CARTESIAN_POINT('',(7.98068596304552,41.8874129572504,16.2478154407049));
#12088=CARTESIAN_POINT('',(30.3540148857699,47.0812214571522,0.666389940966004));
#12089=CARTESIAN_POINT('',(-43.1257841941924,30.0234109565005,51.8398214430314));
#12090=CARTESIAN_POINT('',(-43.1257841941924,30.0234109565005,51.8398214430314));
#12091=CARTESIAN_POINT('',(20.0133483240299,44.6807095767559,7.86792558217061));
#12092=CARTESIAN_POINT('',(27.5143524638435,22.0957467040116,59.5073335464677));
#12093=CARTESIAN_POINT('',(23.6256107267798,22.521975346137,59.0810163707374));
#12094=CARTESIAN_POINT('',(31.3674954355463,13.0368590525187,80.3001618024455));
#12095=CARTESIAN_POINT('',(11.0622009905365,37.914274104824,24.6469181711581));
#12096=CARTESIAN_POINT('',(11.0621594250069,37.9142709081763,24.6469318995649));
#12097=CARTESIAN_POINT('',(10.8417734115645,38.1844169415435,24.0425719216479));
#12098=CARTESIAN_POINT('',(10.6213280612171,38.4545584119371,23.4382315407774));
#12099=CARTESIAN_POINT('',(10.4008454395003,38.7246970124583,22.8339034782135));
#12100=CARTESIAN_POINT('',(10.1803628200364,38.9948356102192,22.2295754218248));
#12101=CARTESIAN_POINT('',(9.95984292833897,39.2649713391683,21.6252596813698));
#12102=CARTESIAN_POINT('',(9.73930782345345,39.5351058962335,21.0209489700492));
#12103=CARTESIAN_POINT('',(9.5707057618956,39.7416274078216,20.5589452822326));
#12104=CARTESIAN_POINT('',(9.40209480828541,39.9481482346702,20.0969445334021));
#12105=CARTESIAN_POINT('',(9.23348481772715,40.1546691356644,19.6349434663006));
#12106=CARTESIAN_POINT('',(8.89626483608856,40.5677109382922,18.7109413306672));
#12107=CARTESIAN_POINT('',(8.55904870688869,40.9807530386253,17.7869379192669));
#12108=CARTESIAN_POINT('',(8.2219152603899,41.3938015038083,16.8629071849018));
#12109=CARTESIAN_POINT('',(8.13763189887288,41.4970636199721,16.6318995016057));
#12110=CARTESIAN_POINT('',(8.05335370493479,41.6003261339392,16.4008901106371));
#12111=CARTESIAN_POINT('',(7.96908191026285,41.7035891403328,16.1698786054292));
#12112=CARTESIAN_POINT('',(35.6318048021209,43.7834691709858,7.14550418701422));
#12113=CARTESIAN_POINT('',(-13.024197895141,-9.00028750108449,47.3955205151242));
#12114=CARTESIAN_POINT('',(-13.0241979754924,-16.0745228292763,47.3955204224392));
#12115=CARTESIAN_POINT('',(-13.0241979655609,-16.2002868360385,47.3955204338951));
#12116=CARTESIAN_POINT('',(-14.23403866224,-14.0002881693385,45.9999737283037));
#12117=CARTESIAN_POINT('',(-12.5986400720944,-15.6408357670433,47.8863998677708));
#12118=CARTESIAN_POINT('',(-12.5986400720944,-9.00028751379849,47.8863998677708));
#12119=CARTESIAN_POINT('',(-12.5986400720944,-16.2002868360385,47.8863998677708));
#12120=CARTESIAN_POINT('',(-5.84932269704053,-16.2002868360385,55.6717121436778));
#12121=CARTESIAN_POINT('',(-12.5439016153472,-9.00028751379849,47.9495404723086));
#12122=CARTESIAN_POINT('',(-12.5986400720944,-9.00028751379849,47.8863998677708));
#12123=CARTESIAN_POINT('',(-12.5986400720944,-12.3597405716336,47.8863998677708));
#12124=CARTESIAN_POINT('',(-12.5986400720944,16.199711911418,47.8863998677708));
#12125=CARTESIAN_POINT('',(-14.23403866224,-14.0002881693385,45.9999737283037));
#12126=CARTESIAN_POINT('',(-14.5090334376248,-11.5204936803503,45.6827682863834));
#12127=CARTESIAN_POINT('',(-14.5090333067924,-0.00184413617114788,45.6827684372981));
#12128=CARTESIAN_POINT('',(-14.5090334055006,-8.69223561790042,45.6827683234386));
#12129=CARTESIAN_POINT('',(-14.5090333067924,-0.00184413617114788,45.6827684372981));
#12130=CARTESIAN_POINT('',(-14.5090332080423,8.69223494903669,45.682768551206));
#12131=CARTESIAN_POINT('',(-14.5090333067924,-0.00184413617114788,45.6827684372981));
#12132=CARTESIAN_POINT('',(-14.5090331442593,14.3077644946975,45.6827686247794));
#12133=CARTESIAN_POINT('',(-14.5090333067924,-0.00184413617114788,45.6827684372981));
#12134=CARTESIAN_POINT('',(-14.50903312277,16.199711911418,45.6827686495673));
#12135=CARTESIAN_POINT('',(-13.7684447799067,16.1997118734544,46.537034525165));
#12136=CARTESIAN_POINT('',(-13.5986400720944,16.19971186475,46.7329036187009));
#12137=CARTESIAN_POINT('',(-13.5986400720944,-9.00028751379849,46.7329036187009));
#12138=CARTESIAN_POINT('',(-13.5986400720944,14.1999997460215,46.7329036187009));
#12139=CARTESIAN_POINT('',(-12.5439016153472,14.1999997460215,47.9495404723086));
#12140=CARTESIAN_POINT('',(-13.5264671918656,14.1999997460215,46.8161547653294));
#12141=CARTESIAN_POINT('',(-13.5264674553818,-9.00028748778883,46.8161544613645));
#12142=CARTESIAN_POINT('',(-13.5264671691522,16.1997118610503,46.8161547915292));
#12143=CARTESIAN_POINT('',(-13.7684447799067,16.1997118734544,46.537034525165));
#12144=CARTESIAN_POINT('',(-12.5439016153472,-9.00028751379849,47.9495404723086));
#12145=CARTESIAN_POINT('',(-12.5986400720944,16.1997125194815,31.9999737238637));
#12146=CARTESIAN_POINT('',(-12.5986400720944,16.1997118967961,46.0117940579273));
#12147=CARTESIAN_POINT('',(3.24197793765005,16.1997125070774,32.2790939902278));
#12148=CARTESIAN_POINT('',(3.0000003268956,16.1997125194815,31.9999737238637));
#12149=CARTESIAN_POINT('',(3.0000003268956,16.1997117817775,48.599972380192));
#12150=CARTESIAN_POINT('',(-12.0896493141533,16.1997117817775,48.599972380192));
#12151=CARTESIAN_POINT('',(-0.999999673104296,16.1997117817775,48.599972380192));
#12152=CARTESIAN_POINT('',(-12.0896493141533,16.1997125194815,31.9999737238637));
#12153=CARTESIAN_POINT('',(-0.999999673104296,16.1997125194815,31.9999737238637));
#12154=CARTESIAN_POINT('',(-0.999999673104296,16.1997123328315,36.1999737283037));
#12155=CARTESIAN_POINT('',(0.500000326895705,16.1997123328315,36.1999737283037));
#12156=CARTESIAN_POINT('',(1.50000032689571,16.1997123328315,36.1999737283037));
#12157=CARTESIAN_POINT('',(1.50000032689571,16.1997139415605,4.4897907082981E-7));
#12158=CARTESIAN_POINT('',(1.50000032689571,16.199711869895,46.6171296744056));
#12159=CARTESIAN_POINT('',(3.0000003268956,16.199711869895,46.6171296744056));
#12160=CARTESIAN_POINT('',(-0.999999673104296,16.199711869895,46.6171296744056));
#12161=CARTESIAN_POINT('',(-0.999999673104296,16.1997118306614,47.4999737815518));
#12162=CARTESIAN_POINT('',(3.0000003268956,16.1997125194815,31.9999737238637));
#12163=CARTESIAN_POINT('',(16.11179667794,-30.3350004079085,18.3520463722738));
#12164=CARTESIAN_POINT('',(16.5067092967549,-30.3350004079085,17.9999997290637));
#12165=CARTESIAN_POINT('',(16.5066908973129,-36.0930620514836,17.9999997290637));
#12166=CARTESIAN_POINT('',(16.5066908973129,-34.1737081702919,17.9999997290637));
#12167=CARTESIAN_POINT('',(16.5066908973129,-32.2543542891002,17.9999997290637));
#12168=CARTESIAN_POINT('',(16.5066908973129,-30.3350004079085,17.9999997290637));
#12169=CARTESIAN_POINT('',(16.5067031636076,-36.0930549137546,17.9999997290637));
#12170=CARTESIAN_POINT('',(16.5067154299022,-36.0930477760256,17.9999997290637));
#12171=CARTESIAN_POINT('',(14.7906332755421,-36.3690490070538,19.5297851821814));
#12172=CARTESIAN_POINT('',(13.0744974030636,-36.6444833975563,21.0596185218153));
#12173=CARTESIAN_POINT('',(11.3589458215955,-36.9262996347182,22.5889310006701));
#12174=CARTESIAN_POINT('',(11.1636834809542,-38.9715743477454,22.7629957955844));
#12175=CARTESIAN_POINT('',(16.5066908973129,-28.3350004079085,17.9999997290637));
#12176=CARTESIAN_POINT('',(16.5066908973129,-19.7764768024001,17.9999997290637));
#12177=CARTESIAN_POINT('',(16.5066908973129,-11.2179531968918,17.9999997290637));
#12178=CARTESIAN_POINT('',(16.5066908973129,-2.6594295913834,17.9999997290637));
#12179=CARTESIAN_POINT('',(16.5067031636076,-28.3350004079085,17.9999997290637));
#12180=CARTESIAN_POINT('',(16.5067092967549,-2.65943303520947,17.9999997290637));
#12181=CARTESIAN_POINT('',(16.11179667794,-28.3350004079085,18.3520463722738));
#12182=CARTESIAN_POINT('',(11.0795365698893,-38.9715743477454,22.8380077757189));
#12183=CARTESIAN_POINT('',(17.5048131544636,28.3299995920915,17.1102548086679));
#12184=CARTESIAN_POINT('',(16.5067031636076,28.3299995920915,17.9999997290637));
#12185=CARTESIAN_POINT('',(16.5066908973129,2.65942877556642,17.9999997290637));
#12186=CARTESIAN_POINT('',(16.5066908973129,11.2162857144081,17.9999997290637));
#12187=CARTESIAN_POINT('',(16.5066908973129,19.7731426532498,17.9999997290637));
#12188=CARTESIAN_POINT('',(16.5066908973129,28.3299995920915,17.9999997290637));
#12189=CARTESIAN_POINT('',(16.5066970304602,2.65942533174032,17.9999997290637));
#12190=CARTESIAN_POINT('',(18.0000003268956,-4.07908487598529E-7,16.6688248159183));
#12191=CARTESIAN_POINT('',(11.1636834809542,-38.9715743477454,22.7629957955844));
#12192=CARTESIAN_POINT('',(-17.05733827745,-39.0000004079085,94.4176926139287));
#12193=CARTESIAN_POINT('',(-44.6741988429976,-39.0000004117835,13.8030134715224));
#12194=CARTESIAN_POINT('',(-31.8565529666532,-48.1413196794396,13.8030134715225));
#12195=CARTESIAN_POINT('',(-57.9999996731044,-29.4962739817986,13.8030134715223));
#12196=CARTESIAN_POINT('',(-57.9999996731044,-10.8773138511057,90.0099732182512));
#12197=CARTESIAN_POINT('',(-57.9999996731044,-25.9137103549284,28.4663609309173));
#12198=CARTESIAN_POINT('',(-46.7093171079855,-28.7247926172335,49.9186053354248));
#12199=CARTESIAN_POINT('',(-53.3963827124674,-27.0598894034759,37.2132125778875));
#12200=CARTESIAN_POINT('',(-50.5884572018989,-26.0036913505053,49.732648680922));
#12201=CARTESIAN_POINT('',(-51.5985992495108,-28.8285122375079,35.2220806353251));
#12202=CARTESIAN_POINT('',(-51.5985992495108,-25.6692144785296,48.1530109919004));
#12203=CARTESIAN_POINT('',(-51.5985992495108,-30.165573469876,29.7495208739229));
#12204=CARTESIAN_POINT('',(-52.8964921192113,-29.2399391364262,29.7495208739229));
#12205=CARTESIAN_POINT('',(-49.5985992495108,-31.5919382416672,29.7495208739229));
#12206=CARTESIAN_POINT('',(-49.5985992495108,-27.0152317789206,48.4818712761358));
#12207=CARTESIAN_POINT('',(-49.5985992495108,-28.8356838000175,41.0308045945956));
#12208=CARTESIAN_POINT('',(-50.5884572018989,-26.0036913505053,49.732648680922));
#12209=CARTESIAN_POINT('',(-48.603559697118,-28.2531761571921,46.3195532188561));
#12210=CARTESIAN_POINT('',(-46.7093171079855,-28.7247926172335,49.9186053354248));
#12211=CARTESIAN_POINT('',(-22.28158474438,-43.1559609207343,62.1576687966696));
#12212=CARTESIAN_POINT('',(-9.99999967310405,-39.0000004079085,13.8030134715225));
#12213=CARTESIAN_POINT('',(-43.8130848715557,-39.0000004079085,13.8030134715225));
#12214=CARTESIAN_POINT('',(-31.5662313521939,-47.7342406205607,13.8030134715225));
#12215=CARTESIAN_POINT('',(-57.9999996731044,-28.8821426612425,13.8030134715225));
#12216=CARTESIAN_POINT('',(-57.9999996731044,-19.0224448997467,13.8030134715223));
#12217=CARTESIAN_POINT('',(-31.8565529666532,-48.1413196794396,13.8030134715225));
#12218=CARTESIAN_POINT('',(-13.447164535645,40.9551106084155,93.2368415018449));
#12219=CARTESIAN_POINT('',(-41.092284659495,40.9551106084155,16.1879506826467));
#12220=CARTESIAN_POINT('',(-66.4190776929555,22.8303506740465,16.1879506826467));
#12221=CARTESIAN_POINT('',(-21.9946035049515,56.3009035514214,9.64976863083771));
#12222=CARTESIAN_POINT('',(-57.9999996731045,28.8553443547278,91.9999997290637));
#12223=CARTESIAN_POINT('',(-57.9999981541115,28.8553454417736,16.1879506826467));
#12224=CARTESIAN_POINT('',(-32.3252062865803,47.2291458020914,13.9999997290637));
#12225=CARTESIAN_POINT('',(-32.3252062865803,47.2291458020914,11.9999997290637));
#12226=CARTESIAN_POINT('',(-32.6266006902466,47.0134571752369,11.9999997290637));
#12227=CARTESIAN_POINT('',(-32.2343566483101,47.2941610561584,11.9999997290637));
#12228=CARTESIAN_POINT('',(-32.2343566483101,47.2941610561584,13.9999997290637));
#12229=CARTESIAN_POINT('',(-41.0922846594951,40.9551106084155,91.9999997290637));
#12230=CARTESIAN_POINT('',(-66.4190776929555,22.8303506740465,16.1879506826467));
#12231=CARTESIAN_POINT('',(-66.4190776929555,22.8303506740465,13.9999997290637));
#12232=CARTESIAN_POINT('',(-41.9283878925456,29.6257332207742,57.9803531043489));
#12233=CARTESIAN_POINT('',(-48.9242146948867,27.9552708115133,44.9881728237314));
#12234=CARTESIAN_POINT('',(-50.5985992495108,25.466006590255,50.0160774303558));
#12235=CARTESIAN_POINT('',(-49.5985992495108,28.2944337150012,41.7877332007514));
#12236=CARTESIAN_POINT('',(-49.5985992495108,26.6648482050111,48.1342121236664));
#12237=CARTESIAN_POINT('',(-51.5985992495108,25.3221047364911,47.7894359858382));
#12238=CARTESIAN_POINT('',(-51.5985992495105,28.2944337150013,36.2135927756773));
#12239=CARTESIAN_POINT('',(-50.5985992495108,25.466006590255,50.0160774303558));
#12240=CARTESIAN_POINT('',(-53.2169998375252,26.9302396183915,37.0158989157686));
#12241=CARTESIAN_POINT('',(-41.9283878925456,29.6257332207742,57.9803531043489));
#12242=CARTESIAN_POINT('',(-57.9999996731045,25.78815540823,28.1332319035872));
#12243=CARTESIAN_POINT('',(-57.9999996731045,7.63175758842893,98.8439972656081));
#12244=CARTESIAN_POINT('',(-21.9946035049515,56.3009035514214,9.64976863083771));
#12245=CARTESIAN_POINT('',(-41.9283878925456,29.6257332207742,57.9803531043489));
#12246=CARTESIAN_POINT('',(-59.9999996731046,25.310595613364,24.4189658289339));
#12247=CARTESIAN_POINT('',(-64.4321081870625,24.2522971969894,16.1879506826466));
#12248=CARTESIAN_POINT('',(-59.9999996731046,31.5069907042516,24.3300932300208));
#12249=CARTESIAN_POINT('',(-59.9999996731046,21.8589610070982,24.4684713451991));
#12250=CARTESIAN_POINT('',(-58.9999996731044,18.9775551002535,26.3703560514318));
#12251=CARTESIAN_POINT('',(-59.9999996731045,16.0961491934088,24.5511252198177));
#12252=CARTESIAN_POINT('',(-59.9999996731046,31.5069907042516,24.3300932300208));
#12253=CARTESIAN_POINT('',(-59.9999996731045,8.06101132037308,24.666370225168));
#12254=CARTESIAN_POINT('',(-60.1762878783216,8.5457467659611,24.3314234544889));
#12255=CARTESIAN_POINT('',(-65.5876819809531,23.425327214132,14.0497998069164));
#12256=CARTESIAN_POINT('',(-65.8610618827813,23.2296867678673,13.5439667051349));
#12257=CARTESIAN_POINT('',(-42.3136852777437,37.7174960140937,57.1474279053716));
#12258=CARTESIAN_POINT('',(-59.9999996731046,32.477555100253,24.6663702251678));
#12259=CARTESIAN_POINT('',(-59.9999996731044,-16.1410389929017,24.6663702251682));
#12260=CARTESIAN_POINT('',(-58.9999996731044,-19.0224448997465,26.5663655780427));
#12261=CARTESIAN_POINT('',(-59.9999996731044,-21.9038508065913,24.6663702251682));
#12262=CARTESIAN_POINT('',(-59.9999996731046,32.477555100253,24.6663702251678));
#12263=CARTESIAN_POINT('',(-59.9999996731044,-25.4157630880395,24.6663702251682));
#12264=CARTESIAN_POINT('',(-46.7093171079855,-28.7247926172335,49.9186053354248));
#12265=CARTESIAN_POINT('',(-65.7175702727145,-23.992238568251,13.8030134715222));
#12266=CARTESIAN_POINT('',(-65.7175699366715,-23.992238568251,13.803013294657));
#12267=CARTESIAN_POINT('',(-65.7697098752117,-23.9550532824824,13.7039476537315));
#12268=CARTESIAN_POINT('',(-65.8218498137519,-23.9178679967139,13.604882012806));
#12269=CARTESIAN_POINT('',(-65.8739897522921,-23.8806827109453,13.5058163718805));
#12270=CARTESIAN_POINT('',(-65.8739900883351,-23.8806827109453,13.5058165487457));
#12271=CARTESIAN_POINT('',(-65.8739900883351,-24.9108432213784,13.5058165487457));
#12272=CARTESIAN_POINT('',(-65.8739900883351,23.2204348810716,13.5058165487456));
#12273=CARTESIAN_POINT('',(-44.5344884224419,38.4917463456694,54.050769731256));
#12274=CARTESIAN_POINT('',(-43.4547623445919,31.5363674876257,56.1022442615484));
#12275=CARTESIAN_POINT('',(-31.8565529666532,-48.1413196794396,13.8030134715225));
#12276=CARTESIAN_POINT('',(-32.7766767019155,-47.4851036386061,13.8030134715225));
#12277=CARTESIAN_POINT('',(-41.8698671046464,-41.0000004117836,13.8030134715224));
#12278=CARTESIAN_POINT('',(-19.12700885125,-41.0000004079085,80.1902922312973));
#12279=CARTESIAN_POINT('',(-37.5826310815055,-41.0000004079085,26.3176204588979));
#12280=CARTESIAN_POINT('',(-44.4572783945831,-31.8489176356919,43.7054238427807));
#12281=CARTESIAN_POINT('',(-32.7125914762475,-47.4826802145805,13.9999997290636));
#12282=CARTESIAN_POINT('',(-35.3798062905734,-47.583542658225,5.80146943045773));
#12283=CARTESIAN_POINT('',(-22.28158474438,-43.1559609207343,62.1576687966696));
#12284=CARTESIAN_POINT('',(-57.9999996731044,-19.0224448997467,28.4663609309173));
#12285=CARTESIAN_POINT('',(-57.9999996731044,2.56165933603479,28.4663609309172));
#12286=CARTESIAN_POINT('',(-57.9999996731044,-16.1410389929017,28.4663609309173));
#12287=CARTESIAN_POINT('',(-60.1762878783216,8.5457467659611,24.3314234544889));
#12288=CARTESIAN_POINT('',(-48.3291888995199,-24.0299368729004,46.840856459257));
#12289=CARTESIAN_POINT('',(-50.5884572018989,-26.0036913505053,42.5482579991855));
#12290=CARTESIAN_POINT('',(-57.9999996731044,-19.0224448997467,28.4663609309173));
#12291=CARTESIAN_POINT('',(-57.9999996731044,-21.9038508065913,28.4663609309173));
#12292=CARTESIAN_POINT('',(-58.9999996731044,-19.0224448997465,26.5663655780427));
#12293=CARTESIAN_POINT('',(-43.4547623445919,31.5363674876257,56.1022442615484));
#12294=CARTESIAN_POINT('',(-31.5662313521939,-47.7342406205607,13.8030134715225));
#12295=CARTESIAN_POINT('',(-32.4863550874562,-47.0780245797272,13.8030134715225));
#12296=CARTESIAN_POINT('',(-41.0087531332045,-41.0000004079086,13.8030134715225));
#12297=CARTESIAN_POINT('',(-53.5999996731041,-41.0000004079086,13.8030134715224));
#12298=CARTESIAN_POINT('',(-32.7766767019155,-47.4851036386061,13.8030134715225));
#12299=CARTESIAN_POINT('',(-31.8565529666532,-48.1413196794396,13.8030134715225));
#12300=CARTESIAN_POINT('',(-57.9999996731044,-28.8821426612425,91.9999997290637));
#12301=CARTESIAN_POINT('',(-43.8130848715557,-39.0000004079085,91.9999997290637));
#12302=CARTESIAN_POINT('',(-41.0087531332045,-41.0000004079086,91.9999997290637));
#12303=CARTESIAN_POINT('',(-32.4863550874562,-47.0780245797272,13.9999997290637));
#12304=CARTESIAN_POINT('',(-32.4863550874562,-47.0780245797272,11.9999997290637));
#12305=CARTESIAN_POINT('',(-31.5662313521939,-47.7342406205607,11.9999997290637));
#12306=CARTESIAN_POINT('',(-32.264260032694,-47.2364188607781,11.9999997290637));
#12307=CARTESIAN_POINT('',(-32.264260032694,-47.2364188607781,13.9999997290637));
#12308=CARTESIAN_POINT('',(-31.5662313521939,-47.7342406205607,13.9999997290637));
#12309=CARTESIAN_POINT('',(-58.0889908366938,-41.0000004079086,27.7503579049752));
#12310=CARTESIAN_POINT('',(-60.5446020474985,-48.5351655947146,13.9999997290637));
#12311=CARTESIAN_POINT('',(35.7556803315295,-16.1286012622611,67.1458709103827));
#12312=CARTESIAN_POINT('',(-47.7602278879289,-25.0031320331228,39.7495208739229));
#12313=CARTESIAN_POINT('',(-47.7602278879289,-25.0031320331228,29.7495208739229));
#12314=CARTESIAN_POINT('',(-47.7602278879289,-25.0031320331228,47.913400270303));
#12315=CARTESIAN_POINT('',(-50.5884572018989,-26.0036913505053,29.7495208739229));
#12316=CARTESIAN_POINT('',(-51.5985992495108,-28.8285122375079,29.7495208739229));
#12317=CARTESIAN_POINT('',(-51.5985992495108,-28.8285122375079,39.7495208739229));
#12318=CARTESIAN_POINT('',(-50.5884572018989,-26.0036913505053,42.6656668994641));
#12319=CARTESIAN_POINT('',(-50.5884572018989,-26.0036913505053,39.7495208739229));
#12320=CARTESIAN_POINT('',(-59.9999996731045,-6.63028913736208,101.554867090782));
#12321=CARTESIAN_POINT('',(-59.9999996731044,-28.0699092100074,13.8030134715223));
#12322=CARTESIAN_POINT('',(-31.8565529666532,-48.1413196794396,13.8030134715225));
#12323=CARTESIAN_POINT('',(-22.28158474438,-43.1559609207343,62.1576687966696));
#12324=CARTESIAN_POINT('',(-47.7703692285771,26.4665639092974,39.7495208739229));
#12325=CARTESIAN_POINT('',(-47.7703692285771,26.4665639092974,47.1563209417165));
#12326=CARTESIAN_POINT('',(-49.5985992495108,28.2944337150012,39.7495208739229));
#12327=CARTESIAN_POINT('',(-50.5985992495108,25.466006590255,41.9085862268692));
#12328=CARTESIAN_POINT('',(-50.5985992495108,25.466006590255,39.7495208739229));
#12329=CARTESIAN_POINT('',(-66.4190776929555,22.8303506740465,16.1879506826467));
#12330=CARTESIAN_POINT('',(-59.9999981541116,27.4240738306838,16.1879506826467));
#12331=CARTESIAN_POINT('',(-59.9999996731045,9.47443281124214,86.0934897763211));
#12332=CARTESIAN_POINT('',(-21.9946035049515,56.3009035514214,9.64976863083771));
#12333=CARTESIAN_POINT('',(3.20138609600643,-48.2753452986081,13.9999997290637));
#12334=CARTESIAN_POINT('',(3.20138609600645,-48.2753452986081,7.09999972906366));
#12335=CARTESIAN_POINT('',(3.20138609600645,-48.2753452986081,7.49999972906366));
#12336=CARTESIAN_POINT('',(19.4789676251171,-47.6037838009165,7.49999972906366));
#12337=CARTESIAN_POINT('',(7.04241161719504,-48.116876741896,7.49999972906366));
#12338=CARTESIAN_POINT('',(7.04241161719504,-48.116876741896,-1.50000027093634));
#12339=CARTESIAN_POINT('',(7.04241161719504,-48.116876741896,13.9999997290637));
#12340=CARTESIAN_POINT('',(-12.9877139036478,-48.9432563284255,13.9999997290637));
#12341=CARTESIAN_POINT('',(-33.0178394244907,-49.7696359149551,13.9999997290637));
#12342=CARTESIAN_POINT('',(-33.0178394244907,-49.7696359149551,4.8253169264919));
#12343=CARTESIAN_POINT('',(-33.0178394244907,-49.7696359149551,7.09999972906366));
#12344=CARTESIAN_POINT('',(19.4789676251171,-47.6037838009165,7.09999972906366));
#12345=CARTESIAN_POINT('',(7.04241161719504,-48.116876741896,13.9999997290637));
#12346=CARTESIAN_POINT('',(23.621016224923,47.3385735646007,7.09999972906366));
#12347=CARTESIAN_POINT('',(3.82775140771763,48.185144916393,7.09999972906366));
#12348=CARTESIAN_POINT('',(-33.0793354457194,49.7636860361515,7.09999972906366));
#12349=CARTESIAN_POINT('',(2.64219747708062,46.9847090521624,7.09999972906366));
#12350=CARTESIAN_POINT('',(3.03657395845365,47.3844254246101,7.09999972906366));
#12351=CARTESIAN_POINT('',(3.43176606314045,47.7845792696775,7.09999972906366));
#12352=CARTESIAN_POINT('',(3.82775140771762,48.1851449163929,7.09999972906366));
#12353=CARTESIAN_POINT('',(2.64219747708061,46.9847090521624,7.09999972906366));
#12354=CARTESIAN_POINT('',(23.5676017117788,46.0897153301379,7.09999972906366));
#12355=CARTESIAN_POINT('',(-32.7022708661499,48.4964159191214,7.09999972906366));
#12356=CARTESIAN_POINT('',(-44.1060116825291,40.3354906737668,7.09999972906366));
#12357=CARTESIAN_POINT('',(-66.6239900883351,24.2208190580857,7.09999972906366));
#12358=CARTESIAN_POINT('',(-66.6239900883351,-48.5713195761443,7.09999972906366));
#12359=CARTESIAN_POINT('',(-66.6239900883351,-24.2669929023577,7.09999972906366));
#12360=CARTESIAN_POINT('',(1.96562666739153,-73.183899427871,7.09999972906366));
#12361=CARTESIAN_POINT('',(-32.6410497285923,-48.5030273878666,7.09999972906366));
#12362=CARTESIAN_POINT('',(19.4274404154551,-46.3548462737901,7.09999972906366));
#12363=CARTESIAN_POINT('',(2.69210706931627,-47.0452931627337,7.09999972906366));
#12364=CARTESIAN_POINT('',(3.40244151406834,-47.7647660634978,7.09999972906366));
#12365=CARTESIAN_POINT('',(3.16537374369746,-47.5247885902808,7.09999972906366));
#12366=CARTESIAN_POINT('',(2.92859398751938,-47.2849624459356,7.09999972906366));
#12367=CARTESIAN_POINT('',(2.69210706931627,-47.0452931627338,7.09999972906366));
#12368=CARTESIAN_POINT('',(3.40244151406835,-47.7647660634978,7.09999972906366));
#12369=CARTESIAN_POINT('',(3.18901956568757,-47.9756002920978,7.09999972906366));
#12370=CARTESIAN_POINT('',(-33.0178394244907,-49.7696359149551,7.09999972906366));
#12371=CARTESIAN_POINT('',(-67.8739900883351,-24.9108432213784,7.09999972906366));
#12372=CARTESIAN_POINT('',(-67.8739900883351,-24.9108432213784,7.09999972906366));
#12373=CARTESIAN_POINT('',(-67.873990088335,24.8633853323274,7.09999972906366));
#12374=CARTESIAN_POINT('',(-44.8334678802189,41.3520080029072,7.09999972906366));
#12375=CARTESIAN_POINT('',(19.5188850890917,-48.5713195761443,7.09999972906366));
#12376=CARTESIAN_POINT('',(6.33999885485229,29.3299965729241,7.49999972906366));
#12377=CARTESIAN_POINT('',(5.52763358079034,48.1124398036975,7.49999972906366));
#12378=CARTESIAN_POINT('',(24.0000011693737,35.7770446809209,7.49999972906366));
#12379=CARTESIAN_POINT('',(24.0000004879163,-48.5713196123476,7.49999972906366));
#12380=CARTESIAN_POINT('',(24.0000005912824,-35.777032849791,7.49999972906366));
#12381=CARTESIAN_POINT('',(6.3399887063342,-29.3299952721484,7.49999972906366));
#12382=CARTESIAN_POINT('',(3.18901956568757,-47.9756002920978,7.49999972906366));
#12383=CARTESIAN_POINT('',(3.40244151406061,-47.7647660634898,7.49999972906366));
#12384=CARTESIAN_POINT('',(1.50705526697771,-45.8431212728593,7.49999972906366));
#12385=CARTESIAN_POINT('',(2.13673004521712,-46.4825171028289,7.49999972906366));
#12386=CARTESIAN_POINT('',(2.76855619929025,-47.1231006194273,7.49999972906366));
#12387=CARTESIAN_POINT('',(3.40244151406054,-47.7647660634899,7.49999972906366));
#12388=CARTESIAN_POINT('',(1.50705526697772,-45.8431212728593,7.49999972906366));
#12389=CARTESIAN_POINT('',(19.3759132057932,-45.1059087466638,7.49999972906366));
#12390=CARTESIAN_POINT('',(6.94900366008266,-45.6186037051421,7.49999972906366));
#12391=CARTESIAN_POINT('',(7.07679605564809,-49.0365169751983,7.49999972906366));
#12392=CARTESIAN_POINT('',(6.94900435661894,-45.6186223345804,7.49999972906366));
#12393=CARTESIAN_POINT('',(6.3399887063342,-29.3299952721484,7.49999972906366));
#12394=CARTESIAN_POINT('',(21.5000005949855,-35.3186771953461,7.49999972906366));
#12395=CARTESIAN_POINT('',(21.5000004879163,-48.5713195921499,7.49999972906366));
#12396=CARTESIAN_POINT('',(22.7500004879163,-48.5713196022488,7.49999972906366));
#12397=CARTESIAN_POINT('',(21.5000004879163,-48.5713195921499,7.49999972906366));
#12398=CARTESIAN_POINT('',(21.5000011656706,35.3186881014353,7.49999972906366));
#12399=CARTESIAN_POINT('',(6.33999885485229,29.3299965729241,7.49999972906366));
#12400=CARTESIAN_POINT('',(5.6356608609012,45.6147748728567,7.49999972906366));
#12401=CARTESIAN_POINT('',(9.72764905468149,-48.9948033608027,7.49999972906366));
#12402=CARTESIAN_POINT('',(5.63606129081035,45.6055166582624,7.49999972906366));
#12403=CARTESIAN_POINT('',(23.5141871986345,44.8408570956751,7.49999972906366));
#12404=CARTESIAN_POINT('',(1.45885923857969,45.7841784212775,7.49999972906366));
#12405=CARTESIAN_POINT('',(3.82775140771759,48.1851449163929,7.49999972906366));
#12406=CARTESIAN_POINT('',(3.03488061577245,47.3831031088194,7.49999972906366));
#12407=CARTESIAN_POINT('',(2.24518999984965,46.5827122541833,7.49999972906366));
#12408=CARTESIAN_POINT('',(1.45885923857972,45.7841784212775,7.49999972906366));
#12409=CARTESIAN_POINT('',(3.82775140771757,48.185144916393,7.49999972906366));
#12410=CARTESIAN_POINT('',(23.621016224923,47.3385735646007,7.49999972906366));
#12411=CARTESIAN_POINT('',(19.5188850890917,-48.5713195761443,7.49999972906366));
#12412=CARTESIAN_POINT('',(24.0000005912824,-35.777032849791,-1.50000027093634));
#12413=CARTESIAN_POINT('',(24.000023137849,-35.7770241215912,14.0000063340883));
#12414=CARTESIAN_POINT('',(24.0000011693737,35.7770446809209,-1.50000027093634));
#12415=CARTESIAN_POINT('',(24.0000234083913,35.7770383974105,14.0000063340883));
#12416=CARTESIAN_POINT('',(24.0000011693737,35.7770446809209,13.9999997290637));
#12417=CARTESIAN_POINT('',(24.0000009766766,11.9256855040169,13.9999997290637));
#12418=CARTESIAN_POINT('',(24.0000007839795,-11.925673672887,13.9999997290637));
#12419=CARTESIAN_POINT('',(24.0000005912824,-35.777032849791,13.9999997290637));
#12420=CARTESIAN_POINT('',(24.0000011693737,35.7770446809209,13.9999997290637));
#12421=CARTESIAN_POINT('',(21.5000005949855,-35.3186771953461,-1.50000027093634));
#12422=CARTESIAN_POINT('',(21.5000011656706,35.3186881014353,-1.50000027093634));
#12423=CARTESIAN_POINT('',(21.5000011693737,35.7770447011186,5.09999972906366));
#12424=CARTESIAN_POINT('',(21.5000011693737,35.7770447011186,13.9999997290637));
#12425=CARTESIAN_POINT('',(22.7500004879163,-48.5713196022488,5.39999972906366));
#12426=CARTESIAN_POINT('',(22.7500004879163,-48.5713196022488,7.09999972906366));
#12427=CARTESIAN_POINT('',(22.4500004879163,-48.5713195998251,5.09999972906366));
#12428=CARTESIAN_POINT('',(19.5188850890917,-48.5713195761443,5.09999972906366));
#12429=CARTESIAN_POINT('',(22.7500004879163,-48.5713196022488,5.39999972906366));
#12430=CARTESIAN_POINT('',(6.33998870633418,-29.3299952721484,13.9999997290637));
#12431=CARTESIAN_POINT('',(6.3399887063342,-29.3299952721484,-1.50000027093634));
#12432=CARTESIAN_POINT('',(6.94900366008266,-45.6186037051421,12.9999997290637));
#12433=CARTESIAN_POINT('',(1.50705526697772,-45.8431212728593,8.54999972906366));
#12434=CARTESIAN_POINT('',(6.93935719787112,-45.6190016876433,11.9999997290637));
#12435=CARTESIAN_POINT('',(6.93935719787112,-45.6190016876433,13.9999997290637));
#12436=CARTESIAN_POINT('',(2.69210706931627,-47.0452931627337,6.24999972906365));
#12437=CARTESIAN_POINT('',(2.69210706931625,-47.0452931627337,5.39999972906366));
#12438=CARTESIAN_POINT('',(-32.6410497285923,-48.5030273878666,7.09999972906366));
#12439=CARTESIAN_POINT('',(-32.6410497285923,-48.5030273878666,5.39999972906366));
#12440=CARTESIAN_POINT('',(19.4274404154551,-46.3548462737901,5.39999972906366));
#12441=CARTESIAN_POINT('',(19.4274404154551,-46.3548462737901,7.09999972906366));
#12442=CARTESIAN_POINT('',(2.40749178518174,-46.7567802781778,5.09999972906366));
#12443=CARTESIAN_POINT('',(2.50234870825862,-46.8529587299833,5.20000660132298));
#12444=CARTESIAN_POINT('',(2.59722047176863,-46.9491296920754,5.30000660198382));
#12445=CARTESIAN_POINT('',(2.69210706931625,-47.0452931627337,5.39999972906366));
#12446=CARTESIAN_POINT('',(-34.6306440355286,-55.1912068737829,12.0004798131609));
#12447=CARTESIAN_POINT('',(19.4274404154551,-46.3548462737901,5.39999972906366));
#12448=CARTESIAN_POINT('',(3.82775140771757,48.185144916393,9.54999972906367));
#12449=CARTESIAN_POINT('',(-33.0793354457194,49.7636860361515,4.8253169264919));
#12450=CARTESIAN_POINT('',(-33.0793354457194,49.7636860361515,13.9999997290637));
#12451=CARTESIAN_POINT('',(-13.7758509324645,48.9380629199245,13.9999997290637));
#12452=CARTESIAN_POINT('',(5.52763358079034,48.1124398036975,13.9999997290637));
#12453=CARTESIAN_POINT('',(5.52763358079034,48.1124398036975,-1.50000027093634));
#12454=CARTESIAN_POINT('',(-33.0793354457194,49.7636860361515,13.9999997290637));
#12455=CARTESIAN_POINT('',(5.63606129081035,45.6055166582624,13.9999997290637));
#12456=CARTESIAN_POINT('',(-33.1861644720079,47.2659695672259,11.9999997290637));
#12457=CARTESIAN_POINT('',(1.45885923857969,45.7841784212775,8.54999972906366));
#12458=CARTESIAN_POINT('',(-33.1861644720079,47.2659695672259,13.9999997290637));
#12459=CARTESIAN_POINT('',(2.64219747708064,46.9847090521624,6.24999972906366));
#12460=CARTESIAN_POINT('',(2.64219747708061,46.9847090521624,5.39999972906366));
#12461=CARTESIAN_POINT('',(23.5676017117788,46.0897153301379,5.39999972906366));
#12462=CARTESIAN_POINT('',(-32.7022708661499,48.4964159191214,5.39999972906366));
#12463=CARTESIAN_POINT('',(-32.7022708661499,48.4964159191214,7.09999972906366));
#12464=CARTESIAN_POINT('',(23.5676017117788,46.0897153301379,7.09999972906366));
#12465=CARTESIAN_POINT('',(2.64219747708061,46.9847090521624,5.39999972906366));
#12466=CARTESIAN_POINT('',(2.54744829298599,46.8886769560627,5.3000065646428));
#12467=CARTESIAN_POINT('',(2.45271389800749,46.7926373849463,5.20000656399569));
#12468=CARTESIAN_POINT('',(2.35799429858313,46.6965903404807,5.09999972906365));
#12469=CARTESIAN_POINT('',(-32.0141039278477,46.1835670234915,3.11866989994024));
#12470=CARTESIAN_POINT('',(23.5676017117788,46.0897153301379,5.39999972906366));
#12471=CARTESIAN_POINT('',(-59.9999996731046,27.424072743638,91.9999997290637));
#12472=CARTESIAN_POINT('',(-66.4190776929555,22.8303506740465,13.5058165487456));
#12473=CARTESIAN_POINT('',(-65.3739900883351,23.5782527838441,13.5058165487457));
#12474=CARTESIAN_POINT('',(-65.3739900883351,23.5782527838441,13.9999997290637));
#12475=CARTESIAN_POINT('',(-66.4190776929555,22.8303506740465,13.9999997290637));
#12476=CARTESIAN_POINT('',(-16.5986400723044,11.4999997456015,48.499972380192));
#12477=CARTESIAN_POINT('',(-19.4709213958744,9.49999974602651,48.499972380192));
#12478=CARTESIAN_POINT('',(-17.7586672707305,8.19782820267529,48.499972380192));
#12479=CARTESIAN_POINT('',(-19.4709213958744,9.49999974602651,27.4999997290637));
#12480=CARTESIAN_POINT('',(-19.4709213958744,9.49999974602651,28.7999997290637));
#12481=CARTESIAN_POINT('',(-16.5986400723044,11.4999997456015,28.7999997290637));
#12482=CARTESIAN_POINT('',(-19.9527420386844,10.4999997460215,28.7999997290637));
#12483=CARTESIAN_POINT('',(-19.9527420386844,10.4999997460215,27.4999997290637));
#12484=CARTESIAN_POINT('',(-19.9527420386844,10.4999997460215,48.1999997290637));
#12485=CARTESIAN_POINT('',(-16.5986400723044,11.4999997456015,48.1999997290637));
#12486=CARTESIAN_POINT('',(-17.4126497653096,14.9040250421723,48.1999997290637));
#12487=CARTESIAN_POINT('',(-16.5986400723044,11.4999997456015,47.494310582896));
#12488=CARTESIAN_POINT('',(-16.5986400723044,11.4999997456015,47.494310582896));
#12489=CARTESIAN_POINT('',(-16.5986400723044,11.4999997456015,47.494310582896));
#12490=CARTESIAN_POINT('',(-19.0484236325001,13.9997118306615,31.8999723950037));
#12491=CARTESIAN_POINT('',(-18.7945445734474,14.2485199829533,31.8999723950037));
#12492=CARTESIAN_POINT('',(-18.4994357414273,14.4598822687984,31.9442109933262));
#12493=CARTESIAN_POINT('',(-18.1856710198438,14.6195081638546,31.9935196780526));
#12494=CARTESIAN_POINT('',(-17.8714967671205,14.7793424053892,32.0428927213269));
#12495=CARTESIAN_POINT('',(-17.5294648057877,14.8925444038311,32.0980750689826));
#12496=CARTESIAN_POINT('',(-17.179712463687,14.951427692984,32.1280116802973));
#12497=CARTESIAN_POINT('',(-16.7952872524974,15.016148405738,32.1609160721817));
#12498=CARTESIAN_POINT('',(-16.3902101540544,15.0154643283738,32.160482734047));
#12499=CARTESIAN_POINT('',(-16.0060502091255,14.9494688720118,32.1270170932397));
#12500=CARTESIAN_POINT('',(-15.6626547095355,14.8904764054434,32.0971025990406));
#12501=CARTESIAN_POINT('',(-15.3269356117709,14.7791310872942,32.0431052455866));
#12502=CARTESIAN_POINT('',(-15.0179501118904,14.6227259982606,31.9945164999586));
#12503=CARTESIAN_POINT('',(-14.6732021280643,14.4482183300195,31.9403040139411));
#12504=CARTESIAN_POINT('',(-14.3500844735202,14.2103784725683,31.8917639318843));
#12505=CARTESIAN_POINT('',(-14.0793083034331,13.9296020666318,31.9011430496333));
#12506=CARTESIAN_POINT('',(-13.9069809213779,13.7509103340383,31.9071121081629));
#12507=CARTESIAN_POINT('',(-13.7522510467634,13.5506881355111,31.9374281406655));
#12508=CARTESIAN_POINT('',(-13.625949773401,13.3474608106325,32.0038339712286));
#12509=CARTESIAN_POINT('',(-13.4988997878996,13.1430287570836,32.070633454604));
#12510=CARTESIAN_POINT('',(-13.3974920896388,12.9298370499907,32.1771912525827));
#12511=CARTESIAN_POINT('',(-13.3251512655328,12.7386566924358,32.3207642666424));
#12512=CARTESIAN_POINT('',(-13.261421229142,12.5702326898792,32.4472476669055));
#12513=CARTESIAN_POINT('',(-13.2176931862428,12.4143389987701,32.6056385997405));
#12514=CARTESIAN_POINT('',(-13.1884962000095,12.2879837367139,32.7834252597104));
#12515=CARTESIAN_POINT('',(-13.1597206230814,12.1634521999822,32.9586458687784));
#12516=CARTESIAN_POINT('',(-13.1437641938611,12.0641215911326,33.1570966245562));
#12517=CARTESIAN_POINT('',(-13.1343164669629,11.9984593301959,33.3635853827384));
#12518=CARTESIAN_POINT('',(-13.1244181354649,11.9296653406289,33.5799225187648));
#12519=CARTESIAN_POINT('',(-13.1211053293499,11.8959407433063,33.8108181347355));
#12520=CARTESIAN_POINT('',(-13.1215788498814,11.9000563110048,34.038007888624));
#12521=CARTESIAN_POINT('',(-13.1220641079915,11.9042738949752,34.2708291989387));
#12522=CARTESIAN_POINT('',(-13.1265351992696,11.9484119143456,34.5061761112458));
#12523=CARTESIAN_POINT('',(-13.1387923201216,12.0286333916318,34.7244375682123));
#12524=CARTESIAN_POINT('',(-13.1510424860836,12.1088093499458,34.9425751800749));
#12525=CARTESIAN_POINT('',(-13.1718107874959,12.2275538592807,35.149850473871));
#12526=CARTESIAN_POINT('',(-13.2092112791874,12.3727955157503,35.3278064600418));
#12527=CARTESIAN_POINT('',(-13.245539388304,12.5138726648964,35.500659922421));
#12528=CARTESIAN_POINT('',(-13.2992938281745,12.684114901277,35.6505992394481));
#12529=CARTESIAN_POINT('',(-13.3750338623236,12.8632176309643,35.7658662009995));
#12530=CARTESIAN_POINT('',(-13.4472758178087,13.0340484415219,35.8758095196006));
#12531=CARTESIAN_POINT('',(-13.5415965987024,13.2170200418741,35.9572945795135));
#12532=CARTESIAN_POINT('',(-13.654614425011,13.3928053320468,36.010361536921));
#12533=CARTESIAN_POINT('',(-13.7707149716162,13.5733854134447,36.064875970289));
#12534=CARTESIAN_POINT('',(-13.9088778245574,13.7503759791657,36.0912963948525));
#12535=CARTESIAN_POINT('',(-14.0613766343239,13.9108697641399,36.0980922884359));
#12536=CARTESIAN_POINT('',(-14.2892743623209,14.1507153669303,36.1082482280773));
#12537=CARTESIAN_POINT('',(-14.5550067130891,14.3602983787208,36.0757951905355));
#12538=CARTESIAN_POINT('',(-14.8387380889067,14.525350139991,36.0331237341236));
#12539=CARTESIAN_POINT('',(-15.1302499386175,14.6949279460664,35.9892821422213));
#12540=CARTESIAN_POINT('',(-15.4483779266491,14.822819125596,35.9339365152524));
#12541=CARTESIAN_POINT('',(-15.7769126107116,14.9021702261718,35.8961709195187));
#12542=CARTESIAN_POINT('',(-16.1606468726393,14.9948537006717,35.8520600426215));
#12543=CARTESIAN_POINT('',(-16.5709067492943,15.0222911597366,35.8347858258134));
#12544=CARTESIAN_POINT('',(-16.9653420032358,14.9807366925498,35.8567411529154));
#12545=CARTESIAN_POINT('',(-17.315680057969,14.9438279450324,35.8762419113062));
#12546=CARTESIAN_POINT('',(-17.6622131870948,14.8527285304768,35.9245362998845));
#12547=CARTESIAN_POINT('',(-17.9829865863685,14.7145891018022,35.9745484222071));
#12548=CARTESIAN_POINT('',(-18.3278337095008,14.5660824467072,36.0283139044564));
#12549=CARTESIAN_POINT('',(-18.6538555225704,14.3582845542382,36.0846010685707));
#12550=CARTESIAN_POINT('',(-18.9360139661276,14.1051260919567,36.0973249723057));
#12551=CARTESIAN_POINT('',(-19.1330849043395,13.9283099206979,36.1062118644191));
#12552=CARTESIAN_POINT('',(-19.3129052787722,13.7249416129931,36.0933755853098));
#12553=CARTESIAN_POINT('',(-19.4623853786388,13.5122032195195,36.0426019145354));
#12554=CARTESIAN_POINT('',(-19.5896528749391,13.3310775531031,35.9993731639311));
#12555=CARTESIAN_POINT('',(-19.6975948174996,13.1390614241607,35.9269422105194));
#12556=CARTESIAN_POINT('',(-19.7809042131855,12.957118456504,35.8228818980133));
#12557=CARTESIAN_POINT('',(-19.8644148456756,12.7747359991468,35.7185702241264));
#12558=CARTESIAN_POINT('',(-19.9256095219699,12.5979341329892,35.5793274467416));
#12559=CARTESIAN_POINT('',(-19.967742865749,12.4482330329332,35.4152156745141));
#12560=CARTESIAN_POINT('',(-20.0077836269472,12.3059669448232,35.259254630548));
#12561=CARTESIAN_POINT('',(-20.0323203542725,12.1842456309992,35.0770093022631));
#12562=CARTESIAN_POINT('',(-20.0478357628434,12.0941790858409,34.8825509798426));
#12563=CARTESIAN_POINT('',(-20.0639457514839,12.0006610187687,34.6806406433588));
#12564=CARTESIAN_POINT('',(-20.0711333269289,11.9386827135145,34.4603231613205));
#12565=CARTESIAN_POINT('',(-20.0741490864492,11.9133241854767,34.238691045344));
#12566=CARTESIAN_POINT('',(-20.077278064491,11.8870136401999,34.0087383519726));
#12567=CARTESIAN_POINT('',(-20.0761398304097,11.8994343916611,33.7711212514112));
#12568=CARTESIAN_POINT('',(-20.0696506249541,11.9495392248402,33.5452281962064));
#12569=CARTESIAN_POINT('',(-20.0631090201031,12.0000486472999,33.3175110872544));
#12570=CARTESIAN_POINT('',(-20.0507200515179,12.0904276723578,33.0952940353693));
#12571=CARTESIAN_POINT('',(-20.0254189740626,12.2121699208159,32.8978408599564));
#12572=CARTESIAN_POINT('',(-20.0005074168869,12.3320378983173,32.7034275557196));
#12573=CARTESIAN_POINT('',(-19.9617295167477,12.4860426600065,32.5275507209666));
#12574=CARTESIAN_POINT('',(-19.9020176568705,12.6565880620678,32.3856556533948));
#12575=CARTESIAN_POINT('',(-19.8450609518384,12.8192643575265,32.250307742179));
#12576=CARTESIAN_POINT('',(-19.7670169401015,13.0011997286575,32.1422161857125));
#12577=CARTESIAN_POINT('',(-19.6683146128022,13.1813974425844,32.065970956983));
#12578=CARTESIAN_POINT('',(-19.5710828041314,13.3589104772096,31.9908616693427));
#12579=CARTESIAN_POINT('',(-19.4516480900068,13.5387236315318,31.9442941410917));
#12580=CARTESIAN_POINT('',(-19.3164330619006,13.7053571465009,31.9207044180674));
#12581=CARTESIAN_POINT('',(-19.2332091428896,13.8079189278986,31.906185105932));
#12582=CARTESIAN_POINT('',(-19.1433239121405,13.9067070617081,31.8999723950037));
#12583=CARTESIAN_POINT('',(-19.0484236325001,13.9997118306615,31.8999723950037));
#12584=CARTESIAN_POINT('',(-19.0484236325001,13.9997118306615,31.8999723950037));
#12585=CARTESIAN_POINT('',(-16.5986400723044,11.4999997456015,27.4999997290637));
#12586=CARTESIAN_POINT('',(-87.8739900883351,14.1999997460215,31.9095454646947));
#12587=CARTESIAN_POINT('',(-12.5986400720944,14.1999997460215,31.9095454646947));
#12588=CARTESIAN_POINT('',(-13.5986400720944,14.1999997460215,31.9095454646947));
#12589=CARTESIAN_POINT('',(-13.5986400720944,14.1999997460215,18.6231053546837));
#12590=CARTESIAN_POINT('',(-13.5986400720944,14.1999997460215,26.6231053546837));
#12591=CARTESIAN_POINT('',(-13.5986400720944,14.1999997460215,26.6231053546837));
#12592=CARTESIAN_POINT('',(-12.5986400720944,14.1999997460215,26.6231053546837));
#12593=CARTESIAN_POINT('',(-12.5986400720944,14.1999997460215,31.5025698225837));
#12594=CARTESIAN_POINT('',(-12.5986400720944,14.1999997460215,14.4999997290637));
#12595=CARTESIAN_POINT('',(-13.5986400720944,14.1999997460215,18.6231053546837));
#12596=CARTESIAN_POINT('',(-13.5986400720944,14.1999997460215,36.0903993253126));
#12597=CARTESIAN_POINT('',(-87.8739900883351,14.1999997460215,36.0903993253126));
#12598=CARTESIAN_POINT('',(-12.5986400720944,14.1999997460215,36.0903993253126));
#12599=CARTESIAN_POINT('',(-12.5986400720944,14.1999997460215,31.5025698225837));
#12600=CARTESIAN_POINT('',(-12.5986400720944,14.1999997460215,46.0117940051454));
#12601=CARTESIAN_POINT('',(23.0166649499646,14.1999997460215,15.135833159346));
#12602=CARTESIAN_POINT('',(-12.5986400720944,14.1999997460215,14.4999997290637));
#12603=CARTESIAN_POINT('',(-16.5986400723044,11.4999997456015,38.7999997290637));
#12604=CARTESIAN_POINT('',(-17.3130181970554,11.4999997456015,38.7999997290637));
#12605=CARTESIAN_POINT('',(-16.5986400723044,11.4999997456015,29.8019633366264));
#12606=CARTESIAN_POINT('',(-17.5486400723044,11.4999997456015,29.8019633366264));
#12607=CARTESIAN_POINT('',(-16.1969468893335,12.2051203901909,35.0905876166972));
#12608=CARTESIAN_POINT('',(-16.2409630450316,12.2290107932234,35.1298989264411));
#12609=CARTESIAN_POINT('',(-16.2918145447451,12.2514692934929,35.1638457511413));
#12610=CARTESIAN_POINT('',(-16.3474957309787,12.2689541143157,35.1892905724942));
#12611=CARTESIAN_POINT('',(-16.4034848186466,12.2865356213224,35.2148760966144));
#12612=CARTESIAN_POINT('',(-16.4659829557647,12.299366644211,35.2324113905709));
#12613=CARTESIAN_POINT('',(-16.5293775571964,12.304634304146,35.2396143510144));
#12614=CARTESIAN_POINT('',(-16.5879284397984,12.3094994840111,35.2462669630947));
#12615=CARTESIAN_POINT('',(-16.6488945929361,12.308021678424,35.2442986948655));
#12616=CARTESIAN_POINT('',(-16.7066234537494,12.3005078180714,35.2339520235218));
#12617=CARTESIAN_POINT('',(-16.7609989143842,12.2934304288408,35.2242063778877));
#12618=CARTESIAN_POINT('',(-16.8138945935949,12.2809255679007,35.2068560857571));
#12619=CARTESIAN_POINT('',(-16.861928932401,12.2650392941334,35.1835733374734));
#12620=CARTESIAN_POINT('',(-16.9134799328798,12.2479899638639,35.158586026359));
#12621=CARTESIAN_POINT('',(-16.9606253155149,12.2267759930421,35.1262823461057));
#12622=CARTESIAN_POINT('',(-17.0018194991224,12.2043118086428,35.0892559948688));
#12623=CARTESIAN_POINT('',(-17.06577955825,12.1694328418418,35.0317671115603));
#12624=CARTESIAN_POINT('',(-17.1172038882839,12.1308849025754,34.9614623688716));
#12625=CARTESIAN_POINT('',(-17.1576433022798,12.0956534621003,34.8857272872353));
#12626=CARTESIAN_POINT('',(-17.2185032308774,12.0426313547099,34.7717485915702));
#12627=CARTESIAN_POINT('',(-17.2573668633873,11.9956110806758,34.6421387057386));
#12628=CARTESIAN_POINT('',(-17.2839945014777,11.9623697656056,34.5091259179749));
#12629=CARTESIAN_POINT('',(-17.3214679614542,11.9155887824175,34.3219350991083));
#12630=CARTESIAN_POINT('',(-17.3369679160828,11.8940484027319,34.1216703887383));
#12631=CARTESIAN_POINT('',(-17.3390294348005,11.9010415506896,33.9252525451476));
#12632=CARTESIAN_POINT('',(-17.3411176396819,11.9081252242829,33.7262920912398));
#12633=CARTESIAN_POINT('',(-17.3294648854262,11.9449127016255,33.5246576501764));
#12634=CARTESIAN_POINT('',(-17.2905260370456,12.006338551319,33.3393189539292));
#12635=CARTESIAN_POINT('',(-17.2669000858051,12.0436083779861,33.2268656281991));
#12636=CARTESIAN_POINT('',(-17.2321920753641,12.0907269382404,33.1181325318194));
#12637=CARTESIAN_POINT('',(-17.1799607416007,12.1414670393287,33.0217462987026));
#12638=CARTESIAN_POINT('',(-17.1409283951382,12.1793849913034,32.9497171052252));
#12639=CARTESIAN_POINT('',(-17.0909733283066,12.220049964787,32.8832156153746));
#12640=CARTESIAN_POINT('',(-17.029268886247,12.2568078903214,32.8285263421498));
#12641=CARTESIAN_POINT('',(-16.9805797674355,12.2858124634747,32.7853726820101));
#12642=CARTESIAN_POINT('',(-16.9233558728977,12.3128748454453,32.74868815333));
#12643=CARTESIAN_POINT('',(-16.8605636298756,12.3333433113299,32.7219990158675));
#12644=CARTESIAN_POINT('',(-16.7974265508899,12.3539241838244,32.6951633097526));
#12645=CARTESIAN_POINT('',(-16.7266391995575,12.3682181615786,32.67774485256));
#12646=CARTESIAN_POINT('',(-16.6554159454624,12.3730039932977,32.6718829357204));
#12647=CARTESIAN_POINT('',(-16.5929578338279,12.3772008530955,32.6667424200137));
#12648=CARTESIAN_POINT('',(-16.5283848592487,12.3742433659959,32.6702790829284));
#12649=CARTESIAN_POINT('',(-16.4674503005582,12.3646842695708,32.6821389933653));
#12650=CARTESIAN_POINT('',(-16.4089150680057,12.3555015669425,32.6935319144006));
#12651=CARTESIAN_POINT('',(-16.3522348332179,12.3400905285756,32.7128501914721));
#12652=CARTESIAN_POINT('',(-16.3011069448779,12.320844708256,32.7384633045466));
#12653=CARTESIAN_POINT('',(-16.2465970042106,12.3003257985616,32.7657706962524));
#12654=CARTESIAN_POINT('',(-16.1971189189983,12.2750947525736,32.8008013098044));
#12655=CARTESIAN_POINT('',(-16.1544258830568,12.248537062181,32.8409266969238));
#12656=CARTESIAN_POINT('',(-16.0911492906616,12.2091751355139,32.9003977021935));
#12657=CARTESIAN_POINT('',(-16.0409886138445,12.1661100800835,32.9725911609144));
#12658=CARTESIAN_POINT('',(-16.0024852503235,12.1266699448984,33.0503861197359));
#12659=CARTESIAN_POINT('',(-15.9466112752831,12.0694365780594,33.1632779086598));
#12660=CARTESIAN_POINT('',(-15.9126616177469,12.0182050785957,33.2912296344112));
#12661=CARTESIAN_POINT('',(-15.8912885927318,11.9806261809437,33.4226569360875));
#12662=CARTESIAN_POINT('',(-15.861438929049,11.9281433220273,33.6062089017548));
#12663=CARTESIAN_POINT('',(-15.8540914007539,11.9001005911635,33.8026434703539));
#12664=CARTESIAN_POINT('',(-15.8596335548821,11.8997159938195,33.9957908586739));
#12665=CARTESIAN_POINT('',(-15.8652625592824,11.8993253695078,34.1919650309576));
#12666=CARTESIAN_POINT('',(-15.8842145167052,11.9275815605749,34.3910055425112));
#12667=CARTESIAN_POINT('',(-15.9276353123005,11.9799962528517,34.5750801977261));
#12668=CARTESIAN_POINT('',(-15.9542601828696,12.0121360231774,34.6879515489526));
#12669=CARTESIAN_POINT('',(-15.9910871068282,12.054002570604,34.7973647943397));
#12670=CARTESIAN_POINT('',(-16.0445906329225,12.0999378204232,34.8948794907533));
#12671=CARTESIAN_POINT('',(-16.0845161858558,12.1342157527772,34.967647183981));
#12672=CARTESIAN_POINT('',(-16.1348637200832,12.1714238551057,35.0351404596867));
#12673=CARTESIAN_POINT('',(-16.1969468893335,12.2051203901909,35.0905876166972));
#12674=CARTESIAN_POINT('',(-16.1969468893335,12.2051203901909,35.0905876166972));
#12675=CARTESIAN_POINT('',(-16.5986400723044,11.4999997456015,29.8039262713098));
#12676=CARTESIAN_POINT('',(-12.5986400720944,-14.2000005618385,31.5025698225837));
#12677=CARTESIAN_POINT('',(-12.5986400720944,-14.2000005618385,43.507963503549));
#12678=CARTESIAN_POINT('',(-12.5986400720944,-14.2000005618385,26.6231053546837));
#12679=CARTESIAN_POINT('',(-12.5986400720944,-14.2000005618385,26.6231053546837));
#12680=CARTESIAN_POINT('',(-13.5986400720944,-14.2000005618385,26.6231053546837));
#12681=CARTESIAN_POINT('',(-13.5986400720944,-14.2000005618385,18.6231053546837));
#12682=CARTESIAN_POINT('',(-13.5986400720944,-14.2000005618385,43.507963503549));
#12683=CARTESIAN_POINT('',(-6.87399008833511,-14.2000005618385,43.507963503549));
#12684=CARTESIAN_POINT('',(-13.5986400720944,-14.2000005618385,14.4999997290637));
#12685=CARTESIAN_POINT('',(-19.9527420386844,-10.5000005618385,31.4999997290637));
#12686=CARTESIAN_POINT('',(-19.9527420386844,-10.5000005618385,48.1999997290637));
#12687=CARTESIAN_POINT('',(-19.9527420386844,-10.5000005618385,28.7999997290637));
#12688=CARTESIAN_POINT('',(-16.5986400723044,-11.5000005614185,28.7999997290637));
#12689=CARTESIAN_POINT('',(-19.4709213958744,-9.50000056184349,28.7999997290637));
#12690=CARTESIAN_POINT('',(-19.4709213958744,-9.50000056184349,31.4999997290637));
#12691=CARTESIAN_POINT('',(-19.4709213958744,-9.50000056184349,48.499972380192));
#12692=CARTESIAN_POINT('',(-16.5986400723044,-11.5000005614185,48.499972380192));
#12693=CARTESIAN_POINT('',(-17.7586677047426,-8.1978291709574,48.499972380192));
#12694=CARTESIAN_POINT('',(-16.5986400723044,-11.5000005614185,47.4943100550774));
#12695=CARTESIAN_POINT('',(-16.5986400723044,-11.5000005614185,47.4943100550774));
#12696=CARTESIAN_POINT('',(-13.1354555670438,-12.0063137871222,44.4919730111071));
#12697=CARTESIAN_POINT('',(-19.8430644372237,-12.8129021343934,48.1999997290642));
#12698=CARTESIAN_POINT('',(-19.8631748183584,-12.7632056362823,48.1731778061313));
#12699=CARTESIAN_POINT('',(-19.8817925788984,-12.7139043469241,48.1443888383261));
#12700=CARTESIAN_POINT('',(-19.8989414051461,-12.6653378998931,48.1137163280796));
#12701=CARTESIAN_POINT('',(-19.9698309404711,-12.4645747215472,47.9869228107157));
#12702=CARTESIAN_POINT('',(-20.0159930410648,-12.2736630954395,47.8246248435109));
#12703=CARTESIAN_POINT('',(-20.0446625021654,-12.1123153602721,47.6387411529939));
#12704=CARTESIAN_POINT('',(-20.073437916619,-11.9503713343863,47.4521704945486));
#12705=CARTESIAN_POINT('',(-20.085993641363,-11.8138369635392,47.237413012035));
#12706=CARTESIAN_POINT('',(-20.0921293016546,-11.713385201011,47.00996125964));
#12707=CARTESIAN_POINT('',(-20.0987481089371,-11.6050234557761,46.7645990258083));
#12708=CARTESIAN_POINT('',(-20.0985451015972,-11.5357662897941,46.4980907842581));
#12709=CARTESIAN_POINT('',(-20.0986228533356,-11.5109792901779,46.2309310926207));
#12710=CARTESIAN_POINT('',(-20.0987036784816,-11.4852124982807,45.9532109859386));
#12711=CARTESIAN_POINT('',(-20.0992808994219,-11.5068800616716,45.6672480709624));
#12712=CARTESIAN_POINT('',(-20.0978535519492,-11.5741964094995,45.3965843243187));
#12713=CARTESIAN_POINT('',(-20.096421490728,-11.6417350664257,45.1250267232786));
#12714=CARTESIAN_POINT('',(-20.0925825817079,-11.7572682466382,44.8611844892337));
#12715=CARTESIAN_POINT('',(-20.0744787973101,-11.9105430777924,44.6277618451169));
#12716=CARTESIAN_POINT('',(-20.0566117760398,-12.0618133651684,44.3973919260001));
#12717=CARTESIAN_POINT('',(-20.0234257287597,-12.2548897540221,44.1899709400326));
#12718=CARTESIAN_POINT('',(-19.9622170023571,-12.4676524800428,44.0248717451399));
#12719=CARTESIAN_POINT('',(-19.9051887042196,-12.6658839559315,43.8710484806815));
#12720=CARTESIAN_POINT('',(-19.8214399648688,-12.8866674781073,43.7497246070888));
#12721=CARTESIAN_POINT('',(-19.7099169177272,-13.1031089143179,43.6665064831166));
#12722=CARTESIAN_POINT('',(-19.6043597497577,-13.3079719056297,43.5877400781862));
#12723=CARTESIAN_POINT('',(-19.4715713561172,-13.5137207045265,43.5404437293804));
#12724=CARTESIAN_POINT('',(-19.318994837453,-13.7021971810992,43.5178089951059));
#12725=CARTESIAN_POINT('',(-19.1170556498519,-13.9516509430165,43.4878513063936));
#12726=CARTESIAN_POINT('',(-18.8752770332836,-14.1777039931724,43.499290628174));
#12727=CARTESIAN_POINT('',(-18.6125761841868,-14.3625276507673,43.5263564260327));
#12728=CARTESIAN_POINT('',(-18.3450273507641,-14.5507621165046,43.5539217067223));
#12729=CARTESIAN_POINT('',(-18.0494162995154,-14.7018281442537,43.5977861616107));
#12730=CARTESIAN_POINT('',(-17.7410155941359,-14.8083200996615,43.6341579282933));
#12731=CARTESIAN_POINT('',(-17.3715166188957,-14.9359095237715,43.6777354243317));
#12732=CARTESIAN_POINT('',(-16.9723924372161,-15.0021450189299,43.7094959157699));
#12733=CARTESIAN_POINT('',(-16.5790709462864,-14.9999458537491,43.7085365124936));
#12734=CARTESIAN_POINT('',(-16.2060102267406,-14.9978599719357,43.7076265299861));
#12735=CARTESIAN_POINT('',(-15.8287729162405,-14.9343571232603,43.6776251482002));
#12736=CARTESIAN_POINT('',(-15.4775013101434,-14.8155771139927,43.6366489650253));
#12737=CARTESIAN_POINT('',(-15.1273472008712,-14.6971749783731,43.5958031389696));
#12738=CARTESIAN_POINT('',(-14.7927929083235,-14.5210097078242,43.5445295852905));
#12739=CARTESIAN_POINT('',(-14.4962486664889,-14.2982054103802,43.5177881354259));
#12740=CARTESIAN_POINT('',(-14.2478617847597,-14.1115834603616,43.495389368538));
#12741=CARTESIAN_POINT('',(-14.0202082489093,-13.8869359023175,43.4903324189345));
#12742=CARTESIAN_POINT('',(-13.8307953088263,-13.6422039516891,43.5257514882714));
#12743=CARTESIAN_POINT('',(-13.6742226140129,-13.4399034066469,43.5550296312083));
#12744=CARTESIAN_POINT('',(-13.5405112761872,-13.2190916838976,43.6134606545147));
#12745=CARTESIAN_POINT('',(-13.4376272215023,-13.0026641155995,43.7076503987096));
#12746=CARTESIAN_POINT('',(-13.3344542693248,-12.7856288206521,43.8021046268521));
#12747=CARTESIAN_POINT('',(-13.2595025683779,-12.5675673520925,43.9356311494871));
#12748=CARTESIAN_POINT('',(-13.2097898371835,-12.3750400370543,44.1003504739433));
#12749=CARTESIAN_POINT('',(-13.1749415115094,-12.2400795467651,44.2158177300274));
#12750=CARTESIAN_POINT('',(-13.1513558323936,-12.1150716662249,44.3481664317588));
#12751=CARTESIAN_POINT('',(-13.1354555670438,-12.0063137871222,44.4919730111071));
#12752=CARTESIAN_POINT('',(-19.8430644372237,-12.8129021343934,48.1999997290642));
#12753=CARTESIAN_POINT('',(-16.5986400723044,-11.5000005614185,48.1999997290637));
#12754=CARTESIAN_POINT('',(-16.5986400723044,-11.5000005614185,27.4999997290637));
#12755=CARTESIAN_POINT('',(-6.87399008833511,-12.8129021343946,48.1999997290637));
#12756=CARTESIAN_POINT('',(10.1326256984756,-10.5000005618385,48.1999997290637));
#12757=CARTESIAN_POINT('',(10.1326256984756,-131.000287513798,48.1999997290637));
#12758=CARTESIAN_POINT('',(-2.59999967310434,9.49999974602651,48.499972380192));
#12759=CARTESIAN_POINT('',(-21.1972801638944,9.49999974602651,48.499972380192));
#12760=CARTESIAN_POINT('',(-17.7586678848116,-15.0002864347955,48.499972380192));
#12761=CARTESIAN_POINT('',(-2.59999967310434,-9.50000056184349,48.499972380192));
#12762=CARTESIAN_POINT('',(-21.1972801638944,-9.50000056184349,48.499972380192));
#12763=CARTESIAN_POINT('',(-21.1972801638944,-15.0002868360631,48.499972380192));
#12764=CARTESIAN_POINT('',(-2.59999967310434,-15.0002868360631,48.499972380192));
#12765=CARTESIAN_POINT('',(6.34390032689561,29.3299995920915,15.9999997290637));
#12766=CARTESIAN_POINT('',(1.74390032689561,29.3299995920915,15.9999997290637));
#12767=CARTESIAN_POINT('',(3.7265459859416,21.2430065629215,15.9999997290637));
#12768=CARTESIAN_POINT('',(6.34390032689561,-29.3350004079085,15.9999997290637));
#12769=CARTESIAN_POINT('',(1.74390032689561,-29.3350004079085,15.9999997290637));
#12770=CARTESIAN_POINT('',(3.7265459859416,-21.2480073787385,15.9999997290637));
#12771=CARTESIAN_POINT('',(12.4942680384844,38.2074211901862,24.2554666649524));
#12772=CARTESIAN_POINT('',(16.3287668646997,37.3984458791492,20.8358490857633));
#12773=CARTESIAN_POINT('',(20.1641301907503,36.5880067792416,17.4175750129185));
#12774=CARTESIAN_POINT('',(24.0000393710201,35.7770256499262,14.000027275761));
#12775=CARTESIAN_POINT('',(12.494269097771,38.2074302043804,24.2554657202774));
#12776=CARTESIAN_POINT('',(12.494269097771,-38.237338161483,24.2554657202774));
#12777=CARTESIAN_POINT('',(12.494269097771,-38.2273618564288,24.2554657202774));
#12778=CARTESIAN_POINT('',(12.494269097771,-38.2173855513745,24.2554657202774));
#12779=CARTESIAN_POINT('',(12.494269097771,-38.2074092463202,24.2554657202774));
#12780=CARTESIAN_POINT('',(12.494269097771,-12.7357991383968,24.2554657202774));
#12781=CARTESIAN_POINT('',(12.494269097771,12.7358109695267,24.2554657202774));
#12782=CARTESIAN_POINT('',(12.494269097771,38.2074210774501,24.2554657202774));
#12783=CARTESIAN_POINT('',(12.4942309173178,-38.237338161483,24.2554997697226));
#12784=CARTESIAN_POINT('',(19.5123588129335,-36.7249701716244,17.9999996686198));
#12785=CARTESIAN_POINT('',(17.1718644403709,-37.219314977012,20.0862253816762));
#12786=CARTESIAN_POINT('',(14.8308584332484,-37.7144558972249,22.1716880485675));
#12787=CARTESIAN_POINT('',(12.4907999615521,-38.2081416213211,24.2585595067946));
#12788=CARTESIAN_POINT('',(19.5123587451231,-36.7249695954905,17.9999997290633));
#12789=CARTESIAN_POINT('',(19.5123587451231,-36.7249695954905,17.9999997290633));
#12790=CARTESIAN_POINT('',(19.847633535233,-36.654154912663,17.7011488126629));
#12791=CARTESIAN_POINT('',(20.1829131665227,-36.5833352842502,17.4023044991185));
#12792=CARTESIAN_POINT('',(20.5181973964808,-36.5125065353767,17.1034675069386));
#12793=CARTESIAN_POINT('',(21.6788247964092,-36.267324151894,16.0690066816275));
#12794=CARTESIAN_POINT('',(22.8392326199347,-36.0224294550177,15.0342312411539));
#12795=CARTESIAN_POINT('',(24.0000394924904,-35.7770136843676,14.0000271675388));
#12796=CARTESIAN_POINT('',(11.4814208719894,-39.1895146879345,25.1587269333858));
#12797=CARTESIAN_POINT('',(11.4814208719894,-38.9333740303953,25.1587269333858));
#12798=CARTESIAN_POINT('',(11.4814208719894,-38.6772333728561,25.1587269333858));
#12799=CARTESIAN_POINT('',(11.4814208719894,-38.4210927153168,25.1587269333858));
#12800=CARTESIAN_POINT('',(11.4814208719894,-12.8070269613957,25.1587269333858));
#12801=CARTESIAN_POINT('',(11.4814208719894,12.8070387925257,25.1587269333858));
#12802=CARTESIAN_POINT('',(11.4814208719894,38.4211045464467,25.1587269333858));
#12803=CARTESIAN_POINT('',(11.4814208719894,38.677245203986,25.1587269333858));
#12804=CARTESIAN_POINT('',(11.4814208719894,38.9333858615252,25.1587269333858));
#12805=CARTESIAN_POINT('',(11.4814208719894,39.1895265190644,25.1587269333858));
#12806=CARTESIAN_POINT('',(11.819011387228,-39.1168678087963,24.8576626568556));
#12807=CARTESIAN_POINT('',(11.819011387228,-38.8612019674605,24.8576626568556));
#12808=CARTESIAN_POINT('',(11.819011387228,-38.6055361261249,24.8576626568556));
#12809=CARTESIAN_POINT('',(11.819011387228,-38.3498702847892,24.8576626568556));
#12810=CARTESIAN_POINT('',(11.819011387228,-12.7832861512198,24.8576626568556));
#12811=CARTESIAN_POINT('',(11.819011387228,12.7832979823497,24.8576626568556));
#12812=CARTESIAN_POINT('',(11.819011387228,38.3498821159191,24.8576626568556));
#12813=CARTESIAN_POINT('',(11.819011387228,38.6055479572548,24.8576626568556));
#12814=CARTESIAN_POINT('',(11.819011387228,38.8612137985905,24.8576626568556));
#12815=CARTESIAN_POINT('',(11.819011387228,39.1168796399262,24.8576626568556));
#12816=CARTESIAN_POINT('',(12.1566019024666,-39.044220929658,24.5565983803253));
#12817=CARTESIAN_POINT('',(12.1566019024666,-38.7890299045258,24.5565983803253));
#12818=CARTESIAN_POINT('',(12.1566019024666,-38.5338388793937,24.5565983803253));
#12819=CARTESIAN_POINT('',(12.1566019024666,-38.2786478542615,24.5565983803253));
#12820=CARTESIAN_POINT('',(12.1566019024666,-12.7595453410439,24.5565983803253));
#12821=CARTESIAN_POINT('',(12.1566019024666,12.7595571721738,24.5565983803253));
#12822=CARTESIAN_POINT('',(12.1566019024666,38.2786596853914,24.5565983803253));
#12823=CARTESIAN_POINT('',(12.1566019024666,38.5338507105236,24.5565983803253));
#12824=CARTESIAN_POINT('',(12.1566019024666,38.7890417356558,24.5565983803253));
#12825=CARTESIAN_POINT('',(12.1566019024666,39.0442327607879,24.5565983803253));
#12826=CARTESIAN_POINT('',(12.4941924177053,-38.9715740505198,24.2555341037951));
#12827=CARTESIAN_POINT('',(12.4941924177053,-38.7168578415911,24.2555341037951));
#12828=CARTESIAN_POINT('',(12.4941924177053,-38.4621416326625,24.2555341037951));
#12829=CARTESIAN_POINT('',(12.4941924177053,-38.2074254237338,24.2555341037951));
#12830=CARTESIAN_POINT('',(12.4941924177053,-12.735804530868,24.2555341037951));
#12831=CARTESIAN_POINT('',(12.4941924177053,12.7358163619979,24.2555341037951));
#12832=CARTESIAN_POINT('',(12.4941924177053,38.2074372548637,24.2555341037951));
#12833=CARTESIAN_POINT('',(12.4941924177053,38.4621534637924,24.2555341037951));
#12834=CARTESIAN_POINT('',(12.4941924177053,38.716869672721,24.2555341037951));
#12835=CARTESIAN_POINT('',(12.4941924177053,38.9715858816497,24.2555341037951));
#12836=CARTESIAN_POINT('',(12.9732738252972,-38.8684794209503,23.8282878072758));
#12837=CARTESIAN_POINT('',(12.9732738252972,-38.6144370331299,23.8282878072758));
#12838=CARTESIAN_POINT('',(12.9732738252972,-38.3603946453096,23.8282878072758));
#12839=CARTESIAN_POINT('',(12.9732738252972,-38.1063522574892,23.8282878072758));
#12840=CARTESIAN_POINT('',(12.9732738252972,-12.7021134754531,23.8282878072758));
#12841=CARTESIAN_POINT('',(12.9732738252972,12.702125306583,23.8282878072758));
#12842=CARTESIAN_POINT('',(12.9732738252972,38.1063640886191,23.8282878072758));
#12843=CARTESIAN_POINT('',(12.9732738252972,38.3604064764395,23.8282878072758));
#12844=CARTESIAN_POINT('',(12.9732738252972,38.6144488642598,23.8282878072758));
#12845=CARTESIAN_POINT('',(12.9732738252972,38.8684912520802,23.8282878072758));
#12846=CARTESIAN_POINT('',(13.4526407947959,-38.7650606814217,23.4013302167701));
#12847=CARTESIAN_POINT('',(13.4526407947959,-38.5116942330754,23.4013302167701));
#12848=CARTESIAN_POINT('',(13.4526407947959,-38.2583277847291,23.4013302167701));
#12849=CARTESIAN_POINT('',(13.4526407947959,-38.0049613363828,23.4013302167701));
#12850=CARTESIAN_POINT('',(13.4526407947959,-12.668316501751,23.4013302167701));
#12851=CARTESIAN_POINT('',(13.4526407947959,12.6683283328809,23.4013302167701));
#12852=CARTESIAN_POINT('',(13.4526407947959,38.0049731675127,23.4013302167701));
#12853=CARTESIAN_POINT('',(13.4526407947959,38.258339615859,23.4013302167701));
#12854=CARTESIAN_POINT('',(13.4526407947959,38.5117060642053,23.4013302167701));
#12855=CARTESIAN_POINT('',(13.4526407947959,38.7650725125517,23.4013302167701));
#12856=CARTESIAN_POINT('',(14.4112118939691,-38.5584991613559,22.5469655827202));
#12857=CARTESIAN_POINT('',(14.4112118939691,-38.3064827883041,22.5469655827202));
#12858=CARTESIAN_POINT('',(14.4112118939691,-38.0544664152524,22.5469655827202));
#12859=CARTESIAN_POINT('',(14.4112118939691,-37.8024500422006,22.5469655827202));
#12860=CARTESIAN_POINT('',(14.4112118939691,-12.6008127370236,22.5469655827202));
#12861=CARTESIAN_POINT('',(14.4112118939691,12.6008245681535,22.5469655827202));
#12862=CARTESIAN_POINT('',(14.4112118939691,37.8024618733305,22.5469655827202));
#12863=CARTESIAN_POINT('',(14.4112118939691,38.0544782463823,22.5469655827202));
#12864=CARTESIAN_POINT('',(14.4112118939691,38.3064946194341,22.5469655827202));
#12865=CARTESIAN_POINT('',(14.4112118939691,38.5585109924858,22.5469655827202));
#12866=CARTESIAN_POINT('',(14.890528418986,-38.4552684460932,22.11962810205));
#12867=CARTESIAN_POINT('',(14.890528418986,-38.2039267835987,22.11962810205));
#12868=CARTESIAN_POINT('',(14.890528418986,-37.9525851211042,22.11962810205));
#12869=CARTESIAN_POINT('',(14.890528418986,-37.7012434586097,22.11962810205));
#12870=CARTESIAN_POINT('',(14.890528418986,-12.5670772091599,22.11962810205));
#12871=CARTESIAN_POINT('',(14.890528418986,12.5670890402898,22.11962810205));
#12872=CARTESIAN_POINT('',(14.890528418986,37.7012552897396,22.11962810205));
#12873=CARTESIAN_POINT('',(14.890528418986,37.9525969522341,22.11962810205));
#12874=CARTESIAN_POINT('',(14.890528418986,38.2039386147286,22.11962810205));
#12875=CARTESIAN_POINT('',(14.890528418986,38.4552802772231,22.11962810205));
#12876=CARTESIAN_POINT('',(16.3287756272638,-38.1454565076168,20.837534442362));
#12877=CARTESIAN_POINT('',(16.3287756272638,-37.8961397597529,20.837534442362));
#12878=CARTESIAN_POINT('',(16.3287756272638,-37.6468230118889,20.837534442362));
#12879=CARTESIAN_POINT('',(16.3287756272638,-37.397506264025,20.837534442362));
#12880=CARTESIAN_POINT('',(16.3287756272638,-12.4658314776317,20.837534442362));
#12881=CARTESIAN_POINT('',(16.3287756272638,12.4658433087616,20.837534442362));
#12882=CARTESIAN_POINT('',(16.3287756272638,37.3975180951548,20.837534442362));
#12883=CARTESIAN_POINT('',(16.3287756272638,37.6468348430187,20.837534442362));
#12884=CARTESIAN_POINT('',(16.3287756272638,37.8961515908827,20.837534442362));
#12885=CARTESIAN_POINT('',(16.3287756272638,38.1454683387466,20.837534442362));
#12886=CARTESIAN_POINT('',(17.2879018755867,-37.9386627067014,19.9829212851174));
#12887=CARTESIAN_POINT('',(17.2879018755867,-37.6906975523075,19.9829212851174));
#12888=CARTESIAN_POINT('',(17.2879018755867,-37.4427323979136,19.9829212851174));
#12889=CARTESIAN_POINT('',(17.2879018755867,-37.1947672435197,19.9829212851174));
#12890=CARTESIAN_POINT('',(17.2879018755867,-12.3982518041299,19.9829212851174));
#12891=CARTESIAN_POINT('',(17.2879018755867,12.3982636352598,19.9829212851174));
#12892=CARTESIAN_POINT('',(17.2879018755867,37.1947790746496,19.9829212851174));
#12893=CARTESIAN_POINT('',(17.2879018755867,37.4427442290435,19.9829212851174));
#12894=CARTESIAN_POINT('',(17.2879018755867,37.6907093834374,19.9829212851174));
#12895=CARTESIAN_POINT('',(17.2879018755867,37.9386745378313,19.9829212851174));
#12896=CARTESIAN_POINT('',(19.205377219742,-37.5256112053233,18.2736057014396));
#12897=CARTESIAN_POINT('',(19.205377219742,-37.2803457339449,18.2736057014396));
#12898=CARTESIAN_POINT('',(19.205377219742,-37.0350802625665,18.2736057014396));
#12899=CARTESIAN_POINT('',(19.205377219742,-36.7898147911882,18.2736057014396));
#12900=CARTESIAN_POINT('',(19.205377219742,-12.2632676533528,18.2736057014396));
#12901=CARTESIAN_POINT('',(19.205377219742,12.2632794844826,18.2736057014396));
#12902=CARTESIAN_POINT('',(19.205377219742,36.7898266223181,18.2736057014396));
#12903=CARTESIAN_POINT('',(19.205377219742,37.0350920936965,18.2736057014396));
#12904=CARTESIAN_POINT('',(19.205377219742,37.2803575650748,18.2736057014396));
#12905=CARTESIAN_POINT('',(19.205377219742,37.5256230364532,18.2736057014396));
#12906=CARTESIAN_POINT('',(20.1640190267977,-37.3190986234469,17.4191174564983));
#12907=CARTESIAN_POINT('',(20.1640190267977,-37.0751829075056,17.4191174564983));
#12908=CARTESIAN_POINT('',(20.1640190267977,-36.8312671915644,17.4191174564983));
#12909=CARTESIAN_POINT('',(20.1640190267977,-36.5873514756231,17.4191174564983));
#12910=CARTESIAN_POINT('',(20.1640190267977,-12.1957798814977,17.4191174564983));
#12911=CARTESIAN_POINT('',(20.1640190267977,12.1957917126276,17.4191174564983));
#12912=CARTESIAN_POINT('',(20.1640190267977,36.587363306753,17.4191174564983));
#12913=CARTESIAN_POINT('',(20.1640190267977,36.8312790226943,17.4191174564983));
#12914=CARTESIAN_POINT('',(20.1640190267977,37.0751947386355,17.4191174564983));
#12915=CARTESIAN_POINT('',(20.1640190267977,37.3191104545768,17.4191174564983));
#12916=CARTESIAN_POINT('',(22.0818907503029,-36.9057736008281,15.7098084839879));
#12917=CARTESIAN_POINT('',(22.0818907503029,-36.664559355623,15.7098084839879));
#12918=CARTESIAN_POINT('',(22.0818907503029,-36.4233451104178,15.7098084839879));
#12919=CARTESIAN_POINT('',(22.0818907503029,-36.1821308652126,15.7098084839879));
#12920=CARTESIAN_POINT('',(22.0818907503029,-12.0607063446942,15.7098084839879));
#12921=CARTESIAN_POINT('',(22.0818907503029,12.0607181758241,15.7098084839879));
#12922=CARTESIAN_POINT('',(22.0818907503029,36.1821426963425,15.7098084839879));
#12923=CARTESIAN_POINT('',(22.0818907503029,36.4233569415477,15.7098084839879));
#12924=CARTESIAN_POINT('',(22.0818907503029,36.6645711867529,15.7098084839879));
#12925=CARTESIAN_POINT('',(22.0818907503029,36.9057854319581,15.7098084839879));
#12926=CARTESIAN_POINT('',(23.0406879160797,-36.699435007637,14.8547475616378));
#12927=CARTESIAN_POINT('',(23.0406879160797,-36.459569380688,14.8547475616378));
#12928=CARTESIAN_POINT('',(23.0406879160797,-36.2197037537389,14.8547475616378));
#12929=CARTESIAN_POINT('',(23.0406879160797,-35.9798381267899,14.8547475616378));
#12930=CARTESIAN_POINT('',(23.0406879160797,-11.9932754318867,14.8547475616378));
#12931=CARTESIAN_POINT('',(23.0406879160797,11.9932872630166,14.8547475616378));
#12932=CARTESIAN_POINT('',(23.0406879160797,35.9798499579198,14.8547475616378));
#12933=CARTESIAN_POINT('',(23.0406879160797,36.2197155848688,14.8547475616378));
#12934=CARTESIAN_POINT('',(23.0406879160797,36.4595812118179,14.8547475616378));
#12935=CARTESIAN_POINT('',(23.0406879160797,36.6994468387669,14.8547475616378));
#12936=CARTESIAN_POINT('',(24.0000406355323,-36.4925538298731,14.0000261491622));
#12937=CARTESIAN_POINT('',(24.0000406355323,-36.2540403674847,14.0000261491622));
#12938=CARTESIAN_POINT('',(24.0000406355323,-36.0155269050962,14.0000261491622));
#12939=CARTESIAN_POINT('',(24.0000406355323,-35.7770134427077,14.0000261491622));
#12940=CARTESIAN_POINT('',(24.0000406355323,-11.9256672038593,14.0000261491621));
#12941=CARTESIAN_POINT('',(24.0000406355323,11.9256790349892,14.0000261491621));
#12942=CARTESIAN_POINT('',(24.0000406355323,35.7770252738376,14.0000261491622));
#12943=CARTESIAN_POINT('',(24.0000406355323,36.0155387362261,14.0000261491622));
#12944=CARTESIAN_POINT('',(24.0000406355323,36.2540521986146,14.0000261491622));
#12945=CARTESIAN_POINT('',(24.0000406355323,36.4925656610031,14.0000261491622));
#12946=CARTESIAN_POINT('',(20.9941829683032,0.580835463825732,13.9999997290637));
#12947=CARTESIAN_POINT('',(20.9941829683032,0.580835463825732,11.9999997290637));
#12948=CARTESIAN_POINT('',(20.9941829683032,0.580835463825655,13.9999997290636));
#12949=CARTESIAN_POINT('',(20.9941829683032,35.3695421523508,13.9999997290637));
#12950=CARTESIAN_POINT('',(20.9941829683032,23.7733065895091,13.9999997290637));
#12951=CARTESIAN_POINT('',(20.9941829683032,12.1770710266674,13.9999997290637));
#12952=CARTESIAN_POINT('',(20.9941829683032,0.580835463825738,13.9999997290637));
#12953=CARTESIAN_POINT('',(20.9941829683032,35.3695421523508,13.9999997290637));
#12954=CARTESIAN_POINT('',(20.9941829683032,35.3695421523508,11.9999997290637));
#12955=CARTESIAN_POINT('',(20.9941829683032,35.3695421523508,13.9999997290637));
#12956=CARTESIAN_POINT('',(20.9941829683032,35.3695421523508,11.9999997290637));
#12957=CARTESIAN_POINT('',(20.9941829683032,11.7898513278268,11.9999997290637));
#12958=CARTESIAN_POINT('',(20.9941829683032,-11.789839496697,11.9999997290637));
#12959=CARTESIAN_POINT('',(20.9941829683032,-35.3695303212209,11.9999997290637));
#12960=CARTESIAN_POINT('',(20.9941829683032,35.3695421523508,13.9999997290637));
#12961=CARTESIAN_POINT('',(20.9941829683032,11.7898513278268,13.9999997290637));
#12962=CARTESIAN_POINT('',(20.9941829683032,-11.789839496697,13.9999997290637));
#12963=CARTESIAN_POINT('',(20.9941829683032,-35.3695303212209,13.9999997290637));
#12964=CARTESIAN_POINT('',(20.9941829683032,-0.580836279642691,11.9999997290637));
#12965=CARTESIAN_POINT('',(20.9941829683032,-0.580836279642691,13.9999997290637));
#12966=CARTESIAN_POINT('',(20.9941829683032,-0.580836279642667,13.9999997290637));
#12967=CARTESIAN_POINT('',(20.9941829683032,-35.3695303212209,11.9999997290637));
#12968=CARTESIAN_POINT('',(20.9941829683032,-35.3695303212209,13.9999997290637));
#12969=CARTESIAN_POINT('',(20.9941829683032,-35.3695303212209,13.9999997290637));
#12970=CARTESIAN_POINT('',(20.9941829683032,-0.580836279642668,13.9999997290637));
#12971=CARTESIAN_POINT('',(20.9941829683032,-12.1770676268354,13.9999997290637));
#12972=CARTESIAN_POINT('',(20.9941829683032,-23.7732989740282,13.9999997290636));
#12973=CARTESIAN_POINT('',(20.9941829683033,-35.3695303212209,13.9999997290636));
#12974=CARTESIAN_POINT('',(20.9941829683032,35.3695421523508,11.9999997290637));
#12975=CARTESIAN_POINT('',(20.9941829683032,11.7898513278268,11.9999997290637));
#12976=CARTESIAN_POINT('',(20.9941829683032,-11.789839496697,11.9999997290637));
#12977=CARTESIAN_POINT('',(20.9941829683032,-35.3695303212209,11.9999997290637));
#12978=CARTESIAN_POINT('',(20.9941829683032,35.3695421523508,13.9999997290637));
#12979=CARTESIAN_POINT('',(20.9941829683032,11.7898513278268,13.9999997290637));
#12980=CARTESIAN_POINT('',(20.9941829683032,-11.789839496697,13.9999997290637));
#12981=CARTESIAN_POINT('',(20.9941829683032,-35.3695303212209,13.9999997290637));
#12982=CARTESIAN_POINT('',(18.750392800155,-28.3350004079085,15.9999997290637));
#12983=CARTESIAN_POINT('',(18.750392800155,-29.0016670745752,15.9999997290637));
#12984=CARTESIAN_POINT('',(18.750392800155,-29.6683337412418,15.9999997290637));
#12985=CARTESIAN_POINT('',(18.750392800155,-30.3350004079085,15.9999997290637));
#12986=CARTESIAN_POINT('',(18.750392800155,-28.3350004079085,15.9999997290637));
#12987=CARTESIAN_POINT('',(18.750392800155,-30.3350004079085,15.9999997290637));
#12988=CARTESIAN_POINT('',(18.750392800155,-28.3350004079085,15.9999997290637));
#12989=CARTESIAN_POINT('',(18.0024698066145,-28.3350004079085,16.6666413111266));
#12990=CARTESIAN_POINT('',(17.2546075386549,-28.3350004079085,17.3333510203681));
#12991=CARTESIAN_POINT('',(16.5066908973128,-28.3350004079085,17.9999997290637));
#12992=CARTESIAN_POINT('',(20.9941829683032,-0.580836279642655,13.9999997290636));
#12993=CARTESIAN_POINT('',(20.7688877008484,-1.74222319087193,14.2008429027747));
#12994=CARTESIAN_POINT('',(19.9471192343742,-2.51759177966826,14.9333527853959));
#12995=CARTESIAN_POINT('',(18.2504108534507,-3.17282768388968,16.4456298161481));
#12996=CARTESIAN_POINT('',(17.3275663960445,-3.12035781911135,17.2683198051521));
#12997=CARTESIAN_POINT('',(16.5066908973128,-2.65942270373124,17.9999997290637));
#12998=CARTESIAN_POINT('',(16.5066908973128,-36.0930620514836,17.9999997290637));
#12999=CARTESIAN_POINT('',(18.0025865742036,-35.8524012704898,16.6666466971627));
#13000=CARTESIAN_POINT('',(19.4985490838632,-35.6121609151267,15.3333071680272));
#13001=CARTESIAN_POINT('',(20.9941829683032,-35.3695303212209,13.9999997290637));
#13002=CARTESIAN_POINT('',(18.750392800155,-30.3350004079085,15.9999997290637));
#13003=CARTESIAN_POINT('',(18.0024698066145,-30.3350004079085,16.6666413111266));
#13004=CARTESIAN_POINT('',(17.2546075386549,-30.3350004079085,17.333351020368));
#13005=CARTESIAN_POINT('',(16.5066908973128,-30.3350004079085,17.9999997290637));
#13006=CARTESIAN_POINT('',(20.9941829683033,-35.5782624854704,13.9999997290636));
#13007=CARTESIAN_POINT('',(20.9941829683033,-23.8428763621113,13.9999997290636));
#13008=CARTESIAN_POINT('',(20.9941829683032,-12.1074902387522,13.9999997290636));
#13009=CARTESIAN_POINT('',(20.9941829683032,-0.372104115393184,13.9999997290636));
#13010=CARTESIAN_POINT('',(19.4983794218281,-35.8892830687885,15.3334584160403));
#13011=CARTESIAN_POINT('',(19.4983794218281,-24.0513077301138,15.3334584160403));
#13012=CARTESIAN_POINT('',(19.4983794218281,-12.2133323914391,15.3334584160403));
#13013=CARTESIAN_POINT('',(19.4983794218281,-0.37535705276446,15.3334584160403));
#13014=CARTESIAN_POINT('',(18.0023297290332,-36.2004743936296,16.6668756337737));
#13015=CARTESIAN_POINT('',(18.0023297290332,-24.2598535210553,16.6668756337737));
#13016=CARTESIAN_POINT('',(18.0023297290332,-12.3192326484809,16.6668756337737));
#13017=CARTESIAN_POINT('',(18.0023297290332,-0.37861177590659,16.6668756337737));
#13018=CARTESIAN_POINT('',(16.5066908973128,-36.5116285730891,17.9999997290637));
#13019=CARTESIAN_POINT('',(16.5066908973128,-24.4683744189089,17.9999997290637));
#13020=CARTESIAN_POINT('',(16.5066908973128,-12.4251202647286,17.9999997290637));
#13021=CARTESIAN_POINT('',(16.5066908973128,-0.381866110548335,17.9999997290637));
#13022=CARTESIAN_POINT('',(18.750392800155,30.3299995920915,15.9999997290637));
#13023=CARTESIAN_POINT('',(18.750392800155,29.6633329254248,15.9999997290637));
#13024=CARTESIAN_POINT('',(18.750392800155,28.9966662587582,15.9999997290637));
#13025=CARTESIAN_POINT('',(18.750392800155,28.3299995920915,15.9999997290637));
#13026=CARTESIAN_POINT('',(18.750392800155,30.3299995920915,15.9999997290637));
#13027=CARTESIAN_POINT('',(18.750392800155,28.3299995920915,15.9999997290637));
#13028=CARTESIAN_POINT('',(18.750392800155,30.3299995920915,15.9999997290637));
#13029=CARTESIAN_POINT('',(18.0024698066145,30.3299995920915,16.6666413111266));
#13030=CARTESIAN_POINT('',(17.2546075386549,30.3299995920915,17.3333510203681));
#13031=CARTESIAN_POINT('',(16.5066908973128,30.3299995920915,17.9999997290637));
#13032=CARTESIAN_POINT('',(16.5067031636076,30.3299995920915,17.9999997290637));
#13033=CARTESIAN_POINT('',(16.5066908973129,30.3299995920915,17.9999997290637));
#13034=CARTESIAN_POINT('',(16.5066908973129,32.2510243555988,17.9999997290637));
#13035=CARTESIAN_POINT('',(16.5066908973129,34.1720491191061,17.9999997290637));
#13036=CARTESIAN_POINT('',(16.5066908973129,36.0930738826134,17.9999997290637));
#13037=CARTESIAN_POINT('',(16.5067031636076,36.0930664476584,17.9999997290637));
#13038=CARTESIAN_POINT('',(16.5066908973287,36.0930738826109,17.9999997290496));
#13039=CARTESIAN_POINT('',(18.0025865742141,35.852413101618,16.6666466971533));
#13040=CARTESIAN_POINT('',(19.4985490838685,35.6121727462558,15.3333071680225));
#13041=CARTESIAN_POINT('',(20.9941829683032,35.3695421523508,13.9999997290637));
#13042=CARTESIAN_POINT('',(16.5066908973128,2.65942188791422,17.9999997290637));
#13043=CARTESIAN_POINT('',(17.3271790056052,3.12013947718096,17.2686651021034));
#13044=CARTESIAN_POINT('',(18.2523768731685,3.17256712601483,16.4438774183805));
#13045=CARTESIAN_POINT('',(19.9480722042503,2.5167225881864,14.9325034864184));
#13046=CARTESIAN_POINT('',(20.7691455670141,1.74089308663717,14.2006130237378));
#13047=CARTESIAN_POINT('',(20.9941829683032,0.580835463825654,13.9999997290636));
#13048=CARTESIAN_POINT('',(18.750392800155,28.3299995920915,15.9999997290637));
#13049=CARTESIAN_POINT('',(18.0024698066145,28.3299995920915,16.6666413111266));
#13050=CARTESIAN_POINT('',(17.2546075386549,28.3299995920915,17.3333510203681));
#13051=CARTESIAN_POINT('',(16.5066908973128,28.3299995920915,17.9999997290637));
#13052=CARTESIAN_POINT('',(20.9941829683032,0.372103223694506,13.9999997290636));
#13053=CARTESIAN_POINT('',(20.9941829683032,12.1074936132903,13.9999997290637));
#13054=CARTESIAN_POINT('',(20.9941829683032,23.8428840028861,13.9999997290636));
#13055=CARTESIAN_POINT('',(20.9941829683032,35.5782743924819,13.9999997290636));
#13056=CARTESIAN_POINT('',(19.4983794218281,0.375356049844475,15.3334584160404));
#13057=CARTESIAN_POINT('',(19.4983794218281,12.2133356920508,15.3334584160404));
#13058=CARTESIAN_POINT('',(19.4983794218281,24.0513153342571,15.3334584160404));
#13059=CARTESIAN_POINT('',(19.4983794218281,35.8892949764634,15.3334584160404));
#13060=CARTESIAN_POINT('',(18.0023297290332,0.378610661704175,16.6668756337737));
#13061=CARTESIAN_POINT('',(18.0023297290332,12.3192358751255,16.6668756337737));
#13062=CARTESIAN_POINT('',(18.0023297290332,24.2598610885469,16.6668756337737));
#13063=CARTESIAN_POINT('',(18.0023297290332,36.2004863019683,16.6668756337737));
#13064=CARTESIAN_POINT('',(16.5066908973128,0.381864885076872,17.9999997290637));
#13065=CARTESIAN_POINT('',(16.5066908973128,12.425123417415,17.9999997290637));
#13066=CARTESIAN_POINT('',(16.5066908973128,24.4683819497532,17.9999997290637));
#13067=CARTESIAN_POINT('',(16.5066908973128,36.5116404820914,17.9999997290637));
#13068=CARTESIAN_POINT('',(11.0736886200389,38.0981864846545,24.7246634539961));
#13069=CARTESIAN_POINT('',(10.9894445761501,38.2014516259463,24.493642781535));
#13070=CARTESIAN_POINT('',(10.9051918622812,38.3047161005099,24.2626249725139));
#13071=CARTESIAN_POINT('',(10.8209317110444,38.4079800028232,24.0316096205701));
#13072=CARTESIAN_POINT('',(10.4838911048583,38.8210356135947,23.1075482093979));
#13073=CARTESIAN_POINT('',(10.1467315014263,39.2340820693403,22.1835261090616));
#13074=CARTESIAN_POINT('',(9.80953176386645,39.6471254320627,21.2595172795983));
#13075=CARTESIAN_POINT('',(9.50471207817603,40.0205057582536,20.4242376230649));
#13076=CARTESIAN_POINT('',(9.19985959438485,40.3938835587975,19.588968806912));
#13077=CARTESIAN_POINT('',(8.89503255019386,40.7672633183534,18.753691582469));
#13078=CARTESIAN_POINT('',(8.59020550577876,41.1406430781839,17.9184143574118));
#13079=CARTESIAN_POINT('',(8.28540389990018,41.514024798328,17.0831287211528));
#13080=CARTESIAN_POINT('',(7.98068596304552,41.8874129572504,16.2478154407049));
#13081=CARTESIAN_POINT('',(11.0737468316791,38.0981422031981,24.724759230215));
#13082=CARTESIAN_POINT('',(8.01887909369123,41.8408981558762,16.3518398496914));
#13083=CARTESIAN_POINT('',(23.6372147795625,22.7057991630547,59.1589532060131));
#13084=CARTESIAN_POINT('',(27.5259565166262,22.2795705209293,59.5852703817434));
#13085=CARTESIAN_POINT('',(33.584967091179,12.3677723963122,82.06136245129));
#13086=CARTESIAN_POINT('',(25.8254890967677,21.8744430629824,60.7939969154648));
#13087=CARTESIAN_POINT('',(8.75254899440053,42.7917138445291,13.9999851371188));
#13088=CARTESIAN_POINT('',(9.07678098020929,42.3942086881174,14.8892759297677));
#13089=CARTESIAN_POINT('',(9.40136316282238,41.996730468862,15.7784510467789));
#13090=CARTESIAN_POINT('',(9.72584810684482,41.599244775063,16.6676582713409));
#13091=CARTESIAN_POINT('',(10.050333044451,41.2017590891237,17.55686547832));
#13092=CARTESIAN_POINT('',(10.3747405419946,40.8042674408747,18.4460982782438));
#13093=CARTESIAN_POINT('',(10.6991375083121,40.4067749831783,19.3353345553502));
#13094=CARTESIAN_POINT('',(11.2974413145237,39.6736569978904,20.9754036819324));
#13095=CARTESIAN_POINT('',(11.8961353903387,38.9405690426095,22.615343871542));
#13096=CARTESIAN_POINT('',(12.4942286802913,38.2074348619409,24.2554825408309));
#13097=CARTESIAN_POINT('',(8.7524187657711,42.7917203894595,14.0000082992178));
#13098=CARTESIAN_POINT('',(19.1299767644082,45.2007608084249,6.7728450353198));
#13099=CARTESIAN_POINT('',(-46.9737711166091,29.8552470215774,52.8093858277387));
#13100=CARTESIAN_POINT('',(-46.9737704051523,29.855247482052,52.809384635722));
#13101=CARTESIAN_POINT('',(-46.9745536807986,29.8537502170643,52.8130327455782));
#13102=CARTESIAN_POINT('',(-46.9745536807986,29.8537502170643,52.8130327455782));
#13103=CARTESIAN_POINT('',(-46.9745536807986,29.8537502170643,52.8130327455782));
#13104=CARTESIAN_POINT('',(25.8254890791429,21.8744432089722,60.7939968671583));
#13105=CARTESIAN_POINT('',(35.6434088549036,43.9672929879035,7.22344102229));
#13106=CARTESIAN_POINT('',(-53.4114139138241,15.3367105073273,82.8793204951055));
#13107=CARTESIAN_POINT('',(-28.7799996731,25.4703059214068,55.3105802446683));
#13108=CARTESIAN_POINT('',(-44.3787933093093,27.2415338119278,53.4554279579103));
#13109=CARTESIAN_POINT('',(35.527368327077,42.129054818726,6.44407266953219));
#13110=CARTESIAN_POINT('',(37.0046121967128,-21.109559290322,62.0598609468696));
#13111=CARTESIAN_POINT('',(21.5619144446233,-22.8326572674814,59.9552251554921));
#13112=CARTESIAN_POINT('',(-45.9699101523691,-30.3678659612612,50.7515291830945));
#13113=CARTESIAN_POINT('',(33.8985601624601,-16.9652825252973,69.9338154317181));
#13114=CARTESIAN_POINT('',(-32.3634776563672,-48.4798624164679,16.3372591728416));
#13115=CARTESIAN_POINT('',(-43.6462820771729,-33.4609282664275,44.8744586132221));
#13116=CARTESIAN_POINT('',(35.3943286264183,-17.2324431311125,69.3357048078681));
#13117=CARTESIAN_POINT('',(-13.0382688915614,-40.2672455889232,30.1606281989015));
#13118=CARTESIAN_POINT('',(-7.87537330287369,-37.8117447835656,34.3366758687739));
#13119=CARTESIAN_POINT('',(-33.0178389051298,-49.7696359888715,14.0000001136264));
#13120=CARTESIAN_POINT('',(26.2405469799602,-21.5860302031125,61.9315987981262));
#13121=CARTESIAN_POINT('',(1.3541334429136,-33.4221420022773,41.8020329343487));
#13122=CARTESIAN_POINT('',(35.3943286264183,-17.2324431311125,69.3357048078681));
#13123=CARTESIAN_POINT('',(3.24099115131857,-32.5247423811935,43.3282320160056));
#13124=CARTESIAN_POINT('',(-33.0178389051298,-49.7696359888715,14.0000001136264));
#13125=CARTESIAN_POINT('',(26.2405469799602,-21.5860302031125,61.9315987981262));
#13126=CARTESIAN_POINT('',(10.7764108550661,-28.940856385731,49.4233138584324));
#13127=CARTESIAN_POINT('',(35.3943286264183,-17.2324431311125,69.3357048078681));
#13128=CARTESIAN_POINT('',(12.6632685117308,-28.0434569133201,50.9495131372252));
#13129=CARTESIAN_POINT('',(-33.0178389051298,-49.7696359888715,14.0000001136264));
#13130=CARTESIAN_POINT('',(26.2405469799602,-21.5860302031125,61.9315987981262));
#13131=CARTESIAN_POINT('',(26.2405466452786,-21.5860300535478,61.9315985217457));
#13132=CARTESIAN_POINT('',(26.2405469799602,-21.5860302031125,61.9315987981262));
#13133=CARTESIAN_POINT('',(-47.9698901759198,-29.8664394901425,51.8176962504578));
#13134=CARTESIAN_POINT('',(-47.9698901759198,-29.8664394901425,51.8176962504578));
#13135=CARTESIAN_POINT('',(-47.9698901759198,-29.8664394901425,51.8176962504578));
#13136=CARTESIAN_POINT('',(-33.0178389051298,-49.7696359888715,14.0000001136264));
#13137=CARTESIAN_POINT('',(-33.0178389051298,-49.7696359888715,14.0000001136264));
#13138=CARTESIAN_POINT('',(26.2405469799602,-21.5860302031125,61.9315987981262));
#13139=CARTESIAN_POINT('',(35.8221573193795,-17.8865242353595,68.0973369532552));
#13140=CARTESIAN_POINT('',(39.9458879635019,-37.0728850847911,15.4036854365346));
#13141=CARTESIAN_POINT('',(-28.9350891347017,-48.5530479345166,15.4036854365346));
#13142=CARTESIAN_POINT('',(7.66839137887637,-42.452467848907,15.4036854365346));
#13143=CARTESIAN_POINT('',(36.3944418058737,-17.4819733631304,68.2459762675477));
#13144=CARTESIAN_POINT('',(22.99319307914,-23.8556789835916,57.4062737238243));
#13145=CARTESIAN_POINT('',(28.0170385242234,-17.7591959842334,71.175751200664));
#13146=CARTESIAN_POINT('',(-76.9672983810845,-57.09454574107,13.9999997290637));
#13147=CARTESIAN_POINT('',(8.75340566850377,-42.7976284824483,14.0000082992178));
#13148=CARTESIAN_POINT('',(8.75471979905477,-42.8055153305479,14.0053087194308));
#13149=CARTESIAN_POINT('',(9.24049394081067,-42.2161638997614,15.3363637490884));
#13150=CARTESIAN_POINT('',(9.72626808256656,-41.6268124689749,16.6674187787461));
#13151=CARTESIAN_POINT('',(10.2120422243225,-41.0374610381884,17.9984738084038));
#13152=CARTESIAN_POINT('',(10.1934602010601,-41.0253569850507,17.9998960827089));
#13153=CARTESIAN_POINT('',(12.4904158240177,-38.2119736326473,24.2454695282905));
#13154=CARTESIAN_POINT('',(12.0237696584793,-38.7738013949468,23.0022092344785));
#13155=CARTESIAN_POINT('',(11.5539138138799,-39.3363697696275,21.7561686353647));
#13156=CARTESIAN_POINT('',(11.0875198806986,-39.8965961896233,20.5072094004685));
#13157=CARTESIAN_POINT('',(10.627981649147,-40.4552389786599,19.2552435209599));
#13158=CARTESIAN_POINT('',(10.1748553469048,-41.0132845984638,18.0012464966958));
#13159=CARTESIAN_POINT('',(25.6909665212463,-22.2529519868608,60.4252941768921));
#13160=CARTESIAN_POINT('',(36.6931577122404,-17.5565035772645,67.9204938568542));
#13161=CARTESIAN_POINT('',(11.0972985011585,17.4452148332703,48.1999997290637));
#13162=CARTESIAN_POINT('',(5.2000003268956,-4.07908450128502E-7,48.1999997290637));
#13163=CARTESIAN_POINT('',(5.2000003268956,-4.07908450128502E-7,48.1999997290637));
#13164=CARTESIAN_POINT('',(5.2000003268956,8.21214330125861,48.1999997290637));
#13165=CARTESIAN_POINT('',(6.40000032690061,11.4999997458115,48.1999997290637));
#13166=CARTESIAN_POINT('',(9.90000032690058,11.4999997458115,48.1999997290637));
#13167=CARTESIAN_POINT('',(6.40000032690061,11.4999997458115,48.1999997290637));
#13168=CARTESIAN_POINT('',(5.2000003268956,14.7878561903644,48.1999997290637));
#13169=CARTESIAN_POINT('',(5.2000003268956,-4.07908450128502E-7,48.1999997290637));
#13170=CARTESIAN_POINT('',(11.0972985011585,17.4452148332703,48.1999997290637));
#13171=CARTESIAN_POINT('',(10.1326256984756,-131.000287513798,48.1999997290637));
#13172=CARTESIAN_POINT('',(10.1326256984756,8.49999974602652,40.013464804293));
#13173=CARTESIAN_POINT('',(10.1326256984756,10.7675162119005,42.1259112503653));
#13174=CARTESIAN_POINT('',(10.1326256984756,12.914311104875,44.3663865382871));
#13175=CARTESIAN_POINT('',(10.1326256984756,15.0367989638347,46.6264297146203));
#13176=CARTESIAN_POINT('',(10.1326256984756,15.0367989638347,46.6264297146203));
#13177=CARTESIAN_POINT('',(11.0972980830544,16.1580323503964,47.2067651334288));
#13178=CARTESIAN_POINT('',(10.7764655068622,15.7834168345222,47.0137560761988));
#13179=CARTESIAN_POINT('',(10.4549252532821,15.4096516945198,46.8203212886911));
#13180=CARTESIAN_POINT('',(10.1326256984755,15.0367989638347,46.6264297146203));
#13181=CARTESIAN_POINT('',(11.0972985011585,16.1580323503966,47.2067653849553));
#13182=CARTESIAN_POINT('',(11.0972980830542,8.49999974601431,38.9182489361298));
#13183=CARTESIAN_POINT('',(11.0972980830542,8.6925682061327,39.1192970358953));
#13184=CARTESIAN_POINT('',(11.0972980830542,8.8847803724416,39.3206869444651));
#13185=CARTESIAN_POINT('',(11.0972980830542,9.07665366273641,39.5223985968878));
#13186=CARTESIAN_POINT('',(11.0972980830542,10.0248269975845,40.5191898118689));
#13187=CARTESIAN_POINT('',(11.0972980830542,10.9647580927793,41.5238503638456));
#13188=CARTESIAN_POINT('',(11.0972980830542,11.8988704619589,42.5338303046989));
#13189=CARTESIAN_POINT('',(11.0972980830542,13.3299027762341,44.0810894780251));
#13190=CARTESIAN_POINT('',(11.0972980830542,14.7476326189533,45.6406754069167));
#13191=CARTESIAN_POINT('',(11.0972980830542,16.1580323503966,47.2067651334287));
#13192=CARTESIAN_POINT('',(11.152327311862,8.54717208410413,38.891643257781));
#13193=CARTESIAN_POINT('',(11.2140695914399,11.2529414652653,41.6597861952568));
#13194=CARTESIAN_POINT('',(11.1825850473115,13.8156649827266,44.5441584517317));
#13195=CARTESIAN_POINT('',(11.1022321717996,16.3667047038075,47.4351962684036));
#13196=CARTESIAN_POINT('',(10.8636127891967,8.05620165533521,38.7768207298174));
#13197=CARTESIAN_POINT('',(10.818806042234,10.65383162979,41.4219199716861));
#13198=CARTESIAN_POINT('',(10.672208208803,13.103355630903,44.1831180187996));
#13199=CARTESIAN_POINT('',(10.4774302486686,15.5424401931861,46.947928308985));
#13200=CARTESIAN_POINT('',(10.5784698319294,7.56326124070615,38.6593904960544));
#13201=CARTESIAN_POINT('',(10.4264459090249,10.0532771692348,41.1831831302757));
#13202=CARTESIAN_POINT('',(10.1637411847309,12.3898077277409,43.8216071620183));
#13203=CARTESIAN_POINT('',(9.85407662448697,14.7171527225296,46.4604235879863));
#13204=CARTESIAN_POINT('',(10.2979036583574,7.06764442966492,38.5396961177192));
#13205=CARTESIAN_POINT('',(10.0371494467162,9.4509269785779,40.9441570820013));
#13206=CARTESIAN_POINT('',(9.65728021236158,11.6747990592493,43.4599171998849));
#13207=CARTESIAN_POINT('',(9.23220591224698,13.8906936918672,45.9728968067469));
#13208=CARTESIAN_POINT('',(11.0972980830542,-15.870145776298,47.2067649103398));
#13209=CARTESIAN_POINT('',(11.0972980830542,-14.9474290303255,46.1828230067686));
#13210=CARTESIAN_POINT('',(11.0972980830542,-14.0215072032914,45.1617506006245));
#13211=CARTESIAN_POINT('',(11.0972980830542,-13.0909415007278,44.1449366115392));
#13212=CARTESIAN_POINT('',(11.0972980830542,-12.1603688763359,43.1281150590848));
#13213=CARTESIAN_POINT('',(11.0972980830542,-11.2251298381529,42.1155235980796));
#13214=CARTESIAN_POINT('',(11.0972980830542,-10.2831591420278,41.1092519218187));
#13215=CARTESIAN_POINT('',(11.0972980830542,-9.69164192631304,40.477356447105));
#13216=CARTESIAN_POINT('',(11.0972980830542,-9.09743462035604,39.8479635447992));
#13217=CARTESIAN_POINT('',(11.0972980830542,-8.50000056207445,39.2216592629554));
#13218=CARTESIAN_POINT('',(11.0972985011585,-15.870145776298,47.2067651618664));
#13219=CARTESIAN_POINT('',(11.0972980830542,-13.2950695746207,47.2067649282762));
#13220=CARTESIAN_POINT('',(11.0972985011585,17.4452148332703,31.8304323508096));
#13221=CARTESIAN_POINT('',(11.0972980830542,-13.2950695746207,47.2067649282762));
#13222=CARTESIAN_POINT('',(11.0972985011585,17.4452148332703,31.8304323508096));
#13223=CARTESIAN_POINT('',(17.5048131544636,30.3299995920915,17.1102548086679));
#13224=CARTESIAN_POINT('',(11.6024956783007,36.8863566225305,22.3718207493049));
#13225=CARTESIAN_POINT('',(13.236930652888,36.618577524703,20.9148189141436));
#13226=CARTESIAN_POINT('',(14.8718409756796,36.3559994324237,19.4573933342527));
#13227=CARTESIAN_POINT('',(16.5067154299023,36.0930590127034,17.9999997290637));
#13228=CARTESIAN_POINT('',(11.1636834809542,-38.9715743477454,22.7629957955844));
#13229=CARTESIAN_POINT('',(10.1326256984756,-13.2950695705785,46.6264295172776));
#13230=CARTESIAN_POINT('',(10.1326256984756,-14.7287506239009,46.6264295072926));
#13231=CARTESIAN_POINT('',(10.1326256984759,-14.7287506239009,46.6264295072921));
#13232=CARTESIAN_POINT('',(10.4549308846336,-15.1082788532961,46.8203244638761));
#13233=CARTESIAN_POINT('',(10.7764707665756,-15.4887659331549,47.0137590225566));
#13234=CARTESIAN_POINT('',(11.0972976490578,-15.8701463307926,47.2067646492528));
#13235=CARTESIAN_POINT('',(12.0663060727867,-13.2950695786812,47.78970858767));
#13236=CARTESIAN_POINT('',(10.1326256984756,-13.2950695705785,46.6264295172776));
#13237=CARTESIAN_POINT('',(12.0663060727867,-13.2950695786812,47.78970858767));
#13238=CARTESIAN_POINT('',(10.1326256984761,-14.7287506239009,46.6264295072918));
#13239=CARTESIAN_POINT('',(10.1326256984761,-12.7031343358783,44.4738002375406));
#13240=CARTESIAN_POINT('',(10.1326256984756,-10.6533211251975,42.3413443697481));
#13241=CARTESIAN_POINT('',(10.1326256984756,-8.50000056184351,40.3182690932179));
#13242=CARTESIAN_POINT('',(9.3109757714345,-13.6667514806306,46.0311404783803));
#13243=CARTESIAN_POINT('',(9.90662867825293,-14.4718469922084,46.4991760923479));
#13244=CARTESIAN_POINT('',(10.5037097456915,-15.2758294892729,46.9671953990825));
#13245=CARTESIAN_POINT('',(11.1021885945117,-16.0788365695359,47.4349930884639));
#13246=CARTESIAN_POINT('',(9.70161936251693,-11.5149479494956,43.5941841616338));
#13247=CARTESIAN_POINT('',(10.1906213937028,-12.2169363808922,43.9460018073708));
#13248=CARTESIAN_POINT('',(10.6815347472816,-12.9175539894972,44.2976542122044));
#13249=CARTESIAN_POINT('',(11.1742728973555,-13.6170038003966,44.6488664544));
#13250=CARTESIAN_POINT('',(10.0494658141788,-9.35210044834778,41.1579456866133));
#13251=CARTESIAN_POINT('',(10.4305295509278,-9.95006470457618,41.3963153011616));
#13252=CARTESIAN_POINT('',(10.8144392344463,-10.5463457391142,41.6343738962319));
#13253=CARTESIAN_POINT('',(11.2010369178172,-11.1412643033516,41.8716146234447));
#13254=CARTESIAN_POINT('',(10.2947083491434,-7.0513246884078,38.8189689760794));
#13255=CARTESIAN_POINT('',(10.5749044758472,-7.54991244697968,38.9467381310516));
#13256=CARTESIAN_POINT('',(10.8592617411564,-8.04613021976698,39.0725396766248));
#13257=CARTESIAN_POINT('',(11.1469368072854,-8.54057691631469,39.196036048091));
#13258=CARTESIAN_POINT('',(12.5972985011585,-4.0384712263425E-7,39.99999971425));
#13259=CARTESIAN_POINT('',(12.5972985011585,-4.0384712263425E-7,32.79999971425));
#13260=CARTESIAN_POINT('',(9.60136023509559,-3.79642690009267E-7,39.99999971425));
#13261=CARTESIAN_POINT('',(9.60136029326498,7.19999962035731,39.99999971425));
#13262=CARTESIAN_POINT('',(34.000000880328,-5.76761322368391E-7,39.99999971425));
#13263=CARTESIAN_POINT('',(11.0972985011585,18.083389536065,57.2002234647689));
#13264=CARTESIAN_POINT('',(11.0972985011585,-10.1110762690509,57.9094525930187));
#13265=CARTESIAN_POINT('',(11.0972985011585,17.0634499796341,58.301364706151));
#13266=CARTESIAN_POINT('',(11.0972985011585,17.4452148332703,31.8304323508096));
#13267=CARTESIAN_POINT('',(10.0207894921062,-38.8676758073272,17.9999997290637));
#13268=CARTESIAN_POINT('',(9.92661903111774,-38.8952155111602,17.9999997290637));
#13269=CARTESIAN_POINT('',(9.83226907935052,-38.9223298340248,17.9999997290639));
#13270=CARTESIAN_POINT('',(9.7378179679625,-38.9492044154511,17.9999997290639));
#13271=CARTESIAN_POINT('',(-14.4540981706146,48.9670720140054,17.9999997290637));
#13272=CARTESIAN_POINT('',(24.0000491882426,35.7770336897915,14.0000073316707));
#13273=CARTESIAN_POINT('',(22.9173912457405,36.8771944533013,14.000106968674));
#13274=CARTESIAN_POINT('',(21.6596164248573,37.8838349251179,14.0000925177466));
#13275=CARTESIAN_POINT('',(20.2381872083954,38.7683563994374,14.0000404379863));
#13276=CARTESIAN_POINT('',(20.2380844594825,38.7683923988926,13.9999997290637));
#13277=CARTESIAN_POINT('',(20.2380969886699,38.7684125407826,14.0000404345923));
#13278=CARTESIAN_POINT('',(18.7795260593294,39.6760368252446,13.9999869997821));
#13279=CARTESIAN_POINT('',(17.0553894109791,40.5101663818792,14.0007264098418));
#13280=CARTESIAN_POINT('',(13.1070178263837,41.8983483529858,13.9994336014267));
#13281=CARTESIAN_POINT('',(11.0439137989305,42.4099235302222,13.9999816405281));
#13282=CARTESIAN_POINT('',(8.75241994864366,42.7917280621763,14.0000039968653));
#13283=CARTESIAN_POINT('',(8.74327000912109,42.7945027735036,13.9967638182442));
#13284=CARTESIAN_POINT('',(11.5817901513641,42.7212316454379,12.9635741891753));
#13285=CARTESIAN_POINT('',(14.408764104046,42.5729622847281,11.9038685681582));
#13286=CARTESIAN_POINT('',(17.2715154803108,42.3229788514613,10.8230169171484));
#13287=CARTESIAN_POINT('',(20.0763064939239,41.8620098611911,9.6877787833403));
#13288=CARTESIAN_POINT('',(22.811209274181,41.2935718227656,8.46574755136394));
#13289=CARTESIAN_POINT('',(9.46850162592783,41.87829865034,16.0570496214348));
#13290=CARTESIAN_POINT('',(12.2728023772946,41.6679357848357,14.9751900984171));
#13291=CARTESIAN_POINT('',(15.0687932452607,41.3805725862889,13.8407543611587));
#13292=CARTESIAN_POINT('',(17.8208094067193,40.9987381532753,12.7166581849641));
#13293=CARTESIAN_POINT('',(20.598389379626,40.407202441572,11.505478601956));
#13294=CARTESIAN_POINT('',(23.2445538966599,39.7230861234739,10.204168944127));
#13295=CARTESIAN_POINT('',(10.1957078390316,40.9637975520174,18.1211468622358));
#13296=CARTESIAN_POINT('',(12.9573718420489,40.6148408411982,16.9743110735196));
#13297=CARTESIAN_POINT('',(15.6573453295061,40.1737135770689,15.7818565436306));
#13298=CARTESIAN_POINT('',(18.446767852365,39.6108045974824,14.598620195122));
#13299=CARTESIAN_POINT('',(21.0502330725507,38.9144491114698,13.2687482089083));
#13300=CARTESIAN_POINT('',(23.6532112015966,38.1055426915539,11.9139044916224));
#13301=CARTESIAN_POINT('',(10.9496103743733,40.0518605854358,20.1768843695852));
#13302=CARTESIAN_POINT('',(13.6166081766323,39.561871502465,18.9643063750239));
#13303=CARTESIAN_POINT('',(16.4026009313792,38.9076364176306,17.7598700813474));
#13304=CARTESIAN_POINT('',(18.9306197188303,38.1960767652057,16.3917234869514));
#13305=CARTESIAN_POINT('',(21.5036666343412,37.3268889696097,15.0144311871044));
#13306=CARTESIAN_POINT('',(23.9298633727997,36.3324718975214,13.49798988677));
#13307=CARTESIAN_POINT('',(11.7240676799147,39.1283719741251,22.2244884502778));
#13308=CARTESIAN_POINT('',(14.382757778231,38.4587123875829,20.9615491899702));
#13309=CARTESIAN_POINT('',(16.9638135817987,37.7078010056016,19.6191362695407));
#13310=CARTESIAN_POINT('',(19.509395630506,36.7475663411059,18.2505404000736));
#13311=CARTESIAN_POINT('',(21.9100802490541,35.7208838594824,16.704682624603));
#13312=CARTESIAN_POINT('',(24.1923273432596,34.5863193462987,15.0752412789667));
#13313=CARTESIAN_POINT('',(12.4899177501742,38.2068540135621,24.26466746821));
#13314=CARTESIAN_POINT('',(15.0710822719102,37.392540235234,22.9280418135303));
#13315=CARTESIAN_POINT('',(17.5926673201452,36.4426262381769,21.5298111501883));
#13316=CARTESIAN_POINT('',(20.0427315329142,35.3197551673718,20.0355865970033));
#13317=CARTESIAN_POINT('',(22.3060059871583,34.1344782619886,18.397005236603));
#13318=CARTESIAN_POINT('',(24.4754537702154,32.8564327655957,16.6637348935648));
#13319=CARTESIAN_POINT('',(19.5123030160915,-36.725010413775,17.9999995454094));
#13320=CARTESIAN_POINT('',(18.2160555266785,-37.6719447473276,17.999999548706));
#13321=CARTESIAN_POINT('',(16.7309276907818,-38.5388197613835,18.0000093418352));
#13322=CARTESIAN_POINT('',(14.6507268077056,-39.4743451119994,17.9999971798476));
#13323=CARTESIAN_POINT('',(14.3269903607325,-39.610602185419,17.9999600310444));
#13324=CARTESIAN_POINT('',(13.5560214269737,-39.9192584958106,17.9998427119172));
#13325=CARTESIAN_POINT('',(13.1597851036308,-40.0687009447053,17.9997693472906));
#13326=CARTESIAN_POINT('',(11.9397152884796,-40.5009320775282,17.9996741253456));
#13327=CARTESIAN_POINT('',(11.0847700284117,-40.7675074965101,17.9999891030886));
#13328=CARTESIAN_POINT('',(10.1892570017189,-41.0098234611129,17.9999994792997));
#13329=CARTESIAN_POINT('',(7.88765183681428,-43.5094494779563,12.4835466970109));
#13330=CARTESIAN_POINT('',(8.00159713375462,-43.3678490778793,12.8067174636012));
#13331=CARTESIAN_POINT('',(8.11560085273441,-43.2262870795463,13.13000112111));
#13332=CARTESIAN_POINT('',(8.22966661304514,-43.0847658619758,13.4534046632193));
#13333=CARTESIAN_POINT('',(9.07202665113321,-42.0405708351048,15.8412580257291));
#13334=CARTESIAN_POINT('',(9.91816060672832,-40.9988564647774,18.2364038590016));
#13335=CARTESIAN_POINT('',(10.6815770952463,-40.1010932515965,20.298748458039));
#13336=CARTESIAN_POINT('',(11.5779891304285,-39.0542107152179,22.6720909052079));
#13337=CARTESIAN_POINT('',(12.4721942321644,-38.0052580732236,25.0386409397694));
#13338=CARTESIAN_POINT('',(12.5929776525423,-37.8634917330896,25.3582826865185));
#13339=CARTESIAN_POINT('',(12.7137249785392,-37.7216915363927,25.6778133434071));
#13340=CARTESIAN_POINT('',(12.8344383082865,-37.5798594511822,25.9972393679811));
#13341=CARTESIAN_POINT('',(7.9452056893731,-43.5101290088165,12.4634698766098));
#13342=CARTESIAN_POINT('',(8.059058509817,-43.3680994808706,12.7865170038712));
#13343=CARTESIAN_POINT('',(8.17296624788017,-43.2261077292924,13.1096702331774));
#13344=CARTESIAN_POINT('',(8.28693230575253,-43.0841560943576,13.4329361376342));
#13345=CARTESIAN_POINT('',(9.12852740910172,-42.0367791352287,15.8197173353869));
#13346=CARTESIAN_POINT('',(9.973670053189,-40.9918424348897,18.2133524596485));
#13347=CARTESIAN_POINT('',(10.7351837510717,-40.091244471029,20.2743756403482));
#13348=CARTESIAN_POINT('',(11.6314027142446,-39.0401863711772,22.6465476858235));
#13349=CARTESIAN_POINT('',(12.5235548045492,-37.9879990819247,25.0113005538889));
#13350=CARTESIAN_POINT('',(12.6440286422433,-37.8458119716885,25.330688627696));
#13351=CARTESIAN_POINT('',(12.7644359662601,-37.7036063935676,25.6499553609085));
#13352=CARTESIAN_POINT('',(12.8847806429753,-37.5613834210822,25.9691078069377));
#13353=CARTESIAN_POINT('',(8.00275954193189,-43.5108085396767,12.4433930562086));
#13354=CARTESIAN_POINT('',(8.1165198858793,-43.3683498838619,12.7663165441412));
#13355=CARTESIAN_POINT('',(8.23033164302589,-43.2259283790384,13.0893393452448));
#13356=CARTESIAN_POINT('',(8.34419799845992,-43.0835463267393,13.412467612049));
#13357=CARTESIAN_POINT('',(9.18502816707026,-42.0329874353526,15.7981766450445));
#13358=CARTESIAN_POINT('',(10.0291794996497,-40.984828405002,18.1903010602954));
#13359=CARTESIAN_POINT('',(10.7887904068971,-40.0813956904615,20.2500028226572));
#13360=CARTESIAN_POINT('',(11.6848162980608,-39.0261620271366,22.6210044664391));
#13361=CARTESIAN_POINT('',(12.574915376934,-37.9707400906259,24.9839601680084));
#13362=CARTESIAN_POINT('',(12.6950796319442,-37.8281322102874,25.3030945688733));
#13363=CARTESIAN_POINT('',(12.815146953981,-37.6855212507424,25.6220973784097));
#13364=CARTESIAN_POINT('',(12.9351229776642,-37.542907390982,25.9409762458941));
#13365=CARTESIAN_POINT('',(8.06031339449068,-43.5114880705356,12.4233162358075));
#13366=CARTESIAN_POINT('',(8.17398126194163,-43.3686002868523,12.7461160844112));
#13367=CARTESIAN_POINT('',(8.28769703817159,-43.2257490287836,13.0690084573123));
#13368=CARTESIAN_POINT('',(8.40146369116729,-43.0829365591204,13.3919990864639));
#13369=CARTESIAN_POINT('',(9.24152892503874,-42.0291957354768,15.7766359547023));
#13370=CARTESIAN_POINT('',(10.0846889461104,-40.9778143751143,18.1672496609422));
#13371=CARTESIAN_POINT('',(10.8423970627224,-40.0715469098935,20.2256300049664));
#13372=CARTESIAN_POINT('',(11.738229881877,-39.012137683096,22.5954612470546));
#13373=CARTESIAN_POINT('',(12.6262759493187,-37.9534810993269,24.9566197821281));
#13374=CARTESIAN_POINT('',(12.7461306216451,-37.8104524488862,25.2755005100509));
#13375=CARTESIAN_POINT('',(12.8658579417019,-37.667436107917,25.5942393959113));
#13376=CARTESIAN_POINT('',(12.985465312353,-37.5244313608816,25.912844684851));
#13377=CARTESIAN_POINT('',(8.11786724704947,-43.5121676013976,12.4032394154062));
#13378=CARTESIAN_POINT('',(8.23144263800399,-43.3688506898451,12.7259156246811));
#13379=CARTESIAN_POINT('',(8.34506243331734,-43.2255696785309,13.0486775693795));
#13380=CARTESIAN_POINT('',(8.45872938387471,-43.0823267915031,13.3715305608787));
#13381=CARTESIAN_POINT('',(9.29802968300736,-42.0254040356001,15.75509526436));
#13382=CARTESIAN_POINT('',(10.140198392571,-40.970800345227,18.144198261589));
#13383=CARTESIAN_POINT('',(10.8960037185479,-40.0616981293262,20.2012571872759));
#13384=CARTESIAN_POINT('',(11.7916434656931,-38.9981133390553,22.5699180276702));
#13385=CARTESIAN_POINT('',(12.6776365217035,-37.936222108028,24.9292793962475));
#13386=CARTESIAN_POINT('',(12.7971816113461,-37.7927726874852,25.2479064512282));
#13387=CARTESIAN_POINT('',(12.9165689294228,-37.6493509650919,25.5663814134124));
#13388=CARTESIAN_POINT('',(13.0358076470419,-37.5059553307816,25.8847131238073));
#13389=CARTESIAN_POINT('',(8.17542109960825,-43.5128471322582,12.383162595005));
#13390=CARTESIAN_POINT('',(8.28890401406629,-43.3691010928367,12.7057151649511));
#13391=CARTESIAN_POINT('',(8.40242782846307,-43.2253903282772,13.0283466814469));
#13392=CARTESIAN_POINT('',(8.51599507658207,-43.0817170238851,13.3510620352936));
#13393=CARTESIAN_POINT('',(9.35453044097592,-42.0216123357238,15.7335545740177));
#13394=CARTESIAN_POINT('',(10.1957078390316,-40.9637863153395,18.1211468622358));
#13395=CARTESIAN_POINT('',(10.9496103743733,-40.0518493487585,20.1768843695852));
#13396=CARTESIAN_POINT('',(11.8450570495093,-38.9840889950146,22.5443748082858));
#13397=CARTESIAN_POINT('',(12.7289970940883,-37.9189631167291,24.901939010367));
#13398=CARTESIAN_POINT('',(12.848232601047,-37.7750929260841,25.2203123924055));
#13399=CARTESIAN_POINT('',(12.9672799171436,-37.6312658222667,25.5385234309137));
#13400=CARTESIAN_POINT('',(13.0861499817307,-37.4874793006814,25.8565815627638));
#13401=CARTESIAN_POINT('',(11.0387968488013,-43.5466546377585,11.3843158088752));
#13402=CARTESIAN_POINT('',(11.1476789425401,-43.3815589531176,11.7007171684324));
#13403=CARTESIAN_POINT('',(11.2564275869568,-43.2164674300825,12.0168597196239));
#13404=CARTESIAN_POINT('',(11.3650345147604,-43.0513803264681,12.3327274290669));
#13405=CARTESIAN_POINT('',(12.1655134244859,-41.8329705508324,14.6618784375855));
#13406=CARTESIAN_POINT('',(12.9573718420489,-40.6148296045205,16.9743110735196));
#13407=CARTESIAN_POINT('',(13.6166081766323,-39.5618602657874,18.9643063750239));
#13408=CARTESIAN_POINT('',(14.5024492791689,-38.2863604357788,21.2735678737358));
#13409=CARTESIAN_POINT('',(15.2842494515395,-37.0603068332001,23.5417208073569));
#13410=CARTESIAN_POINT('',(15.3880828349241,-36.8955028066238,23.8474736450115));
#13411=CARTESIAN_POINT('',(15.4902146296249,-36.7315074727506,24.1525541523722));
#13412=CARTESIAN_POINT('',(15.5907437473442,-36.5682738230569,24.4570014113477));
#13413=CARTESIAN_POINT('',(13.8749102536733,-43.5039673384455,10.3870607712955));
#13414=CARTESIAN_POINT('',(13.9848254787888,-43.318400621645,10.6902368411181));
#13415=CARTESIAN_POINT('',(14.0932601950766,-43.1325342010898,10.993500245284));
#13416=CARTESIAN_POINT('',(14.2001226838439,-42.9463495098955,11.2968563942249));
#13417=CARTESIAN_POINT('',(14.9765525888435,-41.5697059813159,13.5365356789437));
#13418=CARTESIAN_POINT('',(15.6573453295061,-40.1737023403914,15.7818565436306));
#13419=CARTESIAN_POINT('',(16.4026009313792,-38.9076251809525,17.7598700813475));
#13420=CARTESIAN_POINT('',(17.0514888665392,-37.5203458271078,19.9095995945147));
#13421=CARTESIAN_POINT('',(17.7908031678619,-36.0457171910909,22.128055105301));
#13422=CARTESIAN_POINT('',(17.8922614122726,-35.8449593046317,22.42899377827));
#13423=CARTESIAN_POINT('',(17.9951985792682,-35.6427728212748,22.7310564644485));
#13424=CARTESIAN_POINT('',(18.0995287005112,-35.4392407839741,23.0341778260371));
#13425=CARTESIAN_POINT('',(16.8589228903559,-43.3458464870804,9.33639613082786));
#13426=CARTESIAN_POINT('',(16.9380687438277,-43.1440727212048,9.63423408793452));
#13427=CARTESIAN_POINT('',(17.0188025543631,-42.9409796811181,9.93183013183439));
#13428=CARTESIAN_POINT('',(17.1012226971581,-42.7364856367395,10.229169275813));
#13429=CARTESIAN_POINT('',(17.7227062490519,-41.216250404623,12.4217082292745));
#13430=CARTESIAN_POINT('',(18.446767852365,-39.6107933608044,14.598620195122));
#13431=CARTESIAN_POINT('',(18.9306197188303,-38.1960655285275,16.3917234869514));
#13432=CARTESIAN_POINT('',(19.59981473068,-36.5212619804447,18.5409335371791));
#13433=CARTESIAN_POINT('',(20.2082630123633,-34.8741303408156,20.5915227934643));
#13434=CARTESIAN_POINT('',(20.2894229797476,-34.6520550220407,20.8668839605456));
#13435=CARTESIAN_POINT('',(20.3695894347858,-34.4304322771347,21.1406321852331));
#13436=CARTESIAN_POINT('',(20.4488201293883,-34.2092357984168,21.412861226306));
#13437=CARTESIAN_POINT('',(19.6508387479035,-42.993186402834,8.25071532132144));
#13438=CARTESIAN_POINT('',(19.7390222953975,-42.7686181829618,8.54052253527803));
#13439=CARTESIAN_POINT('',(19.8257509740235,-42.543263987032,8.82920233279809));
#13440=CARTESIAN_POINT('',(19.9109346535045,-42.3170751232063,9.11668486954174));
#13441=CARTESIAN_POINT('',(20.5275743065866,-40.6411425419525,11.2291306790797));
#13442=CARTESIAN_POINT('',(21.0502330725507,-38.9144378747925,13.2687482089084));
#13443=CARTESIAN_POINT('',(21.5036666343412,-37.3268777329315,15.0144311871044));
#13444=CARTESIAN_POINT('',(21.9735720990075,-35.4699749368383,16.9687416688086));
#13445=CARTESIAN_POINT('',(22.429456787256,-33.6392738586694,18.9258210117122));
#13446=CARTESIAN_POINT('',(22.4908115636532,-33.3923698886598,19.1903020910372));
#13447=CARTESIAN_POINT('',(22.5519370303504,-33.1458944475632,19.4548284550677));
#13448=CARTESIAN_POINT('',(22.6128465168982,-32.899822625409,19.7193974714476));
#13449=CARTESIAN_POINT('',(22.4658831460066,-42.5132754086262,7.09680167759505));
#13450=CARTESIAN_POINT('',(22.5360344286699,-42.2714026318242,7.37185281464247));
#13451=CARTESIAN_POINT('',(22.6056743613546,-42.0285551452129,7.64630977995213));
#13452=CARTESIAN_POINT('',(22.674771265525,-41.7846725647487,7.92013576411498));
#13453=CARTESIAN_POINT('',(23.1805071978781,-39.976583916732,9.93621113134824));
#13454=CARTESIAN_POINT('',(23.6532112015966,-38.1055314548765,11.9139044916224));
#13455=CARTESIAN_POINT('',(23.9298633727997,-36.3324606608434,13.49798988677));
#13456=CARTESIAN_POINT('',(24.2333307014823,-34.3135159300171,15.3216469236273));
#13457=CARTESIAN_POINT('',(24.5644207505286,-32.3163164527238,17.1603331882884));
#13458=CARTESIAN_POINT('',(24.6096344166172,-32.0468387262515,17.4090296165941));
#13459=CARTESIAN_POINT('',(24.6552998521039,-31.7777166432483,17.6579718478152));
#13460=CARTESIAN_POINT('',(24.701390796071,-31.5089295305039,17.9071455936663));
#13461=CARTESIAN_POINT('',(-47.5508207107578,37.8968138036487,51.6254959650917));
#13462=CARTESIAN_POINT('',(-48.6096021650284,-25.6300734525531,50.5667145108211));
#13463=CARTESIAN_POINT('',(-47.7129334561944,28.1700490774565,51.4633832196551));
#13464=CARTESIAN_POINT('',(-61.3768254164292,9.47565380848159,26.3090496640478));
#13465=CARTESIAN_POINT('',(-66.5406066861711,23.6743791947015,16.4978892482774));
#13466=CARTESIAN_POINT('',(-43.6660670907434,29.1363594131237,58.9789524445796));
#13467=CARTESIAN_POINT('',(-57.4242716755146,27.3585676260828,33.4065162268464));
#13468=CARTESIAN_POINT('',(-67.8739900883351,24.8633853323274,13.9999997290637));
#13469=CARTESIAN_POINT('',(-57.9219399230752,-2.50152722752056,32.9088479792862));
#13470=CARTESIAN_POINT('',(-47.4722219283592,-0.00634463653905881,52.315364498018));
#13471=CARTESIAN_POINT('',(-44.0753131249712,37.731076014629,58.0942557204773));
#13472=CARTESIAN_POINT('',(-48.4527630946203,-28.2361657072159,50.900239948898));
#13473=CARTESIAN_POINT('',(-67.1753687649739,-23.5747305459206,15.3273761815236));
#13474=CARTESIAN_POINT('',(-49.5483656839276,-27.9633895497449,48.8186001206168));
#13475=CARTESIAN_POINT('',(-67.1753687649738,31.5363674876258,15.3273761815236));
#13476=CARTESIAN_POINT('',(-67.1753687649738,20.5051576360916,15.3273761815236));
#13477=CARTESIAN_POINT('',(-61.3531554947706,4.49595758572773,26.3895543383543));
#13478=CARTESIAN_POINT('',(-67.8739900883351,-0.0237289445254943,13.9999997290637));
#13479=CARTESIAN_POINT('',(-67.8739900883351,-24.9108432213784,13.9999997290637));
#13480=CARTESIAN_POINT('',(-57.9219399230753,-27.3886415043734,32.9088479792862));
#13481=CARTESIAN_POINT('',(-45.2245978503588,31.5363674876257,57.0337389113059));
#13482=CARTESIAN_POINT('',(-22.4765686343483,56.9743817726932,15.468330694057));
#13483=CARTESIAN_POINT('',(-35.0134786732913,48.0025200579306,15.468330694057));
#13484=CARTESIAN_POINT('',(-65.7185132136835,26.0288979303337,15.468330694057));
#13485=CARTESIAN_POINT('',(-31.2214775146203,53.4358334329995,4.87666351936715));
#13486=CARTESIAN_POINT('',(-47.2757876632265,30.4326500456561,49.7189256121558));
#13487=CARTESIAN_POINT('',(-56.8088865071067,28.1563376814961,32.014692801087));
#13488=CARTESIAN_POINT('',(-46.9737704051523,29.855247482052,52.809384635722));
#13489=CARTESIAN_POINT('',(-33.0793352623576,49.7636855709352,13.9999997081145));
#13490=CARTESIAN_POINT('',(-67.873990088335,24.8633853323274,13.9999997290637));
#13491=CARTESIAN_POINT('',(-33.0793354457194,49.7636860361515,13.9999997290637));
#13492=CARTESIAN_POINT('',(-23.1339598057286,57.8929931198151,10.0585693476807));
#13493=CARTESIAN_POINT('',(-47.2203136508707,-31.7503576850743,46.2949067410488));
#13494=CARTESIAN_POINT('',(-35.0334795123924,-47.9726774951421,15.4711766485809));
#13495=CARTESIAN_POINT('',(-48.2042322141666,-30.4406293816052,48.7834972874848));
#13496=CARTESIAN_POINT('',(-28.8578746183518,-52.3770101278225,15.4711766485809));
#13497=CARTESIAN_POINT('',(-65.737075433233,-26.0754137007429,15.4711766485809));
#13498=CARTESIAN_POINT('',(-36.539069334895,-33.3449473683785,70.9472525486253));
#13499=CARTESIAN_POINT('',(-33.0178394244907,-49.7696359149551,13.9999997290637));
#13500=CARTESIAN_POINT('',(-67.8739900883351,-24.9108432213784,13.9999997290637));
#13501=CARTESIAN_POINT('',(-23.4205566342586,-44.7529884306725,62.5478561447054));
#13502=CARTESIAN_POINT('',(16.783153606499,40.7053647616635,15.3060448718954));
#13503=CARTESIAN_POINT('',(4.58241493276693,42.7388212072879,15.3060448718954));
#13504=CARTESIAN_POINT('',(-32.0273447706293,48.8404478245277,15.3060448718954));
#13505=CARTESIAN_POINT('',(18.2686881148573,45.9159917674059,5.77453319152062));
#13506=CARTESIAN_POINT('',(-44.1872612357785,31.4172892396255,49.2706407749556));
#13507=CARTESIAN_POINT('',(-25.1560104445356,58.68593878629,-3.88669336520338));
#13508=CARTESIAN_POINT('',(-57.3243826083802,53.804527229933,13.9999997290637));
#13509=CARTESIAN_POINT('',(17.7266159916433,46.3661390725229,5.14622232143079));
#13510=CARTESIAN_POINT('',(25.4915920704874,-20.854446986541,59.87884384533));
#13511=CARTESIAN_POINT('',(25.5832027656515,-20.7432765590801,60.1299326611562));
#13512=CARTESIAN_POINT('',(12.5972985011585,-36.501791713493,24.5378512086257));
#13513=CARTESIAN_POINT('',(25.6957776272736,-32.5309126550859,60.4384805730115));
#13514=CARTESIAN_POINT('',(25.1843830071692,21.0168652092175,59.036837791545));
#13515=CARTESIAN_POINT('',(33.3839312541684,10.9710337865596,81.5103585519834));
#13516=CARTESIAN_POINT('',(12.5972985011585,36.4381695592967,24.5378512086257));
#13517=CARTESIAN_POINT('',(12.5972985011585,-32.4135493911445,24.5378512086257));
#13518=CARTESIAN_POINT('',(25.8254890791429,21.8744432089722,60.7939968671583));
#13519=CARTESIAN_POINT('',(26.2405469799602,-21.5860302031125,61.9315987981262));
#13520=CARTESIAN_POINT('',(27.1394872819147,-32.4135493911445,64.3954350195562));
#13521=CARTESIAN_POINT('',(4.09602246605384,-7.85366445377985,59.1472765481357));
#13522=CARTESIAN_POINT('',(22.143907402295,-20.5338251011557,61.3950482459465));
#13523=CARTESIAN_POINT('',(-45.5350044708481,27.0163159831202,52.9659861600285));
#13524=CARTESIAN_POINT('',(41.2108937063302,-18.4063285316892,63.9936266801638));
#13525=CARTESIAN_POINT('',(-46.4550782033289,-28.1881079656669,52.0459124275484));
#13526=CARTESIAN_POINT('',(-45.3428099630016,38.5479864538947,53.1581806678748));
#13527=CARTESIAN_POINT('',(26.2405469799602,-21.5860302031125,61.9315987981262));
#13528=CARTESIAN_POINT('',(-46.9745536807986,29.8537502170643,52.8130327455782));
#13529=CARTESIAN_POINT('',(35.0299709878979,37.0283985020407,63.9606768281231));
#13530=CARTESIAN_POINT('',(24.1957845249951,36.3333145280528,60.2561164501951));
#13531=CARTESIAN_POINT('',(24.7212406436846,-18.686892807459,61.6963008287452));
#13532=CARTESIAN_POINT('',(24.3467321714916,20.5276734637609,60.66983785286));
#13533=CARTESIAN_POINT('',(5.85969737310127,-5.43506858702302,59.3471921491662));
#13534=CARTESIAN_POINT('',(-41.341049788728,27.7274354291428,53.4685806670722));
#13535=CARTESIAN_POINT('',(33.1647711477471,19.561165237483,61.6365468000547));
#13536=CARTESIAN_POINT('',(35.0423889826014,36.4671565617288,61.4119419046291));
#13537=CARTESIAN_POINT('',(20.9941829683032,35.3695421523508,13.9999997290637));
#13538=CARTESIAN_POINT('',(20.1359609983832,36.0914964907269,13.9999997290637));
#13539=CARTESIAN_POINT('',(19.2216259011144,36.7273796344678,13.9999997290636));
#13540=CARTESIAN_POINT('',(17.7787106637127,37.5716198842419,13.9999997290636));
#13541=CARTESIAN_POINT('',(17.2858198754033,37.83474604579,13.9999997290638));
#13542=CARTESIAN_POINT('',(16.2781252724777,38.3273774550801,13.9999997290638));
#13543=CARTESIAN_POINT('',(15.7621598536025,38.5572641908879,13.9999997290637));
#13544=CARTESIAN_POINT('',(14.202770719115,39.1934834739873,13.9999997290637));
#13545=CARTESIAN_POINT('',(13.1427053807049,39.5497595987146,13.9999997290636));
#13546=CARTESIAN_POINT('',(10.9905884487185,40.1562720151663,13.9999997290636));
#13547=CARTESIAN_POINT('',(9.89847310087572,40.4063489284781,13.9999997290636));
#13548=CARTESIAN_POINT('',(8.79333157014336,40.6131369021709,13.9999997290636));
#13549=CARTESIAN_POINT('',(11.3569055477222,36.9331264872921,22.5686400529111));
#13550=CARTESIAN_POINT('',(14.8912762717535,36.0084747955765,20.599600746422));
#13551=CARTESIAN_POINT('',(18.2570096184774,34.8300685507614,18.4616299542943));
#13552=CARTESIAN_POINT('',(21.3625315750434,33.4604220845586,16.0681908124819));
#13553=CARTESIAN_POINT('',(10.4507108205746,38.1557332835329,19.7131907762259));
#13554=CARTESIAN_POINT('',(14.1179692570892,37.5158312394407,17.8566440163616));
#13555=CARTESIAN_POINT('',(17.6757931286901,36.6660791336871,15.8897687934617));
#13556=CARTESIAN_POINT('',(21.0097428624115,35.6014136704053,13.6855651568565));
#13557=CARTESIAN_POINT('',(9.57208464187486,39.3875789782228,16.8405378284947));
#13558=CARTESIAN_POINT('',(13.3578165736377,39.0327258365337,15.115053192076));
#13559=CARTESIAN_POINT('',(17.082920201631,38.5200130965988,13.2979176362391));
#13560=CARTESIAN_POINT('',(20.6740198340478,37.6981002426126,11.3469453546682));
#13561=CARTESIAN_POINT('',(8.70911104454769,40.6372146409881,13.9779147619506));
#13562=CARTESIAN_POINT('',(12.5830151709132,40.5384596917498,12.3593300047532));
#13563=CARTESIAN_POINT('',(16.4345706048755,40.2801782679728,10.6968079362394));
#13564=CARTESIAN_POINT('',(20.1640331495431,39.6680002129824,8.90690294208209));
#13565=CARTESIAN_POINT('',(20.9941829683032,-35.3695303212209,13.9999997290637));
#13566=CARTESIAN_POINT('',(20.5741164663238,-35.7228990814482,13.9999997290637));
#13567=CARTESIAN_POINT('',(20.1333261250158,-36.0616006803405,14.0001071918447));
#13568=CARTESIAN_POINT('',(19.2111652734303,-36.7082648202718,14.0001023354651));
#13569=CARTESIAN_POINT('',(18.6876966110145,-37.0407596793183,13.9999997290637));
#13570=CARTESIAN_POINT('',(17.7699987015214,-37.5756428847491,13.9999997290637));
#13571=CARTESIAN_POINT('',(17.2876616025353,-37.8337630575149,14.0001236688129));
#13572=CARTESIAN_POINT('',(16.5290437952784,-38.204629085173,14.0001235585598));
#13573=CARTESIAN_POINT('',(16.2703275097416,-38.3255315886101,14.0000999260269));
#13574=CARTESIAN_POINT('',(15.7413298720532,-38.5615110712786,14.000037765545));
#13575=CARTESIAN_POINT('',(15.440585289101,-38.6889484033264,13.9999997290637));
#13576=CARTESIAN_POINT('',(14.7040582036477,-38.9877993205354,13.9999997290637));
#13577=CARTESIAN_POINT('',(14.1908469425416,-39.1789787539071,13.99996377101));
#13578=CARTESIAN_POINT('',(13.1206588780707,-39.5422780076062,13.9999477864593));
#13579=CARTESIAN_POINT('',(12.5161268343103,-39.7276628372132,13.9999997290637));
#13580=CARTESIAN_POINT('',(10.9229732999897,-40.172318933676,13.9999997290637));
#13581=CARTESIAN_POINT('',(9.82097480962775,-40.4238494788515,13.9999997290637));
#13582=CARTESIAN_POINT('',(8.68239953796022,-40.6337276279949,13.9999997290637));
#13583=CARTESIAN_POINT('',(20.1569933461372,-39.7002717790574,8.86595166371833));
#13584=CARTESIAN_POINT('',(20.4161011256784,-38.7021889997228,10.103264437922));
#13585=CARTESIAN_POINT('',(20.6388058328701,-37.6823787087908,11.3094364495025));
#13586=CARTESIAN_POINT('',(20.8318820118614,-36.6290426954418,12.5127513781352));
#13587=CARTESIAN_POINT('',(21.0249581908528,-35.5757066820928,13.7160663067678));
#13588=CARTESIAN_POINT('',(21.1932439926329,-34.4928690797867,14.9178160332898));
#13589=CARTESIAN_POINT('',(21.3723024273229,-33.4076445542753,16.1254502248447));
#13590=CARTESIAN_POINT('',(18.2598447410192,-40.0097713217039,9.77458735893635));
#13591=CARTESIAN_POINT('',(18.5544379651688,-39.0658061307491,11.0531215658718));
#13592=CARTESIAN_POINT('',(18.8232691198642,-38.0994192676069,12.3133613879829));
#13593=CARTESIAN_POINT('',(19.0736445654851,-37.1110413788054,13.5718887446219));
#13594=CARTESIAN_POINT('',(19.3240200111059,-36.1226634900038,14.8304161012609));
#13595=CARTESIAN_POINT('',(19.5586834042414,-35.1142709979171,16.0884605180127));
#13596=CARTESIAN_POINT('',(19.7963560206868,-34.1077659694911,17.3446120249373));
#13597=CARTESIAN_POINT('',(16.328931391384,-40.2352214349023,10.643260601457));
#13598=CARTESIAN_POINT('',(16.6579124813196,-39.3495419650861,11.9618581148759));
#13599=CARTESIAN_POINT('',(16.971839225602,-38.4451029119114,13.2737387384473));
#13600=CARTESIAN_POINT('',(17.2731579662659,-37.5287715268974,14.5831619319089));
#13601=CARTESIAN_POINT('',(17.5744767069298,-36.6124401418834,15.8925851253706));
#13602=CARTESIAN_POINT('',(17.8639587322003,-35.6866652981597,17.1991317423279));
#13603=CARTESIAN_POINT('',(18.1558406015178,-34.7613678917041,18.5012314673997));
#13604=CARTESIAN_POINT('',(14.3815809506303,-40.3856264515311,11.4968143710672));
#13605=CARTESIAN_POINT('',(14.7418918241133,-39.5629260051394,12.851653455874));
#13606=CARTESIAN_POINT('',(15.0904646145308,-38.7284334636265,14.2053174724731));
#13607=CARTESIAN_POINT('',(15.4345638993036,-37.8872609240919,15.5566388987626));
#13608=CARTESIAN_POINT('',(15.7786631840764,-37.0460883845573,16.9079603250521));
#13609=CARTESIAN_POINT('',(16.1174623075785,-36.2000909154589,18.2557693550342));
#13610=CARTESIAN_POINT('',(16.4555006928324,-35.3560162471299,19.5985688496815));
#13611=CARTESIAN_POINT('',(13.4079057302535,-40.4608289598456,11.9235912558724));
#13612=CARTESIAN_POINT('',(13.7838814955102,-39.669618025166,13.2965511263731));
#13613=CARTESIAN_POINT('',(14.1497773089952,-38.870098739484,14.6711068394861));
#13614=CARTESIAN_POINT('',(14.5152668658225,-38.0665056226891,16.0433773821894));
#13615=CARTESIAN_POINT('',(14.8807564226497,-37.2629125058942,17.4156479248928));
#13616=CARTESIAN_POINT('',(15.2442140952676,-36.4568037241085,18.7840881613873));
#13617=CARTESIAN_POINT('',(15.6053307384897,-35.6533404248428,20.1472375408224));
#13618=CARTESIAN_POINT('',(12.4301780859724,-40.5184259680803,12.3463875421043));
#13619=CARTESIAN_POINT('',(12.820742193962,-39.7596393928802,13.7369350756734));
#13620=CARTESIAN_POINT('',(13.2019072119529,-38.9967616364873,15.1297553193069));
#13621=CARTESIAN_POINT('',(13.586579732136,-38.2313015282196,16.5206934967322));
#13622=CARTESIAN_POINT('',(13.971252252319,-37.465841419952,17.9116316741575));
#13623=CARTESIAN_POINT('',(14.3581383362858,-36.6985559530747,19.2993476827112));
#13624=CARTESIAN_POINT('',(14.7411224181943,-35.9351991265823,20.6817497535833));
#13625=CARTESIAN_POINT('',(11.4498689347574,-40.5630819219037,12.7657584130143));
#13626=CARTESIAN_POINT('',(11.853545324302,-39.8371188682728,14.1730695792439));
#13627=CARTESIAN_POINT('',(12.249519239538,-39.1104402275648,15.5823766059616));
#13628=CARTESIAN_POINT('',(12.6514270163685,-38.38249090486,16.9901962575294));
#13629=CARTESIAN_POINT('',(13.0533347931991,-37.6545415821553,18.3980159090971));
#13630=CARTESIAN_POINT('',(13.4610550103694,-36.9252270059055,19.8036272690756));
#13631=CARTESIAN_POINT('',(13.8651640331204,-36.2005477187556,21.2041419782647));
#13632=CARTESIAN_POINT('',(10.4695597835425,-40.6077378757272,13.1851292839242));
#13633=CARTESIAN_POINT('',(10.8863484546421,-39.9145983436653,14.6092040828144));
#13634=CARTESIAN_POINT('',(11.2971312671231,-39.2241188186423,16.0349978926164));
#13635=CARTESIAN_POINT('',(11.7162743006011,-38.5336802815004,17.4596990183265));
#13636=CARTESIAN_POINT('',(12.1354173340792,-37.8432417443586,18.8844001440366));
#13637=CARTESIAN_POINT('',(12.5639716844531,-37.1518980587364,20.30790685544));
#13638=CARTESIAN_POINT('',(12.9892056480465,-36.4658963109288,21.7265342029461));
#13639=CARTESIAN_POINT('',(9.49935827971929,-40.6381595452267,13.5957962618876));
#13640=CARTESIAN_POINT('',(9.92894324080657,-39.9777190288658,15.034940038792));
#13641=CARTESIAN_POINT('',(10.3560032756645,-39.3219320332761,16.4746078516791));
#13642=CARTESIAN_POINT('',(10.7911228920123,-38.667428292526,17.9136825869602));
#13643=CARTESIAN_POINT('',(11.2262425083601,-38.012924551776,19.3527573222414));
#13644=CARTESIAN_POINT('',(11.6727144383524,-37.358131365734,20.7919670570202));
#13645=CARTESIAN_POINT('',(12.1206536824661,-36.7076391634447,22.2258260345568));
#13646=CARTESIAN_POINT('',(8.49921329585398,-40.6625883166335,14.012156188659));
#13647=CARTESIAN_POINT('',(8.93858407574274,-40.0357133137279,15.4657025605001));
#13648=CARTESIAN_POINT('',(9.38010052665306,-39.4136178170419,16.9228281800898));
#13649=CARTESIAN_POINT('',(9.82965671314977,-38.7954819947293,18.3784787365355));
#13650=CARTESIAN_POINT('',(10.2792128996465,-38.1773461724167,19.8341292929813));
#13651=CARTESIAN_POINT('',(10.7370107472474,-37.5627233784786,21.288192323443));
#13652=CARTESIAN_POINT('',(11.1993410611665,-36.9506432928138,22.7383710807134));
#13653=CARTESIAN_POINT('',(-57.9999996731044,-19.9290577523124,28.7889369529013));
#13654=CARTESIAN_POINT('',(-57.9999996731045,21.8589610070983,28.1895868830456));
#13655=CARTESIAN_POINT('',(-50.5985992495108,25.466006590255,41.9085862268692));
#13656=CARTESIAN_POINT('',(-47.769975130775,24.4665639481257,47.185739441851));
#13657=CARTESIAN_POINT('',(-47.3347943975793,24.4666497000126,47.9954163028571));
#13658=CARTESIAN_POINT('',(-46.3920087099404,24.4668354748998,49.7495208739229));
#13659=CARTESIAN_POINT('',(-46.3832271008627,25.6060053191369,49.7495208739229));
#13660=CARTESIAN_POINT('',(-46.3765911273351,26.4668385517459,49.7495208739229));
#13661=CARTESIAN_POINT('',(-47.3229207121436,26.4666520785376,47.9888226874618));
#13662=CARTESIAN_POINT('',(-60.1762878783216,8.5457467659611,24.3314234544889));
#13663=CARTESIAN_POINT('',(-47.2479363224795,-27.0030311254592,48.8952313309173));
#13664=CARTESIAN_POINT('',(-47.6426350462892,-27.0031089004104,48.1608726694464));
#13665=CARTESIAN_POINT('',(-46.7887778620715,-27.0029406487874,49.7495208739229));
#13666=CARTESIAN_POINT('',(-46.7799720736176,-25.8606342021333,49.7495208739229));
#13667=CARTESIAN_POINT('',(-46.7733602794663,-25.0029375719413,49.7495208739229));
#13668=CARTESIAN_POINT('',(-47.6307613608535,-25.0031065218854,48.1542790540511));
#13669=CARTESIAN_POINT('',(-57.9999996731044,-19.9290577523124,28.7889369529013));
#13670=CARTESIAN_POINT('',(-57.9999996731045,16.0961491934087,28.2722407576642));
#13671=CARTESIAN_POINT('',(-58.9999996731044,18.9775551002535,26.3703560514318));
#13672=CARTESIAN_POINT('',(-54.9376582031533,13.9997118306615,33.9999723950037));
#13673=CARTESIAN_POINT('',(-53.8088483265968,14.0298282550929,36.0997564317511));
#13674=CARTESIAN_POINT('',(-48.7038245100908,-14.0002881693385,45.9999737283037));
#13675=CARTESIAN_POINT('',(-47.5750146335342,-13.9701717449071,48.0997577650511));
#13676=CARTESIAN_POINT('',(-42.3136852777437,37.7174960140937,57.1474279053716));
#13677=CARTESIAN_POINT('',(-50.5884572018989,-26.0036913505053,42.5482579991855));
#13678=CARTESIAN_POINT('',(-47.7598323769886,-27.0031319940161,47.9226320215406));
#13679=CARTESIAN_POINT('',(-47.6226275260906,-27.0031049579505,48.1833197852932));
#13680=CARTESIAN_POINT('',(-43.4547623445919,31.5363674876257,56.1022442615484));
#13681=CARTESIAN_POINT('',(-14.8749287907075,-14.0002881693385,45.9999737283037));
#13682=CARTESIAN_POINT('',(-13.5986400720944,-16.2421095100981,44.8935212548034));
#13683=CARTESIAN_POINT('',(-13.5986400720944,-0.00184440680504517,44.8935216274953));
#13684=CARTESIAN_POINT('',(-13.5986400720944,-16.9849494986991,44.8935212377562));
#13685=CARTESIAN_POINT('',(0.00457402004086505,-16.9849494986991,33.1004927791861));
#13686=CARTESIAN_POINT('',(0.00457421294033922,-0.00184413617114788,33.1004930016949));
#13687=CARTESIAN_POINT('',(9.63262569847559,-22.9933715350212,25.9629113682816));
#13688=CARTESIAN_POINT('',(9.63262569847559,-17.0002875137985,25.9629114921717));
#13689=CARTESIAN_POINT('',(-2.71701236599686,-17.0002875137985,11.7176503074318));
#13690=CARTESIAN_POINT('',(9.43314595999664,-22.9933715302645,25.7328122381807));
#13691=CARTESIAN_POINT('',(-12.5986400720944,-14.0002881693385,45.9999737283037));
#13692=CARTESIAN_POINT('',(-12.5986400720944,-18.0002875137985,23.7403870206839));
#13693=CARTESIAN_POINT('',(-12.5986400720944,-18.0002875137985,22.4999997290637));
#13694=CARTESIAN_POINT('',(-12.5986400720944,-15.9807769682485,22.4999997290637));
#13695=CARTESIAN_POINT('',(-12.5986400720944,-15.9807769682485,22.4999997290637));
#13696=CARTESIAN_POINT('',(-12.5986400720944,-15.9807769682485,23.4999997290637));
#13697=CARTESIAN_POINT('',(-12.5986400720944,-15.0106344680985,23.2574641040237));
#13698=CARTESIAN_POINT('',(-12.5986400720944,-15.0106344680985,23.2574641040237));
#13699=CARTESIAN_POINT('',(-12.5986400720944,-14.2298580616985,26.3805697296437));
#13700=CARTESIAN_POINT('',(-12.5986400720944,-15.2000005618385,26.6231053546837));
#13701=CARTESIAN_POINT('',(-12.5986400720944,-14.2000005618385,14.4999997290637));
#13702=CARTESIAN_POINT('',(-13.5986400720944,-14.0002881693385,45.9999737283037));
#13703=CARTESIAN_POINT('',(-13.5986400720944,-15.2000005618385,26.6231053546837));
#13704=CARTESIAN_POINT('',(-13.5986400720944,-14.2298580616985,26.3805697296437));
#13705=CARTESIAN_POINT('',(-13.5986400720944,-14.2298580616985,26.3805697296437));
#13706=CARTESIAN_POINT('',(-13.5986400720944,-15.0106344680985,23.2574641040237));
#13707=CARTESIAN_POINT('',(-13.5986400720944,-15.9807769682485,23.4999997290637));
#13708=CARTESIAN_POINT('',(-13.5986400720944,-15.9807769682485,22.4999997290637));
#13709=CARTESIAN_POINT('',(-13.5986400720944,-16.4996583121185,22.4999997290637));
#13710=CARTESIAN_POINT('',(-13.5986400720944,-18.0002875137985,22.4999997290637));
#13711=CARTESIAN_POINT('',(-13.5986400720944,-18.0002875137985,23.7403870206839));
#13712=CARTESIAN_POINT('',(-13.5986400720944,-16.9849494986991,14.4999997290637));
#13713=CARTESIAN_POINT('',(-13.5986400720944,-16.5000004079085,14.4999997290637));
#13714=CARTESIAN_POINT('',(0.00457440587517399,16.9843744711021,33.1004932242445));
#13715=CARTESIAN_POINT('',(-13.5986400720944,16.9843744711021,44.8935220199526));
#13716=CARTESIAN_POINT('',(-17.4126497102404,16.9843744711021,48.1999997290637));
#13717=CARTESIAN_POINT('',(-13.5986400720944,-0.00184440680504517,44.8935216274953));
#13718=CARTESIAN_POINT('',(-13.5986400720944,16.1997119464921,44.8935219992989));
#13719=CARTESIAN_POINT('',(2.25941198403229,16.1997125574451,31.1457078482659));
#13720=CARTESIAN_POINT('',(-17.4126501598853,-0.00184367511695899,48.1999997290637));
#13721=CARTESIAN_POINT('',(0.00457421294033922,-0.00184413617114788,33.1004930016949));
#13722=CARTESIAN_POINT('',(10.0982434767866,-22.9933715183451,26.4999997290637));
#13723=CARTESIAN_POINT('',(10.0982427600578,16.9997124862015,26.4999997290637));
#13724=CARTESIAN_POINT('',(9.43314555080371,16.9997124862015,25.7328125929222));
#13725=CARTESIAN_POINT('',(9.63262569847559,16.9997124862015,25.9629118487739));
#13726=CARTESIAN_POINT('',(9.63262569847559,-22.9933715350212,25.9629113682816));
#13727=CARTESIAN_POINT('',(9.43314595999664,-22.9933715302645,25.7328122381807));
#13728=CARTESIAN_POINT('',(-13.5986400720944,16.9843744711021,14.4999997290637));
#13729=CARTESIAN_POINT('',(-13.5986400720944,16.9843744711021,26.4999997290637));
#13730=CARTESIAN_POINT('',(-13.5986400720944,14.1999997460215,26.4999997290637));
#13731=CARTESIAN_POINT('',(-13.5986400720944,17.9997124862015,26.4999997290637));
#13732=CARTESIAN_POINT('',(-13.5986400720944,17.9997124862015,54.2593638639195));
#13733=CARTESIAN_POINT('',(-13.5986400720944,17.9997124862015,22.4999997290637));
#13734=CARTESIAN_POINT('',(-13.5986400720944,15.9807761524315,22.4999997290637));
#13735=CARTESIAN_POINT('',(-13.5986400720944,15.9807761524315,22.4999997290637));
#13736=CARTESIAN_POINT('',(-13.5986400720944,15.9807761524315,23.4999997290637));
#13737=CARTESIAN_POINT('',(-13.5986400720944,15.0106336522815,23.2574641040237));
#13738=CARTESIAN_POINT('',(-13.5986400720944,15.0106336522815,23.2574641040237));
#13739=CARTESIAN_POINT('',(-13.5986400720944,14.2298572458815,26.3805697296437));
#13740=CARTESIAN_POINT('',(-13.5986400720944,15.1999997460215,26.6231053546837));
#13741=CARTESIAN_POINT('',(-13.5986400720944,13.9997118306615,33.9999723950037));
#13742=CARTESIAN_POINT('',(-13.5986400720944,16.1997125194815,31.9999737238637));
#13743=CARTESIAN_POINT('',(-13.5986400720944,14.1999997460215,14.4999997290637));
#13744=CARTESIAN_POINT('',(-12.5986400720944,-14.0002881693385,45.9999737283037));
#13745=CARTESIAN_POINT('',(-12.5986400720944,16.4999988689389,46.0117940579273));
#13746=CARTESIAN_POINT('',(-12.5986400720944,13.9997118306615,33.9999723950037));
#13747=CARTESIAN_POINT('',(-12.5986400720944,15.1999997460215,26.6231053546837));
#13748=CARTESIAN_POINT('',(-12.5986400720944,14.2298572458815,26.3805697296437));
#13749=CARTESIAN_POINT('',(-12.5986400720944,14.2298572458815,26.3805697296437));
#13750=CARTESIAN_POINT('',(-12.5986400720944,15.0106336522815,23.2574641040237));
#13751=CARTESIAN_POINT('',(-12.5986400720944,15.9807761524315,23.4999997290637));
#13752=CARTESIAN_POINT('',(-12.5986400720944,15.9807761524315,22.4999997290637));
#13753=CARTESIAN_POINT('',(-12.5986400720944,16.4999995920915,22.4999997290637));
#13754=CARTESIAN_POINT('',(-12.5986400720944,17.9997124862015,22.4999997290637));
#13755=CARTESIAN_POINT('',(-12.5986400720944,17.9997124862015,14.4999997290637));
#13756=CARTESIAN_POINT('',(-12.5986400720944,17.9997124862015,26.4999997290637));
#13757=CARTESIAN_POINT('',(-12.5986400720944,16.4999995920915,26.4999997290637));
#13758=CARTESIAN_POINT('',(-12.5986400720944,16.2028404153342,8.49997238019197));
#13759=CARTESIAN_POINT('',(-12.5986400720944,16.2028404153342,48.599972380192));
#13760=CARTESIAN_POINT('',(-12.5986400720944,-15.0002868360631,48.599972380192));
#13761=CARTESIAN_POINT('',(-12.5986400720944,-16.2002868360385,48.599972380192));
#13762=CARTESIAN_POINT('',(-12.5986400720944,-16.2002868360385,8.49997238019197));
#13763=CARTESIAN_POINT('',(-12.5986400720944,16.4999995920915,14.4999997290637));
#13764=CARTESIAN_POINT('',(-20.7864064038645,16.9997124862015,51.1248091480371));
#13765=CARTESIAN_POINT('',(7.61821889498265,16.9997124862015,26.4999997290637));
#13766=CARTESIAN_POINT('',(9.63262569847559,16.9997124862015,24.753650917685));
#13767=CARTESIAN_POINT('',(7.61821844493166,-0.0018443377131669,26.4999997290637));
#13768=CARTESIAN_POINT('',(10.1326256984756,-0.00184393467509055,24.3201857456447));
#13769=CARTESIAN_POINT('',(9.63262569847559,-0.00184394462251517,24.7536505275225));
#13770=CARTESIAN_POINT('',(0.00457421294033922,-0.00184413617114788,33.1004930016949));
#13771=CARTESIAN_POINT('',(-4.8340740721674,-17.0002875137985,37.2952598585796));
#13772=CARTESIAN_POINT('',(9.63262569847559,-17.0002875137985,24.7536501374315));
#13773=CARTESIAN_POINT('',(9.63262569847559,-0.00184394462251517,24.7536505275225));
#13774=CARTESIAN_POINT('',(10.1326256984756,-0.00184393467509055,24.3201857456447));
#13775=CARTESIAN_POINT('',(0.00457421294033922,-0.00184413617114788,33.1004930016949));
#13776=CARTESIAN_POINT('',(2.93585716700451,11.9997118306615,47.4999723950037));
#13777=CARTESIAN_POINT('',(2.93585720446635,11.9997120903574,41.656230933328));
#13778=CARTESIAN_POINT('',(2.93585724192821,11.9997123500533,35.8124894716522));
#13779=CARTESIAN_POINT('',(2.93585727939011,11.9997126097492,29.9687480099765));
#13780=CARTESIAN_POINT('',(2.93585728188757,11.9997126270623,29.5791652496723));
#13781=CARTESIAN_POINT('',(2.93585728438504,11.9997126443753,29.189582489368));
#13782=CARTESIAN_POINT('',(2.9358572868825,11.9997126616884,28.7999997290637));
#13783=CARTESIAN_POINT('',(2.93585716700451,11.9997118306615,47.4999723950037));
#13784=CARTESIAN_POINT('',(2.9000003269006,11.4999997458115,27.4999997290637));
#13785=CARTESIAN_POINT('',(2.9000003269006,11.4999997458115,47.4999723950037));
#13786=CARTESIAN_POINT('',(6.40000032690061,11.4999997458115,47.4999723950037));
#13787=CARTESIAN_POINT('',(6.40000032690061,11.4999997458115,27.4999997290637));
#13788=CARTESIAN_POINT('',(-12.5986400720944,16.2028404153342,48.599972380192));
#13789=CARTESIAN_POINT('',(-12.0896493141533,16.2028404153342,48.599972380192));
#13790=CARTESIAN_POINT('',(-12.0896493141533,16.2028404153342,48.599972380192));
#13791=CARTESIAN_POINT('',(-0.999999673104296,-15.0002868360585,48.599972380192));
#13792=CARTESIAN_POINT('',(-0.999999673104296,14.2168691641086,48.599972380192));
#13793=CARTESIAN_POINT('',(-2.59999967310434,14.2168691641086,48.599972380192));
#13794=CARTESIAN_POINT('',(1.50000032689571,14.2168691641086,48.599972380192));
#13795=CARTESIAN_POINT('',(1.50000032689571,-15.0002868360631,48.599972380192));
#13796=CARTESIAN_POINT('',(1.50000032689571,-12.0002868360385,48.599972380192));
#13797=CARTESIAN_POINT('',(-2.59999967310434,-12.0002868360385,48.599972380192));
#13798=CARTESIAN_POINT('',(-0.999999673104296,-12.0002868360385,48.599972380192));
#13799=CARTESIAN_POINT('',(-0.999999673104296,-15.0002868360585,48.599972380192));
#13800=CARTESIAN_POINT('',(-0.999999673104296,-16.2002868360385,48.599972380192));
#13801=CARTESIAN_POINT('',(3.0000003268956,-16.2002868360385,48.599972380192));
#13802=CARTESIAN_POINT('',(-2.59999967310434,-15.0002868360631,48.599972380192));
#13803=CARTESIAN_POINT('',(5.2000003268956,8.21214330125861,29.4999737283037));
#13804=CARTESIAN_POINT('',(5.2000003268956,8.21214330125861,47.4999723950037));
#13805=CARTESIAN_POINT('',(5.2000003268956,-12.0002868360385,47.4999723950037));
#13806=CARTESIAN_POINT('',(5.2000003268956,-4.07908450128502E-7,39.9999997290637));
#13807=CARTESIAN_POINT('',(5.2000003268956,14.7878561903644,27.4999997290637));
#13808=CARTESIAN_POINT('',(5.2000003268956,-4.07908450128502E-7,39.9999997290637));
#13809=CARTESIAN_POINT('',(0.00457421294033922,-0.00184413617114788,33.1004930016949));
#13810=CARTESIAN_POINT('',(9.63262569847559,-17.0002875137985,23.7403870206839));
#13811=CARTESIAN_POINT('',(9.63262569847559,83.5004101070415,26.6999997290637));
#13812=CARTESIAN_POINT('',(-0.999999673104296,-16.2002868360385,48.6999997290637));
#13813=CARTESIAN_POINT('',(-0.999999673104296,-16.2002868360385,47.1874104072547));
#13814=CARTESIAN_POINT('',(-6.87399008833511,-16.2002868360385,47.1874104072547));
#13815=CARTESIAN_POINT('',(-12.7841438569123,-16.2002868360385,47.1874104072547));
#13816=CARTESIAN_POINT('',(-4.17487495298474,-16.2002868360385,39.7237806721173));
#13817=CARTESIAN_POINT('',(3.0000003268956,-16.2002868360385,47.9999723950037));
#13818=CARTESIAN_POINT('',(3.0000003268956,16.1997125194815,31.9999737238637));
#13819=CARTESIAN_POINT('',(-1.9999996731043,-12.0002868360385,32.4999737283037));
#13820=CARTESIAN_POINT('',(-0.999999673104296,-12.0002868360385,32.4999737283037));
#13821=CARTESIAN_POINT('',(-0.999999673104296,11.9997123328335,36.1999737283037));
#13822=CARTESIAN_POINT('',(1.50000032689571,11.9997123328335,36.1999737283037));
#13823=CARTESIAN_POINT('',(-0.999999673104296,11.9997123328335,36.1999737283037));
#13824=CARTESIAN_POINT('',(-0.999999673104296,11.9997118306614,47.4999735949038));
#13825=CARTESIAN_POINT('',(0.500000326895705,11.9997118306615,47.4999723950037));
#13826=CARTESIAN_POINT('',(1.50000032689571,11.9997118306615,47.4999723950037));
#13827=CARTESIAN_POINT('',(1.50000032689571,11.9997118306615,47.4999723950037));
#13828=CARTESIAN_POINT('',(-0.999999673104296,11.9997118306615,47.4999723950037));
#13829=CARTESIAN_POINT('',(-0.999999673104296,13.0497118306615,33.9999723950037));
#13830=CARTESIAN_POINT('',(-0.999999673104296,13.0497118306615,33.9999723950037));
#13831=CARTESIAN_POINT('',(3.38618430269311,13.2795819923599,33.9999723950037));
#13832=CARTESIAN_POINT('',(3.38618430269311,13.2795819923599,33.9999723950037));
#13833=CARTESIAN_POINT('',(3.38618430269311,13.2795819923599,33.9309991931631));
#13834=CARTESIAN_POINT('',(3.3923763994847,13.2901775208571,33.8610704596508));
#13835=CARTESIAN_POINT('',(3.40437338502755,13.3100326806291,33.7961154941712));
#13836=CARTESIAN_POINT('',(3.41636594565745,13.3298805171153,33.7311844863823));
#13837=CARTESIAN_POINT('',(3.43448071931538,13.3594394604737,33.6694923124396));
#13838=CARTESIAN_POINT('',(3.45759934270756,13.3953299144681,33.6153517688456));
#13839=CARTESIAN_POINT('',(3.48152550296232,13.4324740272173,33.5593200882245));
#13840=CARTESIAN_POINT('',(3.51137810747657,13.4771983581739,33.5099799595756));
#13841=CARTESIAN_POINT('',(3.54537674682093,13.5251230052832,33.4694951943933));
#13842=CARTESIAN_POINT('',(3.58322439388801,13.5784732323683,33.4244271230303));
#13843=CARTESIAN_POINT('',(3.62702320800722,13.636882420439,33.3892391443505));
#13844=CARTESIAN_POINT('',(3.67425655352185,13.6955226634526,33.3639378569183));
#13845=CARTESIAN_POINT('',(3.74363264988848,13.7816531525371,33.3267754553146));
#13846=CARTESIAN_POINT('',(3.82228705464259,13.8704438556214,33.3097646765472));
#13847=CARTESIAN_POINT('',(3.90407473804885,13.9536410103233,33.3085171660254));
#13848=CARTESIAN_POINT('',(3.99821489844377,14.0494035158968,33.3070812427209));
#13849=CARTESIAN_POINT('',(4.09895383113697,14.1404664765392,33.3260536210419));
#13850=CARTESIAN_POINT('',(4.2000003268956,14.2221312635707,33.3600441697671));
#13851=CARTESIAN_POINT('',(4.2000003268956,14.2221312635707,33.3600441697671));
#13852=CARTESIAN_POINT('',(4.2000003268956,13.9997118306615,33.9999723950037));
#13853=CARTESIAN_POINT('',(4.2000003268956,14.6771913783915,33.9999723950037));
#13854=CARTESIAN_POINT('',(-0.999999673104296,14.9497118306615,33.9999723950037));
#13855=CARTESIAN_POINT('',(-0.999999673104296,14.9497118306615,33.9999723950037));
#13856=CARTESIAN_POINT('',(-0.999999673104296,13.9997118306615,33.9999723950037));
#13857=CARTESIAN_POINT('',(1.60000032689558,13.9997118306615,33.9999723950037));
#13858=CARTESIAN_POINT('',(-16.5851940682882,-17.0002875137985,23.7403870206839));
#13859=CARTESIAN_POINT('',(-18.0689682514562,16.9997124862015,26.4999997290637));
#13860=CARTESIAN_POINT('',(9.63262569847559,16.9997124862015,26.6999997290637));
#13861=CARTESIAN_POINT('',(-18.0689682514562,16.9997124862015,54.2593638639195));
#13862=CARTESIAN_POINT('',(5.2000003268956,-12.0002868360385,43.9999723950037));
#13863=CARTESIAN_POINT('',(5.2000003268956,-4.07908450128502E-7,39.9999997290637));
#13864=CARTESIAN_POINT('',(5.2000003268956,-12.0002868360385,43.9999723950037));
#13865=CARTESIAN_POINT('',(-0.999999673104296,-12.0002868360385,43.9999723950037));
#13866=CARTESIAN_POINT('',(-0.999999673104296,-11.3002868360385,43.9999723950037));
#13867=CARTESIAN_POINT('',(5.2000003268956,-11.3000004079085,43.9999723950037));
#13868=CARTESIAN_POINT('',(6.40000032690061,11.4999997458115,47.4999723950037));
#13869=CARTESIAN_POINT('',(0.500000326895705,-12.0002868360385,47.4999723950037));
#13870=CARTESIAN_POINT('',(1.50000032689571,-12.0002868360385,47.4999723950037));
#13871=CARTESIAN_POINT('',(1.50000032689571,-12.0002868360385,47.4999723950037));
#13872=CARTESIAN_POINT('',(-0.999999673104296,-12.0002868360385,47.4999723950037));
#13873=CARTESIAN_POINT('',(-0.999999673104296,-12.0002868360385,47.4999723950237));
#13874=CARTESIAN_POINT('',(-0.999999673104296,-14.0002881693385,45.9999737283037));
#13875=CARTESIAN_POINT('',(-0.999999673104296,-14.0002881693385,45.9999737283037));
#13876=CARTESIAN_POINT('',(-0.999999673104296,-13.0502881693385,45.9999737283037));
#13877=CARTESIAN_POINT('',(-0.999999673104296,-14.9502881693385,45.9999737283037));
#13878=CARTESIAN_POINT('',(-0.999999673104296,-14.0002881693385,45.9999737283037));
#13879=CARTESIAN_POINT('',(-0.999999673104296,-15.0002868360585,47.4999723950237));
#13880=CARTESIAN_POINT('',(-0.999999673104296,11.2997125550315,36.1999737283037));
#13881=CARTESIAN_POINT('',(1.50000032689571,11.2997125550315,36.1999737283037));
#13882=CARTESIAN_POINT('',(0.500000326895705,11.2997125550315,36.1999737283037));
#13883=CARTESIAN_POINT('',(-0.999999673104296,0.158291156609202,62.6585503876914));
#13884=CARTESIAN_POINT('',(-0.999999673104296,-15.0002868360585,47.4999723950237));
#13885=CARTESIAN_POINT('',(1.50000032689571,31.4084207036642,31.4084208406364));
#13886=CARTESIAN_POINT('',(0.500000326895705,16.1582905055342,46.6585510387664));
#13887=CARTESIAN_POINT('',(1.50000032689571,-12.0002868360385,-2.70936340029948E-7));
#13888=CARTESIAN_POINT('',(1.50000032689571,-4.07908494537423E-7,-2.70936340029948E-7));
#13889=CARTESIAN_POINT('',(-0.999999673104296,-12.0002868360385,32.4999737283037));
#13890=CARTESIAN_POINT('',(4.2000003268956,-14.0002881693385,45.9999737283037));
#13891=CARTESIAN_POINT('',(4.2000003268956,-14.2221320793877,45.3598457589381));
#13892=CARTESIAN_POINT('',(4.2000003268956,-14.6777677170685,45.9999737283037));
#13893=CARTESIAN_POINT('',(4.2000003268956,-14.2221320793877,45.3598457589381));
#13894=CARTESIAN_POINT('',(4.07948147946738,-14.1247299286786,45.3194052207753));
#13895=CARTESIAN_POINT('',(3.95897662342283,-14.0133477872453,45.3001649914801));
#13896=CARTESIAN_POINT('',(3.84959195418153,-13.8969605388422,45.3118445128409));
#13897=CARTESIAN_POINT('',(3.77654388109725,-13.8192360799542,45.3196442030157));
#13898=CARTESIAN_POINT('',(3.70681297767757,-13.7375493051845,45.3417166075776));
#13899=CARTESIAN_POINT('',(3.64548194385955,-13.6593125996371,45.3811560529778));
#13900=CARTESIAN_POINT('',(3.59525254332131,-13.595237651359,45.4134564982287));
#13901=CARTESIAN_POINT('',(3.54953700944443,-13.5320749622434,45.4583563626618));
#13902=CARTESIAN_POINT('',(3.51178390641735,-13.4769188473578,45.5149639296581));
#13903=CARTESIAN_POINT('',(3.47380280928166,-13.4214296401371,45.5719133544287));
#13904=CARTESIAN_POINT('',(3.44276132715503,-13.3725267588022,45.6428204062108));
#13905=CARTESIAN_POINT('',(3.42164167511166,-13.3383094968497,45.7212295391059));
#13906=CARTESIAN_POINT('',(3.40351959913725,-13.3089487943406,45.7885098267023));
#13907=CARTESIAN_POINT('',(3.39206337611588,-13.2895186050816,45.863403024944));
#13908=CARTESIAN_POINT('',(3.38813318706666,-13.2828792260329,45.9386198438636));
#13909=CARTESIAN_POINT('',(3.38706876382885,-13.2810810658795,45.9589910089472));
#13910=CARTESIAN_POINT('',(3.38653506793182,-13.2801767138641,45.9794956731316));
#13911=CARTESIAN_POINT('',(3.38653506793182,-13.2801767138641,45.9999737283037));
#13912=CARTESIAN_POINT('',(3.38653506793182,-13.2801767138641,45.9999737283037));
#13913=CARTESIAN_POINT('',(-0.999999673104296,-13.0502881693385,45.9999737283037));
#13914=CARTESIAN_POINT('',(-0.999999673104296,-14.9502881693385,45.9999737283037));
#13915=CARTESIAN_POINT('',(1.60000032689558,-14.0002881693385,45.9999737283037));
#13916=CARTESIAN_POINT('',(3.38653506793182,-13.2801767138641,45.9999737283037));
#13917=CARTESIAN_POINT('',(3.38653506793182,-13.2801767138641,46.0689382198271));
#13918=CARTESIAN_POINT('',(3.39272869265783,-13.290770049642,46.1388581355415));
#13919=CARTESIAN_POINT('',(3.40472830266872,-13.3106207594762,46.2038047272131));
#13920=CARTESIAN_POINT('',(3.41672347348759,-13.3304641256456,46.2687272922379));
#13921=CARTESIAN_POINT('',(3.43484195233596,-13.3600161363804,46.3304112468502));
#13922=CARTESIAN_POINT('',(3.45796450158836,-13.3958975004359,46.3845449533823));
#13923=CARTESIAN_POINT('',(3.48189532640575,-13.4330331392467,46.4405709665002));
#13924=CARTESIAN_POINT('',(3.51175310959542,-13.4777467203675,46.4899062997931));
#13925=CARTESIAN_POINT('',(3.54575668706239,-13.5256592802786,46.5303883639008));
#13926=CARTESIAN_POINT('',(3.58361267287914,-13.579000055678,46.5754568113659));
#13927=CARTESIAN_POINT('',(3.62742035531698,-13.6373983882886,46.6106460355244));
#13928=CARTESIAN_POINT('',(3.67466246198447,-13.6960273196746,46.6359503968368));
#13929=CARTESIAN_POINT('',(3.74406458616298,-13.7821575256187,46.6731243619696));
#13930=CARTESIAN_POINT('',(3.82274818261691,-13.8709469508041,46.6901429635895));
#13931=CARTESIAN_POINT('',(3.90456574442666,-13.9541411942315,46.6913980891694));
#13932=CARTESIAN_POINT('',(3.99855604499439,-14.049712997794,46.6928399511351));
#13933=CARTESIAN_POINT('',(4.09911918638281,-14.1406009308445,46.6739527317595));
#13934=CARTESIAN_POINT('',(4.2000003268956,-14.2221320793877,46.6401016976692));
#13935=CARTESIAN_POINT('',(4.2000003268956,-14.2221320793877,46.6401016976692));
#13936=CARTESIAN_POINT('',(4.2000003268956,-14.0002881693385,45.9999737283037));
#13937=CARTESIAN_POINT('',(1.60000032689558,-14.0002881693385,45.9999737283037));
#13938=CARTESIAN_POINT('',(4.2000003268956,13.9997118306615,33.9999723950037));
#13939=CARTESIAN_POINT('',(4.2000003268956,14.2221312635707,34.6399006202402));
#13940=CARTESIAN_POINT('',(4.2000003268956,14.2221312635707,34.6399006202402));
#13941=CARTESIAN_POINT('',(4.0794989096712,14.1247431997814,34.680435517199));
#13942=CARTESIAN_POINT('',(3.95899928367381,14.0133695852875,34.6997678993297));
#13943=CARTESIAN_POINT('',(3.84960733828787,13.8969760918848,34.6881894118904));
#13944=CARTESIAN_POINT('',(3.77652511059984,13.8192162919631,34.6804540923261));
#13945=CARTESIAN_POINT('',(3.70675699867403,13.737484044307,34.6584401258041));
#13946=CARTESIAN_POINT('',(3.6453886097719,13.6591927172379,34.6190469461178));
#13947=CARTESIAN_POINT('',(3.59513302160699,13.5950786552517,34.5867872200563));
#13948=CARTESIAN_POINT('',(3.54938957905892,13.5318692457057,34.5419227435123));
#13949=CARTESIAN_POINT('',(3.51160840667478,13.4766616074293,34.4853398247032));
#13950=CARTESIAN_POINT('',(3.47359900820254,13.4211204743849,34.4284151034195));
#13951=CARTESIAN_POINT('',(3.44252817216905,13.3721590277013,34.3575221107287));
#13952=CARTESIAN_POINT('',(3.42138035770437,13.3378852371046,34.2791127174981));
#13953=CARTESIAN_POINT('',(3.40323478751805,13.3084771167589,34.2118346944897));
#13954=CARTESIAN_POINT('',(3.39175453510368,13.2889987747198,34.1369334676872));
#13955=CARTESIAN_POINT('',(3.38780118623624,13.2823174326959,34.0616994172773));
#13956=CARTESIAN_POINT('',(3.38672427605323,13.2804974047897,34.0412053203199));
#13957=CARTESIAN_POINT('',(3.38618430269311,13.2795819923599,34.0205753134188));
#13958=CARTESIAN_POINT('',(3.38618430269311,13.2795819923599,33.9999723950037));
#13959=CARTESIAN_POINT('',(-0.999999673104296,13.9997118306615,33.9999723950037));
#13960=CARTESIAN_POINT('',(1.60000032689558,13.9997118306615,33.9999723950037));
#13961=CARTESIAN_POINT('',(4.2000003268956,-14.2221320793877,27.4999997290637));
#13962=CARTESIAN_POINT('',(4.2000003268956,-4.07908450158424E-7,39.9999997290637));
#13963=CARTESIAN_POINT('',(4.2000003268956,14.2221312635707,27.4999997290637));
#13964=CARTESIAN_POINT('',(4.2000003268956,-4.07908450158424E-7,39.9999997290637));
#13965=CARTESIAN_POINT('',(9.63262569847559,83.5004101070415,26.6999997290637));
#13966=CARTESIAN_POINT('',(-1.9999996731043,-15.0002868360631,47.499972380215));
#13967=CARTESIAN_POINT('',(-0.999999673104296,-15.0002868360585,47.4999723950237));
#13968=CARTESIAN_POINT('',(23.0000003268956,-18.0002875137985,22.4999997290637));
#13969=CARTESIAN_POINT('',(-16.5851940682882,-18.0002875137985,23.7403870206839));
#13970=CARTESIAN_POINT('',(-13.5986400720944,-15.0106344680985,23.2574641040237));
#13971=CARTESIAN_POINT('',(-12.5986400720944,-14.2298580616985,26.3805697296437));
#13972=CARTESIAN_POINT('',(-13.0986400720944,-14.7000005618385,24.4999997290637));
#13973=CARTESIAN_POINT('',(154.329501014996,-15.2000005618385,26.6231053546837));
#13974=CARTESIAN_POINT('',(-13.5986400720944,-15.9807769682485,22.4999997290637));
#13975=CARTESIAN_POINT('',(-186.187079982004,-15.9807769682485,23.4999997290637));
#13976=CARTESIAN_POINT('',(-11.4144400434977,-14.0002881693385,45.9999737283037));
#13977=CARTESIAN_POINT('',(0.00457421294033922,-0.00184413617114788,36.1004930016949));
#13978=CARTESIAN_POINT('',(23.0000003268956,49.9999995920915,22.4999997290637));
#13979=CARTESIAN_POINT('',(3.4013602350986,-14.2000005618385,18.6231053546837));
#13980=CARTESIAN_POINT('',(3.4013602350986,-14.2000005618385,26.6231053546837));
#13981=CARTESIAN_POINT('',(3.4013602350986,-14.2000005618385,26.6231053546837));
#13982=CARTESIAN_POINT('',(2.4013602350986,-14.2000005618385,26.6231053546837));
#13983=CARTESIAN_POINT('',(2.4013602350986,-14.2000005618385,18.6231053546837));
#13984=CARTESIAN_POINT('',(2.4013602350986,-14.2000005618385,14.4999997290637));
#13985=CARTESIAN_POINT('',(3.4013602350986,-16.4995898929585,52.9999997290637));
#13986=CARTESIAN_POINT('',(3.4013602350986,-16.4995898929585,22.4999997290637));
#13987=CARTESIAN_POINT('',(3.4013602350986,-15.9807769682485,22.4999997290637));
#13988=CARTESIAN_POINT('',(3.4013602350986,-15.9807769682485,22.4999997290637));
#13989=CARTESIAN_POINT('',(3.4013602350986,-15.9807769682485,23.4999997290637));
#13990=CARTESIAN_POINT('',(3.4013602350986,-15.0106344680985,23.2574641040237));
#13991=CARTESIAN_POINT('',(3.4013602350986,-15.0106344680985,23.2574641040237));
#13992=CARTESIAN_POINT('',(3.4013602350986,-14.2298580616985,26.3805697296437));
#13993=CARTESIAN_POINT('',(3.4013602350986,-15.2000005618385,26.6231053546837));
#13994=CARTESIAN_POINT('',(3.4013602350986,-14.2000005618385,14.4999997290637));
#13995=CARTESIAN_POINT('',(2.4013602350986,-15.2000005618385,26.6231053546837));
#13996=CARTESIAN_POINT('',(2.4013602350986,-14.2298580616985,26.3805697296437));
#13997=CARTESIAN_POINT('',(2.4013602350986,-14.2298580616985,26.3805697296437));
#13998=CARTESIAN_POINT('',(2.4013602350986,-15.0106344680985,23.2574641040237));
#13999=CARTESIAN_POINT('',(2.4013602350986,-15.9807769682485,23.4999997290637));
#14000=CARTESIAN_POINT('',(2.4013602350986,-15.9807769682485,22.4999997290637));
#14001=CARTESIAN_POINT('',(2.4013602350986,-16.4996583121185,22.4999997290637));
#14002=CARTESIAN_POINT('',(2.4013602350986,-16.4995898929585,22.4999997290637));
#14003=CARTESIAN_POINT('',(2.4013602350986,-16.4995898929585,52.9999997290637));
#14004=CARTESIAN_POINT('',(2.4013602350986,-16.5000004079085,14.4999997290637));
#14005=CARTESIAN_POINT('',(23.0000003268956,-16.4995898929585,22.4999997290637));
#14006=CARTESIAN_POINT('',(-16.7993198725994,-16.4995898929585,22.9999997290637));
#14007=CARTESIAN_POINT('',(3.4013602350986,-14.2298580616985,26.3805697296437));
#14008=CARTESIAN_POINT('',(172.651093366896,-15.2000005618385,26.6231053546837));
#14009=CARTESIAN_POINT('',(2.4013602350986,-15.0106344680985,23.2574641040237));
#14010=CARTESIAN_POINT('',(2.9013602350986,-14.7000005618385,24.4999997290637));
#14011=CARTESIAN_POINT('',(2.4013602350986,-15.9807769682485,22.4999997290637));
#14012=CARTESIAN_POINT('',(-168.245825221004,-15.9807769682485,23.4999997290637));
#14013=CARTESIAN_POINT('',(23.0000003268956,49.9999995920915,22.4999997290637));
#14014=CARTESIAN_POINT('',(9.9119941413546,7.49999974602651,23.2574641040237));
#14015=CARTESIAN_POINT('',(9.1312177349506,8.49999974602651,26.3805697296437));
#14016=CARTESIAN_POINT('',(9.60136023509559,7.99999974602651,24.4999997290637));
#14017=CARTESIAN_POINT('',(10.1013602350956,179.196709128792,26.6231053546837));
#14018=CARTESIAN_POINT('',(10.1326256984756,-183.474832330808,22.8380077757189));
#14019=CARTESIAN_POINT('',(10.8821366414956,-183.474832330808,23.4999997290637));
#14020=CARTESIAN_POINT('',(2.4013602350986,14.1999997460215,18.6231053546837));
#14021=CARTESIAN_POINT('',(2.4013602350986,14.1999997460215,26.6231053546837));
#14022=CARTESIAN_POINT('',(2.4013602350986,14.1999997460215,26.6231053546837));
#14023=CARTESIAN_POINT('',(3.4013602350986,14.1999997460215,26.6231053546837));
#14024=CARTESIAN_POINT('',(3.4013602350986,14.1999997460215,18.6231053546837));
#14025=CARTESIAN_POINT('',(3.4013602350986,14.1999997460215,14.4999997290637));
#14026=CARTESIAN_POINT('',(3.4013602350986,15.1999997460215,26.6231053546837));
#14027=CARTESIAN_POINT('',(3.4013602350986,14.2298572458815,26.3805697296437));
#14028=CARTESIAN_POINT('',(3.4013602350986,14.2298572458815,26.3805697296437));
#14029=CARTESIAN_POINT('',(3.4013602350986,15.0106336522815,23.2574641040237));
#14030=CARTESIAN_POINT('',(3.4013602350986,15.9807761524315,23.4999997290637));
#14031=CARTESIAN_POINT('',(3.4013602350986,15.9807761524315,22.4999997290637));
#14032=CARTESIAN_POINT('',(3.4013602350986,16.4999995920915,22.4999997290637));
#14033=CARTESIAN_POINT('',(3.4013602350986,16.4999995920915,22.4999997290637));
#14034=CARTESIAN_POINT('',(3.4013602350986,16.4999995920915,32.4999737283037));
#14035=CARTESIAN_POINT('',(3.4013602350986,16.4999995920915,14.4999997290637));
#14036=CARTESIAN_POINT('',(2.4013602350986,16.4999995920915,32.4999737283037));
#14037=CARTESIAN_POINT('',(2.4013602350986,16.4999995920915,22.4999997290637));
#14038=CARTESIAN_POINT('',(2.4013602350986,15.9807761524315,22.4999997290637));
#14039=CARTESIAN_POINT('',(2.4013602350986,15.9807761524315,22.4999997290637));
#14040=CARTESIAN_POINT('',(2.4013602350986,15.9807761524315,23.4999997290637));
#14041=CARTESIAN_POINT('',(2.4013602350986,15.0106336522815,23.2574641040237));
#14042=CARTESIAN_POINT('',(2.4013602350986,15.0106336522815,23.2574641040237));
#14043=CARTESIAN_POINT('',(2.4013602350986,14.2298572458815,26.3805697296437));
#14044=CARTESIAN_POINT('',(2.4013602350986,15.1999997460215,26.6231053546837));
#14045=CARTESIAN_POINT('',(2.4013602350986,14.1999997460215,14.4999997290637));
#14046=CARTESIAN_POINT('',(23.0000003268956,16.4999995920915,22.4999997290637));
#14047=CARTESIAN_POINT('',(-5.0986399184979,16.4999995920915,22.9999997290637));
#14048=CARTESIAN_POINT('',(3.4013602350986,15.0106336522815,23.2574641040237));
#14049=CARTESIAN_POINT('',(2.4013602350986,14.2298572458815,26.3805697296437));
#14050=CARTESIAN_POINT('',(2.9013602350986,14.6999997460215,24.4999997290637));
#14051=CARTESIAN_POINT('',(-199.002580135104,15.1999997460215,26.6231053546837));
#14052=CARTESIAN_POINT('',(3.4013602350986,15.9807761524315,22.4999997290637));
#14053=CARTESIAN_POINT('',(172.651093366896,15.9807761524315,23.4999997290637));
#14054=CARTESIAN_POINT('',(23.0000003268956,49.9999995920915,22.4999997290637));
#14055=CARTESIAN_POINT('',(0.00457421294033922,-0.00184413617114788,33.1004930016949));
#14056=CARTESIAN_POINT('',(-14.8749287907075,-14.0002881693385,45.9999737283037));
#14057=CARTESIAN_POINT('',(0.00457421294033922,-0.00184413617114788,33.1004930016949));
#14058=CARTESIAN_POINT('',(-19.2986400720944,9.49999974602651,26.6231053546837));
#14059=CARTESIAN_POINT('',(-19.2986400720944,9.49999974602651,26.6231053546837));
#14060=CARTESIAN_POINT('',(-19.2986400720944,10.4999997460215,26.6231053546837));
#14061=CARTESIAN_POINT('',(-20.2986400720944,9.49999974602651,26.6231053546837));
#14062=CARTESIAN_POINT('',(-19.3284975719544,9.49999974602651,26.3805697296437));
#14063=CARTESIAN_POINT('',(-19.3284975719544,9.49999974602651,26.3805697296437));
#14064=CARTESIAN_POINT('',(-19.3284975719544,10.4999997460215,26.3805697296437));
#14065=CARTESIAN_POINT('',(-20.2986400720944,10.4999997460215,26.6231053546837));
#14066=CARTESIAN_POINT('',(-20.2986400720944,-154.098847171808,26.6231053546837));
#14067=CARTESIAN_POINT('',(-19.2986400720944,10.4999997460215,18.6231053546837));
#14068=CARTESIAN_POINT('',(-19.2986400720944,10.4999997460215,28.7999997290637));
#14069=CARTESIAN_POINT('',(-19.2986400720944,-4.07908494537423E-7,28.7999997290637));
#14070=CARTESIAN_POINT('',(-19.2986400720944,9.49999974602651,28.7999997290637));
#14071=CARTESIAN_POINT('',(-19.2986400720944,9.49999974602651,18.6231053546837));
#14072=CARTESIAN_POINT('',(-19.2986400720944,10.4999997460215,14.4999997290637));
#14073=CARTESIAN_POINT('',(-21.0794164785044,10.4999997460215,22.4999997290637));
#14074=CARTESIAN_POINT('',(-21.0794164785044,10.4999997460215,22.4999997290637));
#14075=CARTESIAN_POINT('',(-21.0794164785044,9.49999974602651,22.4999997290637));
#14076=CARTESIAN_POINT('',(-21.0794164785044,10.4999997460215,23.4999997290637));
#14077=CARTESIAN_POINT('',(-20.1092739783544,10.4999997460215,23.2574641040237));
#14078=CARTESIAN_POINT('',(-20.1092739783544,10.4999997460215,23.2574641040237));
#14079=CARTESIAN_POINT('',(-20.1092739783544,9.49999974602651,23.2574641040237));
#14080=CARTESIAN_POINT('',(-21.0794164785044,9.49999974602651,23.4999997290637));
#14081=CARTESIAN_POINT('',(-21.0794164785044,174.215046788092,23.4999997290637));
#14082=CARTESIAN_POINT('',(-20.1092739783544,9.49999974602651,23.2574641040237));
#14083=CARTESIAN_POINT('',(-19.3284975719544,10.4999997460215,26.3805697296437));
#14084=CARTESIAN_POINT('',(-19.7986400720944,9.9999997460215,24.4999997290637));
#14085=CARTESIAN_POINT('',(-19.2986400720944,-10.5000005618385,26.6231053546837));
#14086=CARTESIAN_POINT('',(-19.2986400720944,-10.5000005618385,26.6231053546837));
#14087=CARTESIAN_POINT('',(-19.2986400720944,-9.50000056184349,26.6231053546837));
#14088=CARTESIAN_POINT('',(-20.2986400720944,-10.5000005618385,26.6231053546837));
#14089=CARTESIAN_POINT('',(-19.3284975719544,-10.5000005618385,26.3805697296437));
#14090=CARTESIAN_POINT('',(-19.3284975719544,-10.5000005618385,26.3805697296437));
#14091=CARTESIAN_POINT('',(-19.3284975719544,-9.50000056184349,26.3805697296437));
#14092=CARTESIAN_POINT('',(-20.2986400720944,-9.50000056184349,26.6231053546837));
#14093=CARTESIAN_POINT('',(-20.2986400720944,-177.591047839708,26.6231053546837));
#14094=CARTESIAN_POINT('',(-19.2986400720944,-9.50000056184349,18.6231053546837));
#14095=CARTESIAN_POINT('',(-19.2986400720944,-9.50000056184349,28.7999997290637));
#14096=CARTESIAN_POINT('',(-19.2986400720944,-9.50000056184349,28.7999997290637));
#14097=CARTESIAN_POINT('',(-19.2986400720944,-10.5000005618385,28.7999997290637));
#14098=CARTESIAN_POINT('',(-19.2986400720944,-10.5000005618385,18.6231053546837));
#14099=CARTESIAN_POINT('',(-19.2986400720944,-9.50000056184349,14.4999997290637));
#14100=CARTESIAN_POINT('',(-21.0794164785044,-9.50000056184349,22.4999997290637));
#14101=CARTESIAN_POINT('',(-21.0794164785044,-9.50000056184349,22.4999997290637));
#14102=CARTESIAN_POINT('',(-21.0794164785044,-10.5000005618385,22.4999997290637));
#14103=CARTESIAN_POINT('',(-21.0794164785044,-9.50000056184349,23.4999997290637));
#14104=CARTESIAN_POINT('',(-20.1092739783544,-9.50000056184349,23.2574641040237));
#14105=CARTESIAN_POINT('',(-20.1092739783544,-9.50000056184349,23.2574641040237));
#14106=CARTESIAN_POINT('',(-20.1092739783544,-10.5000005618385,23.2574641040237));
#14107=CARTESIAN_POINT('',(-21.0794164785044,-10.5000005618385,23.4999997290637));
#14108=CARTESIAN_POINT('',(-21.0794164785044,162.802547910092,23.4999997290637));
#14109=CARTESIAN_POINT('',(-20.1092739783544,-10.5000005618385,23.2574641040237));
#14110=CARTESIAN_POINT('',(-19.3284975719544,-9.50000056184349,26.3805697296437));
#14111=CARTESIAN_POINT('',(-19.7986400720944,-10.0000005618385,24.4999997290637));
#14112=CARTESIAN_POINT('',(-21.0794164785044,10.4999997460215,22.4999997290637));
#14113=CARTESIAN_POINT('',(-21.0794164785044,9.49999974602651,22.4999997290637));
#14114=CARTESIAN_POINT('',(-21.1972801638944,9.49999974602651,22.4999997290637));
#14115=CARTESIAN_POINT('',(-21.1972801638944,9.49999974602651,22.4999997290637));
#14116=CARTESIAN_POINT('',(-21.1972801638944,8.99999959209151,22.4999997290637));
#14117=CARTESIAN_POINT('',(-21.1972801638944,8.99999959209151,22.4999997290637));
#14118=CARTESIAN_POINT('',(23.0000003268956,51.9999995920915,22.4999997290637));
#14119=CARTESIAN_POINT('',(-21.1972801638944,8.99999959209151,22.9999997290637));
#14120=CARTESIAN_POINT('',(-21.1972801638944,8.49999959209151,22.9999997290637));
#14121=CARTESIAN_POINT('',(-21.1972801638944,8.49999959209151,22.9999997290637));
#14122=CARTESIAN_POINT('',(140.460372332296,8.99999959209151,22.9999997290637));
#14123=CARTESIAN_POINT('',(-22.1972801638944,8.49999959209151,33.4999997290637));
#14124=CARTESIAN_POINT('',(-21.1972801638944,8.49999959209151,33.4999997290637));
#14125=CARTESIAN_POINT('',(-21.1972801638944,8.49999959209151,17.9999997290637));
#14126=CARTESIAN_POINT('',(-22.1972801638944,8.49999959209151,5.99999972906366));
#14127=CARTESIAN_POINT('',(-21.1972801638944,5.49999959209151,33.4999997290637));
#14128=CARTESIAN_POINT('',(-21.1972801638944,5.49999959209151,36.4999997290637));
#14129=CARTESIAN_POINT('',(-21.1972801638944,5.49999959209151,36.4999997290637));
#14130=CARTESIAN_POINT('',(142.624374417896,5.49999959209151,33.4999997290637));
#14131=CARTESIAN_POINT('',(-21.1972801638944,-5.50000040790849,36.4999997290637));
#14132=CARTESIAN_POINT('',(-21.1972801638944,-5.50000040790849,36.4999997290637));
#14133=CARTESIAN_POINT('',(-22.1972801638944,-5.50000040790849,36.4999997290637));
#14134=CARTESIAN_POINT('',(23.0000003268956,51.9999995920915,36.4999997290637));
#14135=CARTESIAN_POINT('',(-21.1972801638944,-5.50000040790849,33.4999997290637));
#14136=CARTESIAN_POINT('',(-21.1972801638944,-8.5000004079085,33.4999997290637));
#14137=CARTESIAN_POINT('',(-21.1972801638944,-8.5000004079085,33.4999997290637));
#14138=CARTESIAN_POINT('',(-185.974896621804,-5.50000040790849,33.4999997290637));
#14139=CARTESIAN_POINT('',(-21.1972801638944,-8.5000004079085,17.9999997290637));
#14140=CARTESIAN_POINT('',(-21.1972801638944,-8.5000004079085,22.9999997290637));
#14141=CARTESIAN_POINT('',(-22.1972801638944,-8.5000004079085,22.9999997290637));
#14142=CARTESIAN_POINT('',(-21.1972801638944,-8.5000004079085,5.99999972906366));
#14143=CARTESIAN_POINT('',(-22.1972801638944,-9.0000004079085,22.4999997290637));
#14144=CARTESIAN_POINT('',(-21.1972801638944,-9.0000004079085,22.4999997290637));
#14145=CARTESIAN_POINT('',(-21.1972801638944,-9.0000004079085,22.9999997290637));
#14146=CARTESIAN_POINT('',(-193.770662335204,-9.0000004079085,22.9999997290637));
#14147=CARTESIAN_POINT('',(-21.1972801638944,-9.0000004079085,22.4999997290637));
#14148=CARTESIAN_POINT('',(-21.1972801638944,-9.50000056184349,22.4999997290637));
#14149=CARTESIAN_POINT('',(-21.1972801638944,-9.50000056184349,22.4999997290637));
#14150=CARTESIAN_POINT('',(-22.1972801638944,-10.5000005618385,22.4999997290637));
#14151=CARTESIAN_POINT('',(23.0000003268956,51.9999995920915,22.4999997290637));
#14152=CARTESIAN_POINT('',(-21.1972801638944,9.49999974602651,31.4999997290637));
#14153=CARTESIAN_POINT('',(-21.1972801638944,-9.50000056184349,31.4999997290637));
#14154=CARTESIAN_POINT('',(-21.1972801638944,10.4999997460215,14.4999997290637));
#14155=CARTESIAN_POINT('',(-42.0999996731044,-9.50000056184349,28.7999997290637));
#14156=CARTESIAN_POINT('',(-21.1972801638944,-9.50000056184349,14.4999997290637));
#14157=CARTESIAN_POINT('',(-21.1972801638944,-10.5000005618385,28.7999997290637));
#14158=CARTESIAN_POINT('',(-21.1972801638944,-10.5000005618385,14.4999997290637));
#14159=CARTESIAN_POINT('',(10.1326256984756,10.4999997460215,48.1999997290637));
#14160=CARTESIAN_POINT('',(-22.1972801638944,10.4999997460215,28.7999997290637));
#14161=CARTESIAN_POINT('',(-22.1972801638944,10.4999997460215,14.4999997290637));
#14162=CARTESIAN_POINT('',(-42.0999996731044,9.49999974602651,28.7999997290637));
#14163=CARTESIAN_POINT('',(-19.2986400720944,9.49999974602651,14.4999997290637));
#14164=CARTESIAN_POINT('',(-16.5986400723044,-11.5000005614185,28.7999997290637));
#14165=CARTESIAN_POINT('',(-15.6486400723044,-11.5000005614185,28.7999997290637));
#14166=CARTESIAN_POINT('',(-42.0999996731044,-4.07908494537423E-7,28.7999997290637));
#14167=CARTESIAN_POINT('',(-16.5986400723044,11.4999997456015,28.7999997290637));
#14168=CARTESIAN_POINT('',(-15.6486400723044,11.4999997456015,28.7999997290637));
#14169=CARTESIAN_POINT('',(-42.0999996731044,-4.07908494537423E-7,28.7999997290637));
#14170=CARTESIAN_POINT('',(23.0166643823095,-35.7770458711984,15.135832504558));
#14171=CARTESIAN_POINT('',(-18.0689682514562,17.9997124862015,26.4999997290637));
#14172=CARTESIAN_POINT('',(23.0000003268956,17.9997124862015,22.4999997290637));
#14173=CARTESIAN_POINT('',(-18.0689682514562,17.9997124862015,54.2593638639195));
#14174=CARTESIAN_POINT('',(-13.5986400720944,14.2298572458815,26.3805697296437));
#14175=CARTESIAN_POINT('',(-192.566842860004,15.1999997460215,26.6231053546837));
#14176=CARTESIAN_POINT('',(-12.5986400720944,15.0106336522815,23.2574641040237));
#14177=CARTESIAN_POINT('',(-13.0986400720944,14.6999997460215,24.4999997290637));
#14178=CARTESIAN_POINT('',(-12.5986400720944,15.9807761524315,22.4999997290637));
#14179=CARTESIAN_POINT('',(166.497604725296,15.9807761524315,23.4999997290637));
#14180=CARTESIAN_POINT('',(23.0000003268956,49.9999995920915,22.4999997290637));
#14181=CARTESIAN_POINT('',(6.40000032690061,-11.5000005616285,27.4999997290637));
#14182=CARTESIAN_POINT('',(6.40000032690061,11.4999997458115,27.4999997290637));
#14183=CARTESIAN_POINT('',(9.90000032690058,11.4999997458115,27.4999997290637));
#14184=CARTESIAN_POINT('',(6.40000032690061,11.4999997458115,29.4999737283037));
#14185=CARTESIAN_POINT('',(6.40000032690061,11.4999997458115,27.4999997290637));
#14186=CARTESIAN_POINT('',(10.1326256984756,16.9843744711021,48.1999997290637));
#14187=CARTESIAN_POINT('',(10.1326256984756,-131.000287513798,48.1999997290637));
#14188=CARTESIAN_POINT('',(10.1326256984756,16.9843744711021,26.4999997290637));
#14189=CARTESIAN_POINT('',(23.0000003268956,51.9999995920915,26.4999997290637));
#14190=CARTESIAN_POINT('',(10.1326256984756,16.9843744711021,-101.800000270936));
#14191=CARTESIAN_POINT('',(-22.1972801638944,-16.9849494986991,-101.800000270936));
#14192=CARTESIAN_POINT('',(10.1326256984756,-22.9933714818863,23.3925534461339));
#14193=CARTESIAN_POINT('',(10.1326256984756,-22.9933714818863,23.3925534461339));
#14194=CARTESIAN_POINT('',(-47.769975130775,24.4665639481257,39.7495208739229));
#14195=CARTESIAN_POINT('',(-51.5985992495108,28.2944337150012,39.7495208739229));
#14196=CARTESIAN_POINT('',(-50.5985992495108,25.466006590255,39.7495208739229));
#14197=CARTESIAN_POINT('',(-50.5884572018989,-26.0036913505053,29.7495208739229));
#14198=CARTESIAN_POINT('',(-49.6384572018989,-26.0036913505053,29.7495208739229));
#14199=CARTESIAN_POINT('',(-50.5884572018989,-26.0036913505053,29.7495208739229));
#14200=CARTESIAN_POINT('',(-49.5985992495108,-28.8356838000175,29.7495208739229));
#14201=CARTESIAN_POINT('',(-47.7598323769886,-27.0031319940161,29.7495208739229));
#14202=CARTESIAN_POINT('',(-49.5985992495108,-26.0036913505053,29.7495208739229));
#14203=CARTESIAN_POINT('',(-51.5985992495108,-26.0036913505053,29.7495208739229));
#14204=CARTESIAN_POINT('',(-50.5886542511937,-25.0036893714401,29.7495208739229));
#14205=CARTESIAN_POINT('',(-31.5984810380477,-24.9999473786057,29.7495208739229));
#14206=CARTESIAN_POINT('',(-28.7698576254881,-25.9993920193535,29.7495208739229));
#14207=CARTESIAN_POINT('',(-27.7799996731,-28.8313844688657,29.7495208739229));
#14208=CARTESIAN_POINT('',(-27.7799996731,-26.0036913505053,29.7495208739229));
#14209=CARTESIAN_POINT('',(-29.7799996731,-26.0036913505053,29.7495208739229));
#14210=CARTESIAN_POINT('',(-29.7799996731,-28.8242129063562,29.7495208739229));
#14211=CARTESIAN_POINT('',(-28.7698576254881,-25.9993920193535,29.7495208739229));
#14212=CARTESIAN_POINT('',(-31.598088353384,-26.9999473400559,29.7495208739229));
#14213=CARTESIAN_POINT('',(-50.5882601533917,-27.0036893326119,29.7495208739229));
#14214=CARTESIAN_POINT('',(-28.7698576254881,-25.9993920193536,29.7495208739229));
#14215=CARTESIAN_POINT('',(-27.8198576254881,-25.9993920193536,29.7495208739229));
#14216=CARTESIAN_POINT('',(-50.5884572018989,-26.0036913505053,29.7495208739229));
#14217=CARTESIAN_POINT('',(-47.7598323769886,-27.0031319940161,39.7495208739229));
#14218=CARTESIAN_POINT('',(-49.5985992495108,-28.8356838000175,39.7495208739229));
#14219=CARTESIAN_POINT('',(-50.5884572018989,-26.0036913505053,39.7495208739229));
#14220=CARTESIAN_POINT('',(-31.6086237918357,26.4697485635362,39.7495208739229));
#14221=CARTESIAN_POINT('',(-31.6086237918357,26.4697485635362,49.7495208739229));
#14222=CARTESIAN_POINT('',(-28.7799996731,25.4703059214068,49.7495208739229));
#14223=CARTESIAN_POINT('',(-31.6082296940337,24.4697486023644,49.7495208739229));
#14224=CARTESIAN_POINT('',(-31.6082296940337,24.4697486023644,39.7495208739229));
#14225=CARTESIAN_POINT('',(-28.7799996731,25.4703059214068,39.7495208739229));
#14226=CARTESIAN_POINT('',(-29.7799996731,-28.8242129063562,39.7495208739229));
#14227=CARTESIAN_POINT('',(-27.7799996731,-28.8313844688657,39.7495208739229));
#14228=CARTESIAN_POINT('',(-31.5984810380477,-24.9999473786057,39.7495208739229));
#14229=CARTESIAN_POINT('',(-31.5984810380477,-24.9999473786057,49.7495208739229));
#14230=CARTESIAN_POINT('',(-28.7698576254881,-25.9993920193535,49.7495208739229));
#14231=CARTESIAN_POINT('',(-31.598088353384,-26.9999473400559,49.7495208739229));
#14232=CARTESIAN_POINT('',(-31.598088353384,-26.9999473400559,39.7495208739229));
#14233=CARTESIAN_POINT('',(-28.7698576254881,-25.9993920193535,39.7495208739229));
#14234=CARTESIAN_POINT('',(6.33999885485234,29.3299965729242,13.9999997290637));
#14235=CARTESIAN_POINT('',(6.33999885485229,29.3299965729241,-1.50000027093634));
#14236=CARTESIAN_POINT('',(20.2380380115493,-38.7684420824811,13.9999997290637));
#14237=CARTESIAN_POINT('',(17.1511201217044,-40.6892639716115,13.9999997290637));
#14238=CARTESIAN_POINT('',(13.3225804083019,-42.0303516288301,13.9999997290637));
#14239=CARTESIAN_POINT('',(8.7524188713418,-42.791705054137,13.9999997290637));
#14240=CARTESIAN_POINT('',(20.2380419215771,-38.7684483662179,14.0000037812597));
#14241=CARTESIAN_POINT('',(24.0000406355323,-35.7770134427077,13.9999997290637));
#14242=CARTESIAN_POINT('',(22.898501901511,-36.8961321511456,13.9999997290637));
#14243=CARTESIAN_POINT('',(21.6445057473401,-37.8932720937624,13.9999997290637));
#14244=CARTESIAN_POINT('',(20.2380521730194,-38.7684332705582,13.9999997290637));
#14245=CARTESIAN_POINT('',(-68.7927300009122,50.7590192556626,13.9999997290637));
#14246=CARTESIAN_POINT('',(-67.8739900883351,-24.9108432213784,-1.50000027093634));
#14247=CARTESIAN_POINT('',(-67.873990088335,24.8633853323274,-1.50000027093634));
#14248=CARTESIAN_POINT('',(-67.8739900883351,-24.9108432213784,13.9999997290637));
#14249=CARTESIAN_POINT('',(-67.873990088335,24.8633853323274,13.9999997290637));
#14250=CARTESIAN_POINT('',(-33.0178394244907,-49.7696359149551,13.9999997290637));
#14251=CARTESIAN_POINT('',(-68.7927300009122,50.7590192556626,13.9999997290637));
#14252=CARTESIAN_POINT('',(8.60134358390463,-42.7981547960032,14.0484233206468));
#14253=CARTESIAN_POINT('',(9.32828617025516,-41.8888052597114,16.1111426185348));
#14254=CARTESIAN_POINT('',(10.0576242207764,-40.9812338536544,18.1784886726208));
#14255=CARTESIAN_POINT('',(10.816260066156,-40.0763485056805,20.2375132902624));
#14256=CARTESIAN_POINT('',(11.5911327568946,-39.1618434195484,22.2876354342423));
#14257=CARTESIAN_POINT('',(12.3608591059831,-38.2475581685747,24.3314987718932));
#14258=CARTESIAN_POINT('',(12.368556369474,-38.238415316065,24.3519374052696));
#14259=CARTESIAN_POINT('',(12.3762536329649,-38.2292724635552,24.3723760386462));
#14260=CARTESIAN_POINT('',(12.3839508964557,-38.2201296110455,24.3928146720227));
#14261=CARTESIAN_POINT('',(12.3916481599466,-38.2109867585357,24.4132533053992));
#14262=CARTESIAN_POINT('',(12.3993454234375,-38.201843906026,24.4336919387757));
#14263=CARTESIAN_POINT('',(8.62972878532706,-42.7974220847225,14.0380914243561));
#14264=CARTESIAN_POINT('',(9.35632917776882,-41.8867016310564,16.1003240233047));
#14265=CARTESIAN_POINT('',(10.0852408608066,-40.9777442865462,18.1670203147336));
#14266=CARTESIAN_POINT('',(10.8429300441786,-40.0714486148508,20.2253875103168));
#14267=CARTESIAN_POINT('',(11.6177196578778,-39.155146823683,22.2750060416393));
#14268=CARTESIAN_POINT('',(12.3866707512005,-38.2394150307914,24.3181325153464));
#14269=CARTESIAN_POINT('',(12.3943602621337,-38.2302577128625,24.3385637800834));
#14270=CARTESIAN_POINT('',(12.4020497730669,-38.2211003949336,24.3589950448205));
#14271=CARTESIAN_POINT('',(12.4097392840001,-38.2119430770047,24.3794263095576));
#14272=CARTESIAN_POINT('',(12.4174287949334,-38.2027857590758,24.3998575742946));
#14273=CARTESIAN_POINT('',(12.4251183058666,-38.1936284411468,24.4202888390317));
#14274=CARTESIAN_POINT('',(8.65811398674948,-42.7966893734419,14.0277595280654));
#14275=CARTESIAN_POINT('',(9.38437218528249,-41.8845980024013,16.0895054280745));
#14276=CARTESIAN_POINT('',(10.1128575008368,-40.9742547194381,18.1555519568464));
#14277=CARTESIAN_POINT('',(10.8696000222012,-40.0665487240211,20.2132617303712));
#14278=CARTESIAN_POINT('',(11.6443065588609,-39.1484502278175,22.2623766490362));
#14279=CARTESIAN_POINT('',(12.4124823964178,-38.2312718930081,24.3047662587996));
#14280=CARTESIAN_POINT('',(12.4201641547934,-38.22210010966,24.3251901548972));
#14281=CARTESIAN_POINT('',(12.427845913169,-38.2129283263119,24.3456140509948));
#14282=CARTESIAN_POINT('',(12.4355276715445,-38.2037565429639,24.3660379470925));
#14283=CARTESIAN_POINT('',(12.4432094299201,-38.1945847596158,24.3864618431901));
#14284=CARTESIAN_POINT('',(12.4508911882956,-38.1854129762677,24.4068857392877));
#14285=CARTESIAN_POINT('',(8.68649918817191,-42.7959566621612,14.0174276317747));
#14286=CARTESIAN_POINT('',(9.41241519279617,-41.8824943737463,16.0786868328443));
#14287=CARTESIAN_POINT('',(10.1404741408669,-40.9707651523299,18.1440835989593));
#14288=CARTESIAN_POINT('',(10.8962700002238,-40.0616488331914,20.2011359504256));
#14289=CARTESIAN_POINT('',(11.6708934598441,-39.1417536319521,22.2497472564331));
#14290=CARTESIAN_POINT('',(12.4382940416352,-38.2231287552248,24.2914000022528));
#14291=CARTESIAN_POINT('',(12.4459680474531,-38.2139425064576,24.3118165297109));
#14292=CARTESIAN_POINT('',(12.453642053271,-38.2047562576903,24.3322330571691));
#14293=CARTESIAN_POINT('',(12.4613160590889,-38.195570008923,24.3526495846273));
#14294=CARTESIAN_POINT('',(12.4689900649068,-38.1863837601558,24.3730661120855));
#14295=CARTESIAN_POINT('',(12.4766640707247,-38.1771975113885,24.3934826395437));
#14296=CARTESIAN_POINT('',(8.71488438959434,-42.7952239508805,14.0070957354841));
#14297=CARTESIAN_POINT('',(9.44045820030984,-41.8803907450912,16.0678682376141));
#14298=CARTESIAN_POINT('',(10.1680907808971,-40.9672755852217,18.1326152410721));
#14299=CARTESIAN_POINT('',(10.9229399782464,-40.0567489423617,20.18901017048));
#14300=CARTESIAN_POINT('',(11.6974803608272,-39.1350570360867,22.23711786383));
#14301=CARTESIAN_POINT('',(12.4641056868525,-38.2149856174416,24.278033745706));
#14302=CARTESIAN_POINT('',(12.4717719401128,-38.2057849032551,24.2984429045247));
#14303=CARTESIAN_POINT('',(12.479438193373,-38.1965841890687,24.3188520633435));
#14304=CARTESIAN_POINT('',(12.4871044466333,-38.1873834748822,24.3392612221622));
#14305=CARTESIAN_POINT('',(12.4947706998935,-38.1781827606958,24.359670380981));
#14306=CARTESIAN_POINT('',(12.5024369531538,-38.1689820465093,24.3800795397997));
#14307=CARTESIAN_POINT('',(8.74326959101676,-42.7944912395999,13.9967638391934));
#14308=CARTESIAN_POINT('',(9.4685012078235,-41.8782871164362,16.057049642384));
#14309=CARTESIAN_POINT('',(10.1957074209273,-40.9637860181135,18.121146883185));
#14310=CARTESIAN_POINT('',(10.949609956269,-40.051849051532,20.1768843905344));
#14311=CARTESIAN_POINT('',(11.7240672618104,-39.1283604402213,22.224488471227));
#14312=CARTESIAN_POINT('',(12.4899173320699,-38.2068424796583,24.2646674891592));
#14313=CARTESIAN_POINT('',(12.4975758327725,-38.1976273000527,24.2850692793385));
#14314=CARTESIAN_POINT('',(12.5052343334751,-38.188412120447,24.3054710695178));
#14315=CARTESIAN_POINT('',(12.5128928341777,-38.1791969408414,24.3258728596971));
#14316=CARTESIAN_POINT('',(12.5205513348803,-38.1699817612358,24.3462746498764));
#14317=CARTESIAN_POINT('',(12.5282098355829,-38.1607665816301,24.3666764400558));
#14318=CARTESIAN_POINT('',(11.5817897332598,-42.7212201115341,12.9635742101245));
#14319=CARTESIAN_POINT('',(12.2728019591903,-41.6679242509319,14.9751901193663));
#14320=CARTESIAN_POINT('',(12.9573714239446,-40.6148293072944,16.9743110944688));
#14321=CARTESIAN_POINT('',(13.616607758528,-39.5618599685612,18.9643063959731));
#14322=CARTESIAN_POINT('',(14.3827573601267,-38.4587008536791,20.9615492109194));
#14323=CARTESIAN_POINT('',(15.0710818538059,-37.3925287013302,22.9280418344795));
#14324=CARTESIAN_POINT('',(15.0779650987427,-37.3818669798067,22.9477067607151));
#14325=CARTESIAN_POINT('',(15.0848483436795,-37.3712052582832,22.9673716869507));
#14326=CARTESIAN_POINT('',(15.0917315886163,-37.3605435367597,22.9870366131863));
#14327=CARTESIAN_POINT('',(15.0986148335531,-37.3498818152362,23.0067015394219));
#14328=CARTESIAN_POINT('',(15.1054980784898,-37.3392200937127,23.0263664656575));
#14329=CARTESIAN_POINT('',(14.4087636859417,-42.5729507508243,11.9038685891074));
#14330=CARTESIAN_POINT('',(15.0687928271564,-41.3805610523851,13.8407543821079));
#14331=CARTESIAN_POINT('',(15.6573449114018,-40.1737020431651,15.7818565645798));
#14332=CARTESIAN_POINT('',(16.4026005132749,-38.9076248837268,17.7598701022966));
#14333=CARTESIAN_POINT('',(16.9638131636944,-37.7077894716978,19.6191362904899));
#14334=CARTESIAN_POINT('',(17.5926669020409,-36.4426147042732,21.5298111711375));
#14335=CARTESIAN_POINT('',(17.5989554394244,-36.4299629565989,21.5489179199439));
#14336=CARTESIAN_POINT('',(17.6052439768078,-36.4173112089247,21.5680246687504));
#14337=CARTESIAN_POINT('',(17.6115325141913,-36.4046594612505,21.5871314175569));
#14338=CARTESIAN_POINT('',(17.6178210515748,-36.3920077135762,21.6062381663634));
#14339=CARTESIAN_POINT('',(17.6241095889582,-36.379355965902,21.6253449151698));
#14340=CARTESIAN_POINT('',(17.2715150622065,-42.3229673175575,10.8230169380976));
#14341=CARTESIAN_POINT('',(17.820808988615,-40.9987266193715,12.7166582059133));
#14342=CARTESIAN_POINT('',(18.4467674342607,-39.6107930635786,14.5986202160712));
#14343=CARTESIAN_POINT('',(18.930619300726,-38.1960652313018,16.3917235079006));
#14344=CARTESIAN_POINT('',(19.5093952124017,-36.7475548072021,18.2505404210228));
#14345=CARTESIAN_POINT('',(20.0427311148099,-35.319743633468,20.0355866179525));
#14346=CARTESIAN_POINT('',(20.048064473834,-35.3054655217307,20.0534370799218));
#14347=CARTESIAN_POINT('',(20.0533978328581,-35.2911874099933,20.0712875418911));
#14348=CARTESIAN_POINT('',(20.0587311918821,-35.276909298256,20.0891380038603));
#14349=CARTESIAN_POINT('',(20.0640645509062,-35.2626311865186,20.1069884658296));
#14350=CARTESIAN_POINT('',(20.0693979099303,-35.2483530747813,20.1248389277989));
#14351=CARTESIAN_POINT('',(20.0763060758196,-41.8619983272873,9.68777880428944));
#14352=CARTESIAN_POINT('',(20.5983889615217,-40.4071909076682,11.5054786229052));
#14353=CARTESIAN_POINT('',(21.0502326544464,-38.9144375775659,13.2687482298575));
#14354=CARTESIAN_POINT('',(21.5036662162369,-37.3268774357059,15.0144312080536));
#14355=CARTESIAN_POINT('',(21.9100798309498,-35.7208723255787,16.7046826455522));
#14356=CARTESIAN_POINT('',(22.306005569054,-34.1344667280848,18.3970052575522));
#14357=CARTESIAN_POINT('',(22.309964826435,-34.1186026721099,18.4139284836722));
#14358=CARTESIAN_POINT('',(22.3139240838161,-34.1027386161349,18.4308517097922));
#14359=CARTESIAN_POINT('',(22.3178833411971,-34.08687456016,18.4477749359122));
#14360=CARTESIAN_POINT('',(22.3218425985782,-34.071010504185,18.4646981620322));
#14361=CARTESIAN_POINT('',(22.3258018559592,-34.0551464482101,18.4816213881522));
#14362=CARTESIAN_POINT('',(22.8112088560767,-41.2935602888618,8.46574757231308));
#14363=CARTESIAN_POINT('',(23.2445534785556,-39.72307458957,10.2041689650762));
#14364=CARTESIAN_POINT('',(23.6532107834923,-38.1055311576501,11.9139045125716));
#14365=CARTESIAN_POINT('',(23.9298629546954,-36.3324603636176,13.4979899077192));
#14366=CARTESIAN_POINT('',(24.1923269251553,-34.5863078123949,15.0752412999159));
#14367=CARTESIAN_POINT('',(24.4754533521111,-32.8564212316919,16.663734914514));
#14368=CARTESIAN_POINT('',(24.4782846163807,-32.8391223658849,16.6796198506599));
#14369=CARTESIAN_POINT('',(24.4811158806502,-32.8218235000778,16.6955047868059));
#14370=CARTESIAN_POINT('',(24.4839471449198,-32.8045246342708,16.7113897229519));
#14371=CARTESIAN_POINT('',(24.4867784091893,-32.7872257684638,16.7272746590979));
#14372=CARTESIAN_POINT('',(24.4896096734589,-32.7699269026567,16.7431595952439));
#14373=CARTESIAN_POINT('',(8.68239953796024,-40.6337276279949,11.9999997290637));
#14374=CARTESIAN_POINT('',(8.68239953796024,-40.6337276279949,13.9999997290637));
#14375=CARTESIAN_POINT('',(20.9941829683032,-35.3695303212209,11.9999997290637));
#14376=CARTESIAN_POINT('',(20.1231112218622,-36.1022941613712,11.9999997290637));
#14377=CARTESIAN_POINT('',(19.1982041525774,-36.7432087015912,11.9999997290637));
#14378=CARTESIAN_POINT('',(17.2594911599585,-37.8731938624762,11.9999997290637));
#14379=CARTESIAN_POINT('',(16.2456741743937,-38.3622780655255,11.9999997290637));
#14380=CARTESIAN_POINT('',(14.669777303728,-39.0017090308314,11.9999997290637));
#14381=CARTESIAN_POINT('',(14.1382990250868,-39.1978513981795,11.9999997290637));
#14382=CARTESIAN_POINT('',(13.0679073428924,-39.5589998485792,11.9999997290637));
#14383=CARTESIAN_POINT('',(12.5284014082911,-39.7242369501066,11.9999997290636));
#14384=CARTESIAN_POINT('',(10.8984241520282,-40.1791707078892,11.9999997290636));
#14385=CARTESIAN_POINT('',(9.79655274336821,-40.4283512963355,11.9999997290637));
#14386=CARTESIAN_POINT('',(8.68239953796024,-40.6337276279949,11.9999997290637));
#14387=CARTESIAN_POINT('',(20.9941829683032,-35.3695303212209,13.9999997290637));
#14388=CARTESIAN_POINT('',(20.1231112218622,-36.1022941613712,13.9999997290637));
#14389=CARTESIAN_POINT('',(19.1982041525774,-36.7432087015912,13.9999997290637));
#14390=CARTESIAN_POINT('',(17.2594911599585,-37.8731938624762,13.9999997290637));
#14391=CARTESIAN_POINT('',(16.2456741743937,-38.3622780655255,13.9999997290637));
#14392=CARTESIAN_POINT('',(14.669777303728,-39.0017090308314,13.9999997290637));
#14393=CARTESIAN_POINT('',(14.1382990250868,-39.1978513981795,13.9999997290637));
#14394=CARTESIAN_POINT('',(13.0679073428924,-39.5589998485792,13.9999997290637));
#14395=CARTESIAN_POINT('',(12.5284014082911,-39.7242369501066,13.9999997290636));
#14396=CARTESIAN_POINT('',(10.8984241520282,-40.1791707078892,13.9999997290636));
#14397=CARTESIAN_POINT('',(9.79655274336821,-40.4283512963355,13.9999997290637));
#14398=CARTESIAN_POINT('',(8.68239953796024,-40.6337276279949,13.9999997290637));
#14399=CARTESIAN_POINT('',(-32.7766767019155,-47.4851036386061,13.9999997290637));
#14400=CARTESIAN_POINT('',(-32.7766767019155,-47.4851036386061,11.9999997290637));
#14401=CARTESIAN_POINT('',(-32.174218876899,-47.4623213084775,13.9999997290637));
#14402=CARTESIAN_POINT('',(-32.174218876899,-47.4623213084775,11.9999997290637));
#14403=CARTESIAN_POINT('',(-60.5446020474985,-48.5351655947146,11.9999997290637));
#14404=CARTESIAN_POINT('',(-60.5446020474985,-48.5351655947146,13.9999997290637));
#14405=CARTESIAN_POINT('',(7.82302318710684,40.6179310835811,11.9999997290637));
#14406=CARTESIAN_POINT('',(7.27775504077283,40.7088091079702,13.9999997290637));
#14407=CARTESIAN_POINT('',(7.82302318710684,40.6179310835811,13.9999997290637));
#14408=CARTESIAN_POINT('',(8.79333157014336,40.6131369021709,11.9999997290637));
#14409=CARTESIAN_POINT('',(8.79333157014336,40.6131369021709,12.6666663957304));
#14410=CARTESIAN_POINT('',(8.79333157014336,40.6131369021709,13.3333330623971));
#14411=CARTESIAN_POINT('',(8.79333157014336,40.6131369021709,13.9999997290637));
#14412=CARTESIAN_POINT('',(-4.61953981826674,41.4598371294206,13.9999997290637));
#14413=CARTESIAN_POINT('',(8.79333157014336,40.6131369021709,11.9999997290636));
#14414=CARTESIAN_POINT('',(9.89847310087572,40.4063489284781,11.9999997290636));
#14415=CARTESIAN_POINT('',(10.9905884487185,40.1562720151663,11.9999997290636));
#14416=CARTESIAN_POINT('',(13.1427053807049,39.5497595987146,11.9999997290636));
#14417=CARTESIAN_POINT('',(14.202770719115,39.1934834739873,11.9999997290637));
#14418=CARTESIAN_POINT('',(15.7621598536025,38.5572641908879,11.9999997290637));
#14419=CARTESIAN_POINT('',(16.2781252724777,38.3273774550801,11.9999997290638));
#14420=CARTESIAN_POINT('',(17.2858198754033,37.83474604579,11.9999997290638));
#14421=CARTESIAN_POINT('',(17.7787106637127,37.5716198842419,11.9999997290636));
#14422=CARTESIAN_POINT('',(19.2216259011144,36.7273796344678,11.9999997290636));
#14423=CARTESIAN_POINT('',(20.1359609983832,36.0914964907269,11.9999997290637));
#14424=CARTESIAN_POINT('',(20.9941829683032,35.3695421523508,11.9999997290637));
#14425=CARTESIAN_POINT('',(8.79333157014336,40.6131369021709,13.9999997290636));
#14426=CARTESIAN_POINT('',(9.89847310087572,40.4063489284781,13.9999997290636));
#14427=CARTESIAN_POINT('',(10.9905884487185,40.1562720151663,13.9999997290636));
#14428=CARTESIAN_POINT('',(13.1427053807049,39.5497595987146,13.9999997290636));
#14429=CARTESIAN_POINT('',(14.202770719115,39.1934834739873,13.9999997290637));
#14430=CARTESIAN_POINT('',(15.7621598536025,38.5572641908879,13.9999997290637));
#14431=CARTESIAN_POINT('',(16.2781252724777,38.3273774550801,13.9999997290638));
#14432=CARTESIAN_POINT('',(17.2858198754033,37.83474604579,13.9999997290638));
#14433=CARTESIAN_POINT('',(17.7787106637127,37.5716198842419,13.9999997290636));
#14434=CARTESIAN_POINT('',(19.2216259011144,36.7273796344678,13.9999997290636));
#14435=CARTESIAN_POINT('',(20.1359609983832,36.0914964907269,13.9999997290637));
#14436=CARTESIAN_POINT('',(20.9941829683032,35.3695421523508,13.9999997290637));
#14437=CARTESIAN_POINT('',(-40.5576701592352,-48.8595631888699,11.9999997290637));
#14438=CARTESIAN_POINT('',(-40.5576701592352,-48.8595631888699,13.9999997290637));
#14439=CARTESIAN_POINT('',(20.1326256984756,-0.00184393467509055,24.3201857456447));
#14440=CARTESIAN_POINT('',(20.1326256984756,-0.00184393467509055,24.3201857456447));
#14441=CARTESIAN_POINT('',(20.1326256984756,-183.474832330808,22.8380077757189));
#14442=CARTESIAN_POINT('',(11.0972985011585,-10.1110762690509,57.9094525930187));
#14443=CARTESIAN_POINT('',(10.7757409002642,-10.1110762690509,57.9094525930187));
#14444=CARTESIAN_POINT('',(10.4541832993699,-10.1110762690509,57.9094525930187));
#14445=CARTESIAN_POINT('',(10.1326256984756,-10.1110762690509,57.9094525930187));
#14446=CARTESIAN_POINT('',(20.1326256984756,-36.7948530702996,57.5246180882025));
#14447=CARTESIAN_POINT('',(20.1326256984756,-27.7115838705449,58.3521917017943));
#14448=CARTESIAN_POINT('',(6.34390032689561,-29.3350004079085,7.19999972906366));
#14449=CARTESIAN_POINT('',(10.9439003268956,-29.3350004079085,7.19999972906366));
#14450=CARTESIAN_POINT('',(30.5323038530221,-29.3350004079085,7.19999972906366));
#14451=CARTESIAN_POINT('',(6.34390032689561,-29.3350004079085,-18.0000002709363));
#14452=CARTESIAN_POINT('',(6.34390032689561,29.3299995920915,7.19999972906366));
#14453=CARTESIAN_POINT('',(10.9439003268956,29.3299995920915,7.19999972906366));
#14454=CARTESIAN_POINT('',(30.5323038530221,-29.3350004079085,7.19999972906366));
#14455=CARTESIAN_POINT('',(6.34390032689561,29.3299995920915,-18.0000002709363));
#14456=CARTESIAN_POINT('',(-58.9999996731044,-19.0224448997465,-7.70000027093634));
#14457=CARTESIAN_POINT('',(-55.9499996731044,-19.0224448997465,-7.70000027093634));
#14458=CARTESIAN_POINT('',(-59.9999996731044,-16.1410389929017,1.89999972906366));
#14459=CARTESIAN_POINT('',(-59.9999996731044,-16.1410389929017,5.09999972906366));
#14460=CARTESIAN_POINT('',(-58.9999996731044,-19.0224448997465,5.09999972906366));
#14461=CARTESIAN_POINT('',(-57.9999996731044,-16.1410389929017,5.09999972906366));
#14462=CARTESIAN_POINT('',(-57.9999996731044,-16.1410389929017,1.89999972906366));
#14463=CARTESIAN_POINT('',(-57.9999996731044,-21.9038508065913,1.89999972906366));
#14464=CARTESIAN_POINT('',(-59.9999996731044,-21.9038508065913,1.89999972906366));
#14465=CARTESIAN_POINT('',(-58.9999996731044,-19.0224448997465,1.89999972906366));
#14466=CARTESIAN_POINT('',(-58.9999996731044,-19.0224448997465,-8.00000027093634));
#14467=CARTESIAN_POINT('',(-56.2499996731044,-19.0224448997465,-8.00000027093634));
#14468=CARTESIAN_POINT('',(-58.9999996731044,-19.0224448997465,-8.00000027093634));
#14469=CARTESIAN_POINT('',(-57.6999996731044,-19.0224448997465,-8.00000027093634));
#14470=CARTESIAN_POINT('',(-41.9999996731044,10.9775551002535,-8.00000027093634));
#14471=CARTESIAN_POINT('',(-58.9999996731044,18.9775551002535,-8.00000027093634));
#14472=CARTESIAN_POINT('',(-56.2499996731044,18.9775551002535,-8.00000027093634));
#14473=CARTESIAN_POINT('',(-58.9999996731044,18.9775551002535,-8.00000027093634));
#14474=CARTESIAN_POINT('',(-57.6999996731044,18.9775551002535,-8.00000027093634));
#14475=CARTESIAN_POINT('',(-41.9999996731044,48.9775551002535,-8.00000027093634));
#14476=CARTESIAN_POINT('',(-58.9999996731044,18.9775551002535,-7.70000027093634));
#14477=CARTESIAN_POINT('',(-55.9499996731044,18.9775551002535,-7.70000027093634));
#14478=CARTESIAN_POINT('',(-59.9999996731046,21.8589610070982,1.89999972906366));
#14479=CARTESIAN_POINT('',(-57.9999996731045,21.8589610070983,1.89999972906366));
#14480=CARTESIAN_POINT('',(-57.9999996731045,16.0961491934087,1.89999972906366));
#14481=CARTESIAN_POINT('',(-57.9999996731045,16.0961491934087,5.09999972906366));
#14482=CARTESIAN_POINT('',(-58.9999996731044,18.9775551002535,5.09999972906366));
#14483=CARTESIAN_POINT('',(-59.9999996731045,16.0961491934088,5.09999972906366));
#14484=CARTESIAN_POINT('',(-59.9999996731045,16.0961491934088,1.89999972906366));
#14485=CARTESIAN_POINT('',(-58.9999996731044,18.9775551002535,1.89999972906366));
#14486=CARTESIAN_POINT('',(-9.99999967310439,39.9551106084155,-8.00000027093634));
#14487=CARTESIAN_POINT('',(-8.69999967310439,39.9551106084155,-8.00000027093634));
#14488=CARTESIAN_POINT('',(-9.99999967310439,39.9551106084155,-8.00000027093634));
#14489=CARTESIAN_POINT('',(-7.24999967310439,39.9551106084155,-8.00000027093634));
#14490=CARTESIAN_POINT('',(7.0000003268956,69.9551106084155,-8.00000027093634));
#14491=CARTESIAN_POINT('',(-9.99999967310439,39.9551106084155,-7.70000027093634));
#14492=CARTESIAN_POINT('',(-6.94999967310439,39.9551106084155,-7.70000027093634));
#14493=CARTESIAN_POINT('',(-12.8814055799492,40.9551106084155,1.89999972906366));
#14494=CARTESIAN_POINT('',(-9.99999967310439,39.9551106084155,1.89999972906366));
#14495=CARTESIAN_POINT('',(-9.99999967310439,-40.0000004079085,-8.00000027093634));
#14496=CARTESIAN_POINT('',(-7.24999967310439,-40.0000004079085,-8.00000027093634));
#14497=CARTESIAN_POINT('',(-9.99999967310439,-40.0000004079085,-8.00000027093634));
#14498=CARTESIAN_POINT('',(-8.69999967310439,-40.0000004079085,-8.00000027093634));
#14499=CARTESIAN_POINT('',(7.0000003268956,-10.0000004079085,-8.00000027093634));
#14500=CARTESIAN_POINT('',(-9.99999967310439,-40.0000004079085,-7.70000027093634));
#14501=CARTESIAN_POINT('',(-6.94999967310439,-40.0000004079085,-7.70000027093634));
#14502=CARTESIAN_POINT('',(-12.8814055799492,-39.0000004079085,1.89999972906366));
#14503=CARTESIAN_POINT('',(-12.8814055799492,-41.0000004079085,1.89999972906366));
#14504=CARTESIAN_POINT('',(-9.99999967310439,-40.0000004079085,1.89999972906366));
#14505=CARTESIAN_POINT('',(18.0000003268956,-4.07908487598529E-7,-8.00000027093634));
#14506=CARTESIAN_POINT('',(20.7500003268956,-4.07908487598529E-7,-8.00000027093634));
#14507=CARTESIAN_POINT('',(18.0000003268956,-4.07908487598529E-7,-8.00000027093634));
#14508=CARTESIAN_POINT('',(19.3000003268956,-4.07908487598529E-7,-8.00000027093634));
#14509=CARTESIAN_POINT('',(35.0000003268956,29.9999995920915,-8.00000027093634));
#14510=CARTESIAN_POINT('',(18.0000003268956,-4.07908487598529E-7,-7.70000027093634));
#14511=CARTESIAN_POINT('',(21.0500003268956,-4.07908487598529E-7,-7.70000027093634));
#14512=CARTESIAN_POINT('',(18.0000003268956,-4.07908487598529E-7,1.89999972906366));
#14513=CARTESIAN_POINT('',(-32.7766767019155,-47.4851036386061,11.9999997290637));
#14514=CARTESIAN_POINT('',(-33.1647986667502,47.765512861011,11.9999997290637));
#14515=CARTESIAN_POINT('',(-65.3739900883351,-23.6231425833371,13.5058165487457));
#14516=CARTESIAN_POINT('',(-65.8739900883351,-23.8806827109453,13.5058165487457));
#14517=CARTESIAN_POINT('',(-65.3739900883351,-23.6231425833371,13.5058165487457));
#14518=CARTESIAN_POINT('',(-65.3739900883351,-23.6231425833371,13.8030134715222));
#14519=CARTESIAN_POINT('',(-65.4885168164615,-23.7461745783084,13.8030134715222));
#14520=CARTESIAN_POINT('',(-65.603043544588,-23.8692065732797,13.8030134715222));
#14521=CARTESIAN_POINT('',(-65.7175702727145,-23.9922385682509,13.8030134715222));
#14522=CARTESIAN_POINT('',(-65.3739900883351,-23.6231425833371,13.8030134715225));
#14523=CARTESIAN_POINT('',(-65.3739900883351,-23.6231425833371,13.8030134715225));
#14524=CARTESIAN_POINT('',(-65.3739900883351,-23.6231425833371,13.5058165487457));
#14525=CARTESIAN_POINT('',(-65.3739900883351,-23.6231425833371,13.8030134715225));
#14526=CARTESIAN_POINT('',(-65.7175702727145,-23.992238568251,13.8030134715222));
#14527=CARTESIAN_POINT('',(-65.3739900883351,-23.6231425833371,13.5058165487457));
#14528=CARTESIAN_POINT('',(-65.8739900883351,-23.8806827109453,13.5058165487457));
#14529=CARTESIAN_POINT('',(-59.9999996731046,32.4775551002533,13.8030134715221));
#14530=CARTESIAN_POINT('',(-59.9999996731044,-27.4557778894513,13.8030134715225));
#14531=CARTESIAN_POINT('',(-31.5662313521939,-47.7342406205607,13.8030134715225));
#14532=CARTESIAN_POINT('',(-31.8565529666532,-48.1413196794396,13.8030134715225));
#14533=CARTESIAN_POINT('',(-32.7766767019155,-47.4851036386061,13.9999997290637));
#14534=CARTESIAN_POINT('',(-33.1647986667502,47.765512861011,11.9999997290637));
#14535=CARTESIAN_POINT('',(-65.3739900883351,-24.9108432213784,13.5058165487457));
#14536=CARTESIAN_POINT('',(-65.8739900883351,-24.9108432213784,13.5058165487457));
#14537=CARTESIAN_POINT('',(-65.3739900883351,-23.6231425833371,13.9999997290637));
#14538=CARTESIAN_POINT('',(-65.3739900883351,-24.9108432213784,13.9999997290637));
#14539=CARTESIAN_POINT('',(-59.9999996731044,-27.4557778894513,91.9999997290637));
#14540=CARTESIAN_POINT('',(-31.5662313521939,-47.7342406205607,13.9999997290637));
#14541=CARTESIAN_POINT('',(-16.5986400723044,11.4999997456015,28.7999997290637));
#14542=CARTESIAN_POINT('',(-16.5986400723044,-11.5000005614185,38.7999997290637));
#14543=CARTESIAN_POINT('',(-17.3130181970554,-11.5000005614185,38.7999997290637));
#14544=CARTESIAN_POINT('',(-16.5986400723044,-11.5000005614185,29.8019633366264));
#14545=CARTESIAN_POINT('',(-17.5486400723044,-11.5000005614185,29.8019633366264));
#14546=CARTESIAN_POINT('',(-16.5986400723044,-11.5000005614185,29.8039262713098));
#14547=CARTESIAN_POINT('',(-16.5986400723044,-11.5000005614185,28.7999997290637));
#14548=CARTESIAN_POINT('',(6.40000032690061,11.4999997458115,38.7999997290637));
#14549=CARTESIAN_POINT('',(5.68562220214966,11.4999997458115,38.7999997290637));
#14550=CARTESIAN_POINT('',(6.40000032690061,11.4999997458115,29.8019633366264));
#14551=CARTESIAN_POINT('',(5.45000032690061,11.4999997458115,29.8019633366264));
#14552=CARTESIAN_POINT('',(6.40000032690061,11.4999997458115,29.8039262713098));
#14553=CARTESIAN_POINT('',(6.40000032690061,11.4999997458115,28.7999997290637));
#14554=CARTESIAN_POINT('',(-16.5986400723044,11.4999997456015,38.7999997290637));
#14555=CARTESIAN_POINT('',(-16.5986400723044,-11.5000005614185,38.7999997290637));
#14556=CARTESIAN_POINT('',(6.40000032690061,11.4999997458115,38.7999997290637));
#14557=CARTESIAN_POINT('',(-50.5985992495108,25.466006590255,39.7495208739229));
#14558=CARTESIAN_POINT('',(-49.6485992495108,25.466006590255,39.7495208739229));
#14559=CARTESIAN_POINT('',(-50.5985992495108,25.466006590255,39.7495208739229));
#14560=CARTESIAN_POINT('',(-50.5985992495108,25.466006590255,29.7495208739229));
#14561=CARTESIAN_POINT('',(-50.5884572018989,-26.0036913505053,39.7495208739229));
#14562=CARTESIAN_POINT('',(-49.6384572018989,-26.0036913505053,39.7495208739229));
#14563=CARTESIAN_POINT('',(-50.5884572018989,-26.0036913505053,39.7495208739229));
#14564=CARTESIAN_POINT('',(-50.5884572018989,-26.0036913505053,29.7495208739229));
#14565=CARTESIAN_POINT('',(-28.7698576254881,-25.9993920193536,39.7495208739229));
#14566=CARTESIAN_POINT('',(-27.8198576254881,-25.9993920193536,39.7495208739229));
#14567=CARTESIAN_POINT('',(-28.7698576254881,-25.9993920193536,39.7495208739229));
#14568=CARTESIAN_POINT('',(-28.7698576254881,-25.9993920193536,29.7495208739229));
#14569=CARTESIAN_POINT('',(-28.7799996731,25.4703059214068,39.7495208739229));
#14570=CARTESIAN_POINT('',(-27.8299996731,25.4703059214068,39.7495208739229));
#14571=CARTESIAN_POINT('',(-28.7799996731,25.4703059214068,39.7495208739229));
#14572=CARTESIAN_POINT('',(-28.7799996731,25.4703059214068,29.7495208739229));
#14573=CARTESIAN_POINT('',(-50.7728389004651,-16.1002174626131,45.98274110669));
#14574=CARTESIAN_POINT('',(-50.8347829103232,-16.1003368640257,45.997291099703));
#14575=CARTESIAN_POINT('',(-50.8967278540475,-16.1003050328705,46.0118391429781));
#14576=CARTESIAN_POINT('',(-50.9586726821343,-16.1001220782875,46.0263849915815));
#14577=CARTESIAN_POINT('',(-50.9639323377052,-16.1001065438495,46.0276200608521));
#14578=CARTESIAN_POINT('',(-50.9691919938111,-16.10008991978,46.0288551146202));
#14579=CARTESIAN_POINT('',(-50.97445164981,-16.100072206086,46.0300901527351));
#14580=CARTESIAN_POINT('',(-50.7728389004651,-16.1002174626131,45.98274110669));
#14581=CARTESIAN_POINT('',(-50.97445164981,-16.100072206086,46.0300901527351));
#14582=CARTESIAN_POINT('',(-50.7473889358381,-14.0002881693385,45.9999737283037));
#14583=CARTESIAN_POINT('',(-50.7728389004651,-11.9017168761176,45.9225235683977));
#14584=CARTESIAN_POINT('',(-50.97445164981,-11.900504132591,45.9698573038722));
#14585=CARTESIAN_POINT('',(-50.9691919938111,-11.9005218462851,45.9686222657573));
#14586=CARTESIAN_POINT('',(-50.9639323377053,-11.9005406496045,45.9673872432451));
#14587=CARTESIAN_POINT('',(-50.9586726821343,-11.9005605425518,45.9661522364871));
#14588=CARTESIAN_POINT('',(-50.8967278540473,-11.9007948288434,45.9516071241164));
#14589=CARTESIAN_POINT('',(-50.8347829103232,-11.9011802393417,45.937064152098));
#14590=CARTESIAN_POINT('',(-50.7728389004651,-11.9017168761176,45.9225235683977));
#14591=CARTESIAN_POINT('',(-50.97445164981,-11.900504132591,45.9698573038722));
#14592=CARTESIAN_POINT('',(-50.97445164981,-14.0002881693385,45.9999737283037));
#14593=CARTESIAN_POINT('',(-87.8739900883351,-14.0002881693385,45.9999737283037));
#14594=CARTESIAN_POINT('',(-87.8739900883351,13.9997118306615,33.9999723950037));
#14595=CARTESIAN_POINT('',(-87.8739900883351,13.9997118306615,33.9999723950037));
#14596=CARTESIAN_POINT('',(-57.0066725935255,11.899782537387,33.9827397733939));
#14597=CARTESIAN_POINT('',(-57.0686166033839,11.8996631359743,33.997289766407));
#14598=CARTESIAN_POINT('',(-57.1305615471096,11.8996949671296,34.011837809678));
#14599=CARTESIAN_POINT('',(-57.1925063751967,11.8998779217125,34.0263836582815));
#14600=CARTESIAN_POINT('',(-57.1977660307677,11.8998934561505,34.0276187275521));
#14601=CARTESIAN_POINT('',(-57.2030256868736,11.89991008022,34.0288537813202));
#14602=CARTESIAN_POINT('',(-57.2082853428725,11.899927793914,34.0300888194351));
#14603=CARTESIAN_POINT('',(-57.0066725935255,11.899782537387,33.9827397733939));
#14604=CARTESIAN_POINT('',(-57.2082853428725,11.899927793914,34.0300888194351));
#14605=CARTESIAN_POINT('',(-56.9812226289005,13.9997118306615,33.9999723950037));
#14606=CARTESIAN_POINT('',(-57.0066725935255,16.0982831238825,33.9225222351016));
#14607=CARTESIAN_POINT('',(-57.2082853428725,16.099495867409,33.9698559705722));
#14608=CARTESIAN_POINT('',(-57.2030256868735,16.0994781537149,33.9686209324577));
#14609=CARTESIAN_POINT('',(-57.1977660307675,16.0994593503955,33.9673859099465));
#14610=CARTESIAN_POINT('',(-57.1925063751966,16.0994394574482,33.9661509031882));
#14611=CARTESIAN_POINT('',(-57.1305615471101,16.0992051711566,33.9516057908132));
#14612=CARTESIAN_POINT('',(-57.0686166033839,16.0988197606583,33.9370628188021));
#14613=CARTESIAN_POINT('',(-57.0066725935255,16.0982831238825,33.9225222351016));
#14614=CARTESIAN_POINT('',(-57.2082853428725,16.099495867409,33.9698559705722));
#14615=CARTESIAN_POINT('',(-57.2082853428725,13.9997118306615,33.9999723950037));
#14616=CARTESIAN_POINT('',(-87.8739900883351,13.9997118306615,33.9999723950037));
#14617=CARTESIAN_POINT('',(-66.6239900883351,-24.2669929023577,7.09999972906366));
#14618=CARTESIAN_POINT('',(-66.6239900883351,-24.2669929023577,5.39999972906366));
#14619=CARTESIAN_POINT('',(-32.2920353883423,-48.7519382677579,5.39999972906366));
#14620=CARTESIAN_POINT('',(-32.2920353883423,-48.7519382677579,7.09999972906366));
#14621=CARTESIAN_POINT('',(-66.6239900883351,24.2208190580857,7.09999972906366));
#14622=CARTESIAN_POINT('',(-66.6239900883351,24.2208190580857,5.39999972906366));
#14623=CARTESIAN_POINT('',(-66.6239900883351,-24.9108432213784,5.39999972906366));
#14624=CARTESIAN_POINT('',(-66.6239900883351,-24.9108432213784,7.09999972906366));
#14625=CARTESIAN_POINT('',(-44.1060116825291,40.3354906737668,5.39999972906366));
#14626=CARTESIAN_POINT('',(-44.1060116825291,40.3354906737668,7.09999972906366));
#14627=CARTESIAN_POINT('',(-71.8853852389595,-26.9770336593366,10.6613948796882));
#14628=CARTESIAN_POINT('',(2.13981963606716,-72.9396519925437,5.09999972906366));
#14629=CARTESIAN_POINT('',(-60.337502456858,20.9892311097462,-0.886487902413572));
#14630=CARTESIAN_POINT('',(-66.3239900883351,-48.5713195761443,5.09999972906366));
#14631=CARTESIAN_POINT('',(-44.1060116825291,40.3354906737668,5.39999972906366));
#14632=CARTESIAN_POINT('',(92.8157370042856,131.092881849092,12.0193120639755));
#14633=CARTESIAN_POINT('',(92.8157370042857,131.09288184909,3.19225642936387));
#14634=CARTESIAN_POINT('',(92.8157370042856,131.092881849092,-5.63479920524667));
#14635=CARTESIAN_POINT('',(92.8157370042856,131.092881849092,-14.4618548398576));
#14636=CARTESIAN_POINT('',(61.4659577789256,105.049295959592,12.0193120639753));
#14637=CARTESIAN_POINT('',(61.4659577789258,105.049295959594,3.19225642936431));
#14638=CARTESIAN_POINT('',(61.4659577789253,105.049295959591,-5.63479920524667));
#14639=CARTESIAN_POINT('',(61.4659577789256,105.049295959592,-14.4618548398575));
#14640=CARTESIAN_POINT('',(24.6387546003253,69.6567422959078,12.0193120639752));
#14641=CARTESIAN_POINT('',(24.6387546003254,69.6567422959076,3.19225642936393));
#14642=CARTESIAN_POINT('',(24.6387546003254,69.656742295908,-5.63479920524667));
#14643=CARTESIAN_POINT('',(24.6387546003253,69.6567422959078,-14.4618548398576));
#14644=CARTESIAN_POINT('',(-5.95564022747089,38.2080259239606,12.019312063975));
#14645=CARTESIAN_POINT('',(-5.95564022747086,38.2080259239603,3.1922564293642));
#14646=CARTESIAN_POINT('',(-5.95564022747092,38.2080259239606,-5.63479920524667));
#14647=CARTESIAN_POINT('',(-5.95564022747089,38.2080259239606,-14.4618548398575));
#14648=CARTESIAN_POINT('',(-6.27287749529357,37.8816669433229,12.019312063975));
#14649=CARTESIAN_POINT('',(-6.27287749529357,37.8816669433232,3.1922564293642));
#14650=CARTESIAN_POINT('',(-6.27287749529357,37.8816669433229,-5.63479920524667));
#14651=CARTESIAN_POINT('',(-6.27287749529357,37.8816669433229,-14.4618548398576));
#14652=CARTESIAN_POINT('',(3.40244151406061,-47.7647660634898,11.9999997290637));
#14653=CARTESIAN_POINT('',(92.8157370042855,-131.102882664908,12.2328863778566));
#14654=CARTESIAN_POINT('',(92.8157370042856,-131.102882664908,3.99564810256788));
#14655=CARTESIAN_POINT('',(92.8157370042855,-131.102882664908,-4.24159017271989));
#14656=CARTESIAN_POINT('',(92.8157370042856,-131.102882664908,-12.4788284480079));
#14657=CARTESIAN_POINT('',(61.4659577789253,-105.059296775408,12.2328863778563));
#14658=CARTESIAN_POINT('',(61.4659577789257,-105.059296775409,3.995648102568));
#14659=CARTESIAN_POINT('',(61.4659577789256,-105.059296775408,-4.24159017271988));
#14660=CARTESIAN_POINT('',(61.4659577789256,-105.059296775408,-12.4788284480079));
#14661=CARTESIAN_POINT('',(24.6387546003255,-69.6667431117248,12.2328863778563));
#14662=CARTESIAN_POINT('',(24.6387546003252,-69.666743111725,3.995648102568));
#14663=CARTESIAN_POINT('',(24.6387546003253,-69.6667431117249,-4.2415901727199));
#14664=CARTESIAN_POINT('',(24.6387546003253,-69.6667431117249,-12.4788284480079));
#14665=CARTESIAN_POINT('',(-5.95564022747092,-38.2180267397774,12.2328863778561));
#14666=CARTESIAN_POINT('',(-5.95564022747092,-38.2180267397777,3.99564810256809));
#14667=CARTESIAN_POINT('',(-5.95564022747092,-38.2180267397775,-4.24159017271989));
#14668=CARTESIAN_POINT('',(-5.95564022747092,-38.2180267397776,-12.4788284480079));
#14669=CARTESIAN_POINT('',(-6.27287749529357,-37.8916677591397,12.2328863778561));
#14670=CARTESIAN_POINT('',(-6.27287749529357,-37.89166775914,3.99564810256809));
#14671=CARTESIAN_POINT('',(-6.27287749529357,-37.8916677591399,-4.24159017271989));
#14672=CARTESIAN_POINT('',(-6.27287749529357,-37.8916677591399,-12.4788284480079));
#14673=CARTESIAN_POINT('',(3.18901956568757,-47.9756002920978,9.54999972906367));
#14674=CARTESIAN_POINT('',(-51.5985992495108,32.9557281009143,49.7495208739229));
#14675=CARTESIAN_POINT('',(-49.5985992495108,32.9557281009143,49.7495208739229));
#14676=CARTESIAN_POINT('',(-50.5984022006098,24.4660066096691,49.7495208739229));
#14677=CARTESIAN_POINT('',(-50.5984022006098,24.4660066096691,49.7495208739229));
#14678=CARTESIAN_POINT('',(-50.5987962984118,26.4660065708409,49.7495208739229));
#14679=CARTESIAN_POINT('',(-50.5987962984118,26.4660065708409,49.7495208739229));
#14680=CARTESIAN_POINT('',(-28.7799996731,25.4703059214069,49.7495208739229));
#14681=CARTESIAN_POINT('',(-29.7799996731,25.4703059214069,49.7495208739229));
#14682=CARTESIAN_POINT('',(-27.7799996731,25.4703059214069,49.7495208739229));
#14683=CARTESIAN_POINT('',(-49.5985992495108,-32.2036913505053,49.7495208739229));
#14684=CARTESIAN_POINT('',(-51.5985992495108,-32.2036913505053,49.7495208739229));
#14685=CARTESIAN_POINT('',(-50.5984022006098,-27.0036913310912,49.7495208739229));
#14686=CARTESIAN_POINT('',(-50.5984022006098,-27.0036913310912,49.7495208739229));
#14687=CARTESIAN_POINT('',(-50.5987962984118,-25.0036913699194,49.7495208739229));
#14688=CARTESIAN_POINT('',(-50.5987962984118,-25.0036913699194,49.7495208739229));
#14689=CARTESIAN_POINT('',(-28.7799996731,-25.9993920193535,49.7495208739229));
#14690=CARTESIAN_POINT('',(-27.7799996731,-25.9993920193535,49.7495208739229));
#14691=CARTESIAN_POINT('',(-29.7799996731,-25.9993920193535,49.7495208739229));
#14692=CARTESIAN_POINT('',(-59.9999996731046,32.4775551002535,91.9999997290637));
#14693=CARTESIAN_POINT('',(-57.9999996731044,-19.0224448997465,91.9999997290637));
#14694=CARTESIAN_POINT('',(-59.9999996731043,-48.5713195761446,5.09999972906366));
#14695=CARTESIAN_POINT('',(-59.9999996731046,32.4775551002535,91.9999997290637));
#14696=CARTESIAN_POINT('',(-57.9999996731044,-48.5713195761444,5.09999972906366));
#14697=CARTESIAN_POINT('',(-57.9999996731044,-19.0224448997465,91.9999997290637));
#14698=CARTESIAN_POINT('',(19.5188850890917,-48.5713195761443,5.09999972906366));
#14699=CARTESIAN_POINT('',(-59.9999996731046,32.4775551002535,91.9999997290637));
#14700=CARTESIAN_POINT('',(-57.9999996731044,-19.0224448997465,91.9999997290637));
#14701=CARTESIAN_POINT('',(-9.99999967310439,40.9551106084155,91.9999997290637));
#14702=CARTESIAN_POINT('',(-9.99999967310439,-39.0000004079085,91.9999997290637));
#14703=CARTESIAN_POINT('',(-53.5999996731044,-41.0000004079086,91.9999997290637));
#14704=CARTESIAN_POINT('',(7.34390032689564,21.2430065629215,15.9999997290637));
#14705=CARTESIAN_POINT('',(7.34390032689558,29.3299995920915,35.9999997290637));
#14706=CARTESIAN_POINT('',(5.34390032689563,21.2430065629215,15.9999997290637));
#14707=CARTESIAN_POINT('',(5.34390032689561,29.3299995920915,35.9999997290637));
#14708=CARTESIAN_POINT('',(3.7265459859416,21.2430065629215,15.9999997290637));
#14709=CARTESIAN_POINT('',(3.7265459859416,28.3299995920915,15.9999997290637));
#14710=CARTESIAN_POINT('',(34.3439003268956,28.3299995920915,35.9999997290637));
#14711=CARTESIAN_POINT('',(3.7265459859416,30.3299995920915,15.9999997290637));
#14712=CARTESIAN_POINT('',(34.3439003268956,30.3299995920915,35.9999997290637));
#14713=CARTESIAN_POINT('',(3.7265459859416,21.2430065629215,15.9999997290637));
#14714=CARTESIAN_POINT('',(5.34390032689558,-21.2480073787385,15.9999997290637));
#14715=CARTESIAN_POINT('',(5.34390032689561,-29.3350004079085,35.9999997290637));
#14716=CARTESIAN_POINT('',(7.34390032689558,-21.2480073787385,15.9999997290637));
#14717=CARTESIAN_POINT('',(7.34390032689558,-29.3350004079085,35.9999997290637));
#14718=CARTESIAN_POINT('',(3.7265459859416,-21.2480073787385,15.9999997290637));
#14719=CARTESIAN_POINT('',(3.7265459859416,-30.3350004079085,15.9999997290637));
#14720=CARTESIAN_POINT('',(31.8439003268956,-30.3350004079085,35.9999997290637));
#14721=CARTESIAN_POINT('',(3.7265459859416,-28.3350004079085,15.9999997290637));
#14722=CARTESIAN_POINT('',(31.8439003268956,-28.3350004079085,35.9999997290637));
#14723=CARTESIAN_POINT('',(3.7265459859416,-21.2480073787385,15.9999997290637));
#14724=CARTESIAN_POINT('',(-58.9999996731044,18.9775551002535,6.99999972906366));
#14725=CARTESIAN_POINT('',(-60.0556287641094,18.9775551002535,6.99999972906366));
#14726=CARTESIAN_POINT('',(-58.9999996731044,18.9775551002535,-7.00000027093634));
#14727=CARTESIAN_POINT('',(-57.6999996731044,18.9775551002535,-7.00000027093634));
#14728=CARTESIAN_POINT('',(-58.9999996731044,18.9775551002535,-7.00000027093634));
#14729=CARTESIAN_POINT('',(-58.9999996731044,18.9775551002535,-8.00000027093634));
#14730=CARTESIAN_POINT('',(-58.9999996731044,-19.0224448997465,6.99999972906366));
#14731=CARTESIAN_POINT('',(-60.0556287641094,-19.0224448997465,6.99999972906366));
#14732=CARTESIAN_POINT('',(-58.9999996731044,-19.0224448997465,-7.00000027093634));
#14733=CARTESIAN_POINT('',(-57.6999996731044,-19.0224448997465,-7.00000027093634));
#14734=CARTESIAN_POINT('',(-58.9999996731044,-19.0224448997465,-7.00000027093634));
#14735=CARTESIAN_POINT('',(-58.9999996731044,-19.0224448997465,-8.00000027093634));
#14736=CARTESIAN_POINT('',(18.0000003268956,-4.07908487598529E-7,-7.00000027093634));
#14737=CARTESIAN_POINT('',(19.3000003268956,-4.07908487598529E-7,-7.00000027093634));
#14738=CARTESIAN_POINT('',(18.0000003268956,-4.07908487598529E-7,-8.00000027093634));
#14739=CARTESIAN_POINT('',(18.0000003268956,-4.07908487598529E-7,6.99999972906366));
#14740=CARTESIAN_POINT('',(16.9443712358906,-4.07908487598529E-7,6.99999972906366));
#14741=CARTESIAN_POINT('',(18.0000003268956,-4.07908487598529E-7,-7.00000027093634));
#14742=CARTESIAN_POINT('',(-9.99999967310439,39.9551106084155,6.99999972906366));
#14743=CARTESIAN_POINT('',(-11.0556287641093,39.9551106084155,6.99999972906366));
#14744=CARTESIAN_POINT('',(-9.99999967310439,39.9551106084155,-7.00000027093634));
#14745=CARTESIAN_POINT('',(-8.69999967310439,39.9551106084155,-7.00000027093634));
#14746=CARTESIAN_POINT('',(-9.99999967310439,39.9551106084155,-7.00000027093634));
#14747=CARTESIAN_POINT('',(-9.99999967310439,39.9551106084155,-8.00000027093634));
#14748=CARTESIAN_POINT('',(-9.99999967310439,-40.0000004079085,6.99999972906366));
#14749=CARTESIAN_POINT('',(-11.0556287641093,-40.0000004079085,6.99999972906366));
#14750=CARTESIAN_POINT('',(-9.99999967310439,-40.0000004079085,-7.00000027093634));
#14751=CARTESIAN_POINT('',(-8.69999967310439,-40.0000004079085,-7.00000027093634));
#14752=CARTESIAN_POINT('',(-9.99999967310439,-40.0000004079085,-7.00000027093634));
#14753=CARTESIAN_POINT('',(-9.99999967310439,-40.0000004079085,-8.00000027093634));
#14754=CARTESIAN_POINT('',(-58.9999996731044,18.9775551002535,6.99999972906366));
#14755=CARTESIAN_POINT('',(-58.9999996731044,-19.0224448997465,6.99999972906366));
#14756=CARTESIAN_POINT('',(-9.99999967310439,39.9551106084155,6.99999972906366));
#14757=CARTESIAN_POINT('',(18.0000003268956,-4.07908484129083E-7,6.99999972906366));
#14758=CARTESIAN_POINT('',(-9.99999967310439,-40.0000004079085,6.99999972906366));
#14759=CARTESIAN_POINT('',(22.1439074347688,-20.5338250976782,61.3950480048245));
#14760=CARTESIAN_POINT('',(-46.4550782033289,-28.1881079656669,52.0459124275484));
#14761=CARTESIAN_POINT('',(26.074328037397,-20.0952683055709,61.9307124277455));
#14762=CARTESIAN_POINT('',(-45.5350044383744,27.0163159865976,52.9659859189066));
#14763=CARTESIAN_POINT('',(25.3926047657299,-22.8163088455975,61.7996566302167));
#14764=CARTESIAN_POINT('',(-45.9858505220143,-0.0344470868255773,52.5151401088626));
#14765=CARTESIAN_POINT('',(24.3467321669772,20.5276734648235,60.6698378951014));
#14766=CARTESIAN_POINT('',(24.3679787868405,20.5226725336249,60.4710324906738));
#14767=CARTESIAN_POINT('',(24.3552925754172,21.8510384199205,60.4362617784012));
#14768=CARTESIAN_POINT('',(24.7424872590336,-18.6918937375951,61.497495466559));
#14769=CARTESIAN_POINT('',(24.7212406702201,-18.6868928137048,61.6963005804516));
#14770=CARTESIAN_POINT('',(24.3340459555539,21.8560393511191,60.6350671828288));
#14771=CARTESIAN_POINT('',(-41.341049788728,27.7274354291429,53.4685806670722));
#14772=CARTESIAN_POINT('',(-41.3198031733791,27.7224344990068,53.2697753048859));
#14773=CARTESIAN_POINT('',(-47.1188680012454,28.3580456451974,52.6340321572819));
#14774=CARTESIAN_POINT('',(-47.1401146165943,28.3630465753335,52.8328375194681));
#14775=CARTESIAN_POINT('',(27.1183494322959,-20.3611372051304,61.7933969404006));
#14776=CARTESIAN_POINT('',(27.0971028434825,-20.3561362812402,61.9922020542932));
#14777=CARTESIAN_POINT('',(35.0636355979503,36.4621556315928,61.2131365424429));
#14778=CARTESIAN_POINT('',(23.6372147795625,22.7057991630547,59.1589532060131));
#14779=CARTESIAN_POINT('',(-46.7618839069865,30.4219485678943,51.4412010498441));
#14780=CARTESIAN_POINT('',(11.0738050433191,38.0980979217417,24.7248550064338));
#14781=CARTESIAN_POINT('',(11.0699370257249,38.0368233161025,24.6988760613419));
#14782=CARTESIAN_POINT('',(11.0660690081307,37.9755487104632,24.67289711625));
#14783=CARTESIAN_POINT('',(11.0622009905365,37.914274104824,24.646918171158));
#14784=CARTESIAN_POINT('',(31.379099488329,13.2206828694365,80.3780986377213));
#14785=CARTESIAN_POINT('',(7.98068596304552,41.8874129572505,16.2478154407049));
#14786=CARTESIAN_POINT('',(9.01780666837111,40.6165701747772,19.0908403952848));
#14787=CARTESIAN_POINT('',(10.0557776610141,39.3459473891819,21.9332198599066));
#14788=CARTESIAN_POINT('',(11.0923099142168,38.0753605855645,24.7757286711136));
#14789=CARTESIAN_POINT('',(7.9768179454513,41.8261383516112,16.221836495613));
#14790=CARTESIAN_POINT('',(9.01393865077689,40.5552955691379,19.0648614501929));
#14791=CARTESIAN_POINT('',(10.0519096434183,39.2846727835449,21.9072409148106));
#14792=CARTESIAN_POINT('',(11.0884418966226,38.0140859799252,24.7497497260216));
#14793=CARTESIAN_POINT('',(7.97294992785708,41.764863745972,16.1958575505211));
#14794=CARTESIAN_POINT('',(9.01007063318267,40.4940209634987,19.038882505101));
#14795=CARTESIAN_POINT('',(10.0480416258255,39.2233981779025,21.8812619697213));
#14796=CARTESIAN_POINT('',(11.0845738790283,37.952811374286,24.7237707809296));
#14797=CARTESIAN_POINT('',(7.96908191026286,41.7035891403328,16.1698786054292));
#14798=CARTESIAN_POINT('',(9.00620261558845,40.4327463578595,19.012903560009));
#14799=CARTESIAN_POINT('',(10.0441736082303,39.1621235722646,21.8552830246268));
#14800=CARTESIAN_POINT('',(11.0807058614341,37.8915367686468,24.6977918358377));
#14801=CARTESIAN_POINT('',(-32.0273447411811,48.8404480012169,15.3060449730764));
#14802=CARTESIAN_POINT('',(-32.0559731060281,48.6686778121351,15.2076808477049));
#14803=CARTESIAN_POINT('',(-57.474293067959,52.9050644724619,15.2076808477049));
#14804=CARTESIAN_POINT('',(4.55378659736813,42.5670511948953,15.2076808477049));
#14805=CARTESIAN_POINT('',(4.58241493276693,42.7388212072879,15.3060448718954));
#14806=CARTESIAN_POINT('',(-57.445664703112,53.0768346615437,15.3060449730764));
#14807=CARTESIAN_POINT('',(-44.1872611975855,31.4172894687836,49.2706409061829));
#14808=CARTESIAN_POINT('',(-44.2158895711773,31.245519227233,49.172276750765));
#14809=CARTESIAN_POINT('',(-45.5893827766113,29.2775295619957,53.0086634423895));
#14810=CARTESIAN_POINT('',(-45.5607544030195,29.4492998035464,53.1070275978074));
#14811=CARTESIAN_POINT('',(18.2400597794585,45.7442217550134,5.67616916733005));
#14812=CARTESIAN_POINT('',(18.2686881148573,45.9159917674059,5.77453319152062));
#14813=CARTESIAN_POINT('',(17.6979876562445,46.1943690601304,5.04785829724023));
#14814=CARTESIAN_POINT('',(-65.7185134866004,26.0288983116965,15.4683307919795));
#14815=CARTESIAN_POINT('',(-65.6045775836058,25.8696889734943,15.4274506223727));
#14816=CARTESIAN_POINT('',(-67.581623416288,24.4548441864236,15.4274506223727));
#14817=CARTESIAN_POINT('',(-34.8995430432136,47.8433111010912,15.4274506223727));
#14818=CARTESIAN_POINT('',(-35.0134788341635,48.0025202827268,15.4683307517779));
#14819=CARTESIAN_POINT('',(-67.6955593192826,24.6140535246258,15.4683307919795));
#14820=CARTESIAN_POINT('',(-47.2757876632263,30.4326500456559,49.7189256121557));
#14821=CARTESIAN_POINT('',(-47.1618520331488,30.2734410888168,49.6780455404715));
#14822=CARTESIAN_POINT('',(-56.3001570801105,28.0913975469921,32.7069973325916));
#14823=CARTESIAN_POINT('',(-56.414092710188,28.2506065038312,32.7478774042758));
#14824=CARTESIAN_POINT('',(-31.1075418845426,53.2766244761602,4.83578344768285));
#14825=CARTESIAN_POINT('',(-48.1194229004829,29.2238600954508,52.0753336908825));
#14826=CARTESIAN_POINT('',(-23.0200241756509,57.7337841629758,10.0176892759964));
#14827=CARTESIAN_POINT('',(18.0000003268956,-4.07908487598529E-7,-7.70000027093634));
#14828=CARTESIAN_POINT('',(-9.99999967310439,-40.0000004079085,-7.70000027093634));
#14829=CARTESIAN_POINT('',(-9.99999967310439,39.9551106084155,-7.70000027093634));
#14830=CARTESIAN_POINT('',(-58.9999996731044,-19.0224448997465,-7.70000027093634));
#14831=CARTESIAN_POINT('',(-58.9999996731044,18.9775551002535,-7.70000027093634));
#14832=CARTESIAN_POINT('',(-47.7129334561941,28.1700490774565,51.4633832196549));
#14833=CARTESIAN_POINT('',(-47.5367706714716,28.168691077403,51.3687004381445));
#14834=CARTESIAN_POINT('',(-47.374657926035,37.8954558035951,51.5308131835811));
#14835=CARTESIAN_POINT('',(-48.4334393803056,-25.6314314526066,50.4720317293105));
#14836=CARTESIAN_POINT('',(-48.6096021650284,-25.6300734525531,50.5667145108211));
#14837=CARTESIAN_POINT('',(-48.181975913172,0.027501658796858,50.994340762677));
#14838=CARTESIAN_POINT('',(-66.5406066861708,23.6743791947015,16.4978892482773));
#14839=CARTESIAN_POINT('',(-66.3644439014484,23.673021194648,16.4032064667668));
#14840=CARTESIAN_POINT('',(-43.4899043060206,29.1350014130702,58.884269663069));
#14841=CARTESIAN_POINT('',(-57.3533026489301,25.8681227103992,33.5599350998002));
#14842=CARTESIAN_POINT('',(-61.2006626317064,9.47429580842805,26.2143668825372));
#14843=CARTESIAN_POINT('',(-57.3566920509495,-1.57841039189422,33.9472843763951));
#14844=CARTESIAN_POINT('',(-57.0321225581497,13.998353830608,33.9052896134931));
#14845=CARTESIAN_POINT('',(-57.2082853428725,13.9997118306615,33.9999723950037));
#14846=CARTESIAN_POINT('',(-50.7982888650873,-14.001646169392,45.9052909467931));
#14847=CARTESIAN_POINT('',(-50.97445164981,-14.0002881693385,45.9999737283037));
#14848=CARTESIAN_POINT('',(-43.8991503402484,37.7297180145755,57.9995729389667));
#14849=CARTESIAN_POINT('',(-49.5483656839276,-27.9633895497449,48.8186001206168));
#14850=CARTESIAN_POINT('',(-49.3713821333509,-27.9633895497449,48.725450655641));
#14851=CARTESIAN_POINT('',(-48.2757795440436,-28.2361657072159,50.8070904839222));
#14852=CARTESIAN_POINT('',(-66.9983852143972,-23.5747305459207,15.2342267165478));
#14853=CARTESIAN_POINT('',(-67.1753691010169,-23.5747305459206,15.3273763583888));
#14854=CARTESIAN_POINT('',(-57.8414678938299,-25.8986257600195,33.0617444608888));
#14855=CARTESIAN_POINT('',(-67.1753687649738,20.5051576360916,15.3273761815236));
#14856=CARTESIAN_POINT('',(-66.9983852143972,20.5051576360916,15.2342267165479));
#14857=CARTESIAN_POINT('',(-58.2955933390527,-3.4247002483839,31.7694908367367));
#14858=CARTESIAN_POINT('',(-58.4725768896293,-3.4247002483839,31.8626403017125));
#14859=CARTESIAN_POINT('',(-66.9983852143972,-0.0237289445254957,15.2342267165479));
#14860=CARTESIAN_POINT('',(-67.1753691010169,-0.0237289445254956,15.3273763583888));
#14861=CARTESIAN_POINT('',(-45.0476142997821,31.5363674876257,56.9405894463302));
#14862=CARTESIAN_POINT('',(-48.2042322141669,-30.4406293816057,48.7834972874849));
#14863=CARTESIAN_POINT('',(-48.0903350251787,-30.2809266306114,48.7444785526812));
#14864=CARTESIAN_POINT('',(-48.9851092596864,-29.0898614511681,51.0075994899785));
#14865=CARTESIAN_POINT('',(-34.9195823234046,-47.8129747441483,15.4321579137773));
#14866=CARTESIAN_POINT('',(-35.0334795151561,-47.9726774990173,15.4711766495277));
#14867=CARTESIAN_POINT('',(-49.0990064486746,-29.2495642021625,51.0466182247822));
#14868=CARTESIAN_POINT('',(-65.7370754332333,-26.0754137007433,15.471176648581));
#14869=CARTESIAN_POINT('',(-65.6231782442452,-25.9157109497491,15.4321579137773));
#14870=CARTESIAN_POINT('',(-56.7888776737402,-28.1152188617278,32.2172879436334));
#14871=CARTESIAN_POINT('',(-56.9027748627284,-28.274921612722,32.2563066784371));
#14872=CARTESIAN_POINT('',(-32.7340225015041,-49.3716775124488,15.4321579137773));
#14873=CARTESIAN_POINT('',(-32.8479196932556,-49.5313802673178,15.4711766495277));
#14874=CARTESIAN_POINT('',(-23.3066594452707,-44.5932856796786,62.5088374099018));
#14875=CARTESIAN_POINT('',(-45.9699101705884,-30.3678654794683,50.7515289223268));
#14876=CARTESIAN_POINT('',(-45.9765578511541,-30.1920736639514,50.6563825788072));
#14877=CARTESIAN_POINT('',(36.9979644979278,-20.9337669930122,61.9647143425824));
#14878=CARTESIAN_POINT('',(21.5552667458383,-22.6568649701716,59.8600785512049));
#14879=CARTESIAN_POINT('',(21.561914435809,-22.8326570343971,59.9552250293365));
#14880=CARTESIAN_POINT('',(26.4959252271522,-22.2821192975802,60.6276654159988));
#14881=CARTESIAN_POINT('',(-32.3634776563671,-48.4798624164679,16.3372591728416));
#14882=CARTESIAN_POINT('',(-32.3701253551522,-48.3040701191581,16.2421125685544));
#14883=CARTESIAN_POINT('',(-43.6529297759579,-33.2851359691176,44.7793120089349));
#14884=CARTESIAN_POINT('',(-46.5549255814939,-29.5891315368143,52.2311880829554));
#14885=CARTESIAN_POINT('',(33.8919124636751,-16.7894902279874,69.8386688274308));
#14886=CARTESIAN_POINT('',(11.6314411826212,-27.3766895308521,51.8331163174669));
#14887=CARTESIAN_POINT('',(33.8919124636751,-16.7894902279874,69.8386688274308));
#14888=CARTESIAN_POINT('',(9.7445835471531,-28.2740891227393,50.3069170827201));
#14889=CARTESIAN_POINT('',(33.8919124636751,-16.7894902279874,69.8386688274308));
#14890=CARTESIAN_POINT('',(2.20916384801575,-31.8579750691882,44.2118352057739));
#14891=CARTESIAN_POINT('',(33.8919124636751,-16.7894902279874,69.8386688274308));
#14892=CARTESIAN_POINT('',(0.322306232226399,-32.755374651716,42.6856359869444));
#14893=CARTESIAN_POINT('',(33.8919124636751,-16.7894902279874,69.8386688274308));
#14894=CARTESIAN_POINT('',(-8.90720047057741,-37.1449774456549,35.2202788756672));
#14895=CARTESIAN_POINT('',(33.8919124636751,-16.7894902279874,69.8386688274308));
#14896=CARTESIAN_POINT('',(-14.0700960967427,-39.6004782427392,31.044231247264));
#14897=CARTESIAN_POINT('',(33.8919124636751,-16.7894902279874,69.8386688274308));
#14898=CARTESIAN_POINT('',(-34.0430188376824,-49.2786609557065,14.978749319183));
#14899=CARTESIAN_POINT('',(35.8155096205945,-17.7107319380496,68.002190348968));
#14900=CARTESIAN_POINT('',(7.6683913279092,-42.4524675431041,15.4036853197349));
#14901=CARTESIAN_POINT('',(7.63762278026278,-42.2678562572259,15.333174064712));
#14902=CARTESIAN_POINT('',(-77.0850069146397,-56.3882945397403,15.333174064712));
#14903=CARTESIAN_POINT('',(-28.9658577333153,-48.3684363428354,15.333174064712));
#14904=CARTESIAN_POINT('',(-28.9350891347017,-48.5530479345166,15.4036854365346));
#14905=CARTESIAN_POINT('',(-77.0542383669933,-56.5729058256185,15.4036853197349));
#14906=CARTESIAN_POINT('',(22.99319307914,-23.8556789835916,57.4062737238243));
#14907=CARTESIAN_POINT('',(22.9624244805264,-23.6710673919104,57.3357623520018));
#14908=CARTESIAN_POINT('',(24.2561311586912,-22.1011423502659,60.8815850014746));
#14909=CARTESIAN_POINT('',(24.2868997573048,-22.2857539419471,60.9520963732972));
#14910=CARTESIAN_POINT('',(36.3636732072601,-17.2973617714492,68.1754648957251));
#14911=CARTESIAN_POINT('',(-12.0689241146184,-40.3321642781876,29.0003880730856));
#14912=CARTESIAN_POINT('',(36.3636732072601,-17.2973617714492,68.1754648957251));
#14913=CARTESIAN_POINT('',(-6.90602848375668,-37.8766634833525,33.176435697005));
#14914=CARTESIAN_POINT('',(36.3636732072601,-17.2973617714492,68.1754648957251));
#14915=CARTESIAN_POINT('',(2.32347822744278,-33.4870606934344,40.6417928002668));
#14916=CARTESIAN_POINT('',(36.3636732072601,-17.2973617714492,68.1754648957251));
#14917=CARTESIAN_POINT('',(4.21033584494851,-32.5896611117286,42.1679920174576));
#14918=CARTESIAN_POINT('',(36.3636732072601,-17.2973617714492,68.1754648957251));
#14919=CARTESIAN_POINT('',(11.7457555509405,-29.0057751685624,48.2630738878597));
#14920=CARTESIAN_POINT('',(36.3636732072601,-17.2973617714492,68.1754648957251));
#14921=CARTESIAN_POINT('',(13.6326131881249,-28.1083755774973,49.7892731209679));
#14922=CARTESIAN_POINT('',(36.3636732072601,-17.2973617714492,68.1754648957251));
#14923=CARTESIAN_POINT('',(36.3944418058737,-17.4819733631304,68.2459762675477));
#14924=CARTESIAN_POINT('',(36.6623891136268,-17.3718919855833,67.8499824850317));
#14925=CARTESIAN_POINT('',(-12.0896493141533,16.2028404153342,8.49997238019197));
#14926=CARTESIAN_POINT('',(-12.5986400720944,16.2028404153342,8.49997238019197));
#14927=CARTESIAN_POINT('',(-12.0896493141533,16.2028404153342,8.49997238019197));
#14928=CARTESIAN_POINT('',(9.60136023509559,-3.79642690009267E-7,39.99999971425));
#14929=CARTESIAN_POINT('',(9.50000032689582,-4.07908494537423E-7,41.799999714251));
#14930=CARTESIAN_POINT('',(9.50000032689582,-15.5000004079101,41.799999714251));
#14931=CARTESIAN_POINT('',(3.2689559392729E-7,-4.07908494537423E-7,41.799999714251));
#14932=CARTESIAN_POINT('',(-22.3712385917813,38.9383400953452,108.099999729064));
#14933=CARTESIAN_POINT('',(-35.9445569866846,30.6343651811215,108.099999729064));
#14934=CARTESIAN_POINT('',(6.94900435661894,-45.6186223345804,-1.50000027093634));
#14935=CARTESIAN_POINT('',(6.3399887063342,-29.3299952721484,-1.50000027093634));
#14936=CARTESIAN_POINT('',(5.6356608609012,45.6147748728567,-1.50000027093634));
#14937=CARTESIAN_POINT('',(6.33999885485229,29.3299965729241,-1.50000027093634));
#14938=CARTESIAN_POINT('',(7.04241161719504,-48.116876741896,12.9999997290637));
#14939=CARTESIAN_POINT('',(5.52763358079034,48.1124398036975,12.9999997290637));
#14940=CARTESIAN_POINT('',(-6.87399008833511,-14.0002881693385,45.9999737283037));
#14941=CARTESIAN_POINT('',(6.40000032690061,-8.00000056162849,30.7999997290637));
#14942=CARTESIAN_POINT('',(11.0972985011585,17.4452148332703,31.8304323508096));
#14943=CARTESIAN_POINT('',(11.0972985011585,17.4452148332703,31.8304323508096));
#14944=CARTESIAN_POINT('',(11.0972985011585,17.4452148332703,31.8304323508096));
#14945=CARTESIAN_POINT('',(12.5972985011585,-24.960215559997,50.605581054093));
#14946=CARTESIAN_POINT('',(12.5972985011585,-21.3509713463025,58.7573968769611));
#14947=CARTESIAN_POINT('',(37.6933319330765,-20.1765649756784,61.409904028184));
#14948=CARTESIAN_POINT('',(-14.3090334676726,-20.8813749045043,59.8180238963407));
#14949=CARTESIAN_POINT('',(12.5972985011585,10.9983610150105,81.4492252082119));
#14950=CARTESIAN_POINT('',(12.5972985011585,21.6250180051084,57.67633991798));
#14951=CARTESIAN_POINT('',(12.5972985011585,18.0975982434055,57.7650718294074));
#14952=CARTESIAN_POINT('',(12.5972985011585,17.4452148332703,31.8304323508096));
#14953=CARTESIAN_POINT('',(-3.11186608912277,22.3840160369503,55.978386352136));
#14954=CARTESIAN_POINT('',(-6.41503291988459,10.998361143032,81.4492252654384));
#14955=CARTESIAN_POINT('',(35.2229852130671,36.4246486555724,59.7220963260463));
#14956=CARTESIAN_POINT('',(-16.5986400723044,-11.5000005614185,52.6999997290637));
#14957=CARTESIAN_POINT('',(-15.078228788418,-11.5000005614185,52.6999997290637));
#14958=CARTESIAN_POINT('',(-16.5986400723044,-11.5000005614185,54.2893191860831));
#14959=CARTESIAN_POINT('',(-18.1104080833815,-11.6618892665622,54.0833831618436));
#14960=CARTESIAN_POINT('',(-16.5986400723044,-11.5000005614185,128.799999729064));
#14961=CARTESIAN_POINT('',(-16.5986400723044,11.4999997460215,54.5090190733295));
#14962=CARTESIAN_POINT('',(-18.0786077016494,11.8483476873964,54.3420901419243));
#14963=CARTESIAN_POINT('',(6.40000032690058,11.4999997458115,56.9669168922679));
#14964=CARTESIAN_POINT('',(4.92003269755558,11.8483476871864,56.7999879608627));
#14965=CARTESIAN_POINT('',(-20.1972801638944,-27.7930694383002,55.1128407471072));
#14966=CARTESIAN_POINT('',(-20.1972801638944,16.9997124862015,53.9860825422954));
#14967=CARTESIAN_POINT('',(-20.1972801638944,11.198239457356,54.1320180491872));
#14968=CARTESIAN_POINT('',(-55.0623826777198,16.9997124862015,50.2599988287306));
#14969=CARTESIAN_POINT('',(8.13262569847559,16.9997124862015,57.0137403786302));
#14970=CARTESIAN_POINT('',(8.13262569847559,-27.7169571524881,58.1385839860707));
#14971=CARTESIAN_POINT('',(8.13262569847559,-8.70590766942352,57.6603627561859));
#14972=CARTESIAN_POINT('',(5.18379403699151,-6.63410483614961,57.2931008651474));
#14973=CARTESIAN_POINT('',(35.2548551360904,36.4171472603683,59.423888282767));
#14974=CARTESIAN_POINT('',(8.13262569847559,16.9997124862015,70.6999997290637));
#14975=CARTESIAN_POINT('',(8.13262569847559,16.9997124862015,52.6999997290637));
#14976=CARTESIAN_POINT('',(8.13262569847559,-4.07908494537423E-7,52.6999997290637));
#14977=CARTESIAN_POINT('',(8.13262569847559,-17.0002875137985,52.6999997290637));
#14978=CARTESIAN_POINT('',(8.13262569847559,-17.0002875137985,70.6999997290637));
#14979=CARTESIAN_POINT('',(8.13262569847559,-17.0002875137985,57.5407409486443));
#14980=CARTESIAN_POINT('',(8.13262569847559,-36.7909692271139,57.2553189390897));
#14981=CARTESIAN_POINT('',(8.13262569847559,-4.07908494537423E-7,70.6999997290637));
#14982=CARTESIAN_POINT('',(34.8695670871471,-17.0002875137985,61.1416075389558));
#14983=CARTESIAN_POINT('',(-20.1972801638944,-17.0002875137985,53.7253377563516));
#14984=CARTESIAN_POINT('',(-16.5851940682882,-17.0002875137985,52.6999997290637));
#14985=CARTESIAN_POINT('',(-20.1972801638944,-17.0002875137985,52.6999997290637));
#14986=CARTESIAN_POINT('',(-20.1972801638944,-17.0002875137985,70.6999997290637));
#14987=CARTESIAN_POINT('',(-16.5851940682882,-17.0002875137985,70.6999997290637));
#14988=CARTESIAN_POINT('',(-20.1972801638944,16.9997124862015,70.6999997290637));
#14989=CARTESIAN_POINT('',(-20.1972801638944,16.9997124862015,52.6999997290637));
#14990=CARTESIAN_POINT('',(-20.1972801638944,-36.7359547711974,53.4407091674982));
#14991=CARTESIAN_POINT('',(-20.1972801638944,-10.5000005618385,52.6999997290637));
#14992=CARTESIAN_POINT('',(-20.1972801638944,-10.5000005618385,70.6999997290637));
#14993=CARTESIAN_POINT('',(-18.0689682514562,16.9997124862015,52.6999997290637));
#14994=CARTESIAN_POINT('',(-18.0689682514562,16.9997124862015,70.6999997290637));
#14995=CARTESIAN_POINT('',(6.40000032690058,-11.5000005616285,57.386720441976));
#14996=CARTESIAN_POINT('',(4.88823231582348,-11.6618892667722,57.1807844177364));
#14997=CARTESIAN_POINT('',(35.2968888343679,37.0569815810768,61.9787742394905));
#14998=CARTESIAN_POINT('',(6.40000032690058,-11.5000005616285,52.6999997290637));
#14999=CARTESIAN_POINT('',(7.92041161078699,-11.5000005616285,52.6999997290637));
#15000=CARTESIAN_POINT('',(6.40000032690058,-11.5000005616285,128.799999729064));
#15001=CARTESIAN_POINT('',(6.40000032690058,11.4999997458115,52.6999997290637));
#15002=CARTESIAN_POINT('',(7.92041161078699,11.4999997458115,52.6999997290637));
#15003=CARTESIAN_POINT('',(6.40000032690058,11.4999997458115,128.799999729064));
#15004=CARTESIAN_POINT('',(-16.5986400723044,11.4999997460215,52.6999997290637));
#15005=CARTESIAN_POINT('',(-15.078228788418,11.4999997460215,52.6999997290637));
#15006=CARTESIAN_POINT('',(-16.5986400723044,11.4999997460215,128.799999729064));
#15007=CARTESIAN_POINT('',(7.66631301268558,0.000204849566506127,52.6999997290637));
#15008=(
GEOMETRIC_REPRESENTATION_CONTEXT(3)
GLOBAL_UNCERTAINTY_ASSIGNED_CONTEXT((#15009))
GLOBAL_UNIT_ASSIGNED_CONTEXT((#15015,#15011,#15010))
REPRESENTATION_CONTEXT('\X2\4E0A76D6\X0\2','TOP_LEVEL_ASSEMBLY_PART')
);
#15009=UNCERTAINTY_MEASURE_WITH_UNIT(LENGTH_MEASURE(0.1),#15015,
'DISTANCE_ACCURACY_VALUE','Maximum Tolerance applied to model');
#15010=(
NAMED_UNIT(*)
SI_UNIT($,.STERADIAN.)
SOLID_ANGLE_UNIT()
);
#15011=(
CONVERSION_BASED_UNIT('DEGREE',#15013)
NAMED_UNIT(#15012)
PLANE_ANGLE_UNIT()
);
#15012=DIMENSIONAL_EXPONENTS(0.,0.,0.,0.,0.,0.,0.);
#15013=PLANE_ANGLE_MEASURE_WITH_UNIT(PLANE_ANGLE_MEASURE(0.0174532925),
#15014);
#15014=(
NAMED_UNIT(*)
PLANE_ANGLE_UNIT()
SI_UNIT($,.RADIAN.)
);
#15015=(
LENGTH_UNIT()
NAMED_UNIT(*)
SI_UNIT(.MILLI.,.METRE.)
);
ENDSEC;
END-ISO-10303-21;
